,C001_L-92,C001_L-44,C001_L-3,C001_R+1,C002_L-92,C002_L-44,C002_L-3,C002_R+1,C003_L-92,C003_L-44,C003_L-3,C003_R+1,C004_L-92,C004_L-44,C004_L-3,C004_R+1,PS001_t0,PS001_t2,PS001_t3,PS004_t0,PS004_t2,PS004_t3
ABCB1,0.778968982516326,1.5486816174546332,0.0,0.0,0.0,0.0,1.4886685059552254,0.0,0.0,0.0,1.3418610037648901,2.5495194718428094,0.49907505514643524,1.1048402634756607,0.6448364740609659,1.0328490506344752,0.2891037867363008,0.26738358046858457,0.44991312482620477,0.19408957430822504,0.11396834623432973,0.12974117710862035
ABCB11,0.0,0.0,0.0,0.0,0.0,0.0,0.0,0.0,0.0,0.0,0.0,0.0,0.0,0.0,0.0,0.0,0.006895877800384122,0.016445115080476823,0.009374879191546406,0.004362671111823438,0.0004670070240352707,0.00035158089109297826
ABCB4,1.2820295279109681,0.0,0.0,0.0,0.0,0.0,0.3796761410528195,0.0,0.0,0.0,0.0,0.0,0.0,0.0,0.0,0.0,0.11791282664361523,0.19503004446758368,0.20594295941421076,0.14202779626854714,0.13314065022952398,0.1501801068712853
ABCB7,1.2820295279109681,1.5486816174546332,1.6176353973877058,1.3104754272824715,0.6386976985362087,0.9383194081038021,2.682325116560312,0.8163429357535725,0.5805842079483328,0.0,2.195711453318644,2.5495194718428094,0.8691720616623014,1.1048402634756607,1.8221301990800551,2.46804376135426,0.6831367821760166,0.8496150232162114,0.9307827462659417,0.552405600070332,0.49187976991140464,0.45328472748763315
ABCC2,0.0,0.0,0.0,0.0,0.0,0.0,0.3796761410528195,0.0,0.0,1.2216015423540714,0.3286030448632194,0.0,0.0,0.0,0.35814981818366254,0.43155551601218267,0.21328381731041995,0.3254877336586677,0.31512216664420645,0.1711030418926754,0.20980144204987927,0.22488365840054192
ABCC3,1.2820295279109681,0.0,0.0,1.6872170042245511,1.417255380068077,0.0,1.3249538882172842,0.8163429357535725,1.5761925874697504,0.0,1.0166298238559357,1.7770288060001032,1.7990222214011768,0.6556955771400196,0.8838890586853935,1.4559832619066744,1.1090529299830993,0.897231904934631,1.0263539055172322,1.0870078962658805,1.25050080742754,0.8926435968745914
ABCC4,0.0,0.9728752321750834,1.6176353973877058,0.0,1.417255380068077,0.9383194081038021,0.9283887299237805,2.4765422453574897,0.5805842079483328,1.873462469399275,1.8310535482077521,0.0,0.49907505514643524,0.6556955771400196,0.6448364740609659,2.048997287629237,0.21771587657976893,0.2032187003841586,0.3483026823299204,0.1704147934073326,0.8207018126943725,0.2501648404300438
ABCC8,0.0,0.0,0.0,0.0,0.0,0.0,0.0,0.0,0.0,0.0,0.0,0.0,0.0,0.0,0.0,0.0,0.006311698465843413,0.004721966590036446,0.005946347690859342,0.0026630927765934316,0.006397219016093447,0.0057802773045510115
ABCC9,0.0,0.0,0.0,0.0,0.0,0.0,0.0,0.0,0.0,0.0,0.0,0.0,0.0,0.0,0.0,0.0,0.0036728514563920327,0.002198131552452845,0.0011542769991431086,0.0003873722011451058,0.0029789009545654714,0.002803345310002567
ABCG2,0.0,0.0,0.0,0.0,0.6386976985362087,0.9383194081038021,0.0,0.0,0.5805842079483328,0.0,0.8216207607735451,1.7770288060001032,0.0,0.0,0.0,1.2598737271842533,0.045034009411474084,0.06885375824524757,0.09400900488948834,0.07511567826193574,0.07814757908363414,0.06060110622396145
ABCG5,0.0,0.0,0.0,0.0,0.0,0.0,0.0,0.0,0.0,0.0,0.0,0.0,0.0,0.0,0.0,0.0,0.0050468705219808545,0.026964180908941846,0.012644285188839394,0.002128870718070772,0.0,0.0
ABCG8,0.0,0.0,0.0,0.0,0.0,0.0,0.0,0.0,0.0,0.0,0.0,0.0,0.0,0.0,0.0,0.0,0.005218689053325858,0.010904341900745348,0.009816269301003636,0.0033008870172968794,0.006344965039806115,0.0023915487362164527
ACO1,0.0,1.5486816174546332,2.0367054680925434,0.7991837328165563,0.0,0.9383194081038021,1.6356839719296479,1.3344956937165007,0.0,1.2216015423540714,0.5960703215538553,2.5495194718428094,0.49907505514643524,1.1048402634756607,1.571660878857015,1.4559832619066744,1.2554403048654443,1.320415357671683,1.4054587360412063,1.3836241213244893,1.5178199086807715,1.482321693616349
ACSL1,3.3655181657234947,5.304143570736453,5.978687507052446,6.440511933144021,4.0033255438975015,4.464326956983078,6.816208789081822,5.878509034155102,4.768665973506391,5.726562263290699,5.945416734750941,6.425457100880352,4.618151045005811,4.361962070946811,5.490500815339122,6.979323608759308,6.358605491018956,6.450643815060323,5.563881127561613,4.727599214999685,5.9843090775776115,5.07519887307051
ACSL3,0.778968982516326,0.0,3.5038044720555637,2.4437917000551366,1.079870427683663,2.480645978223324,2.54022475023367,2.015692466669394,0.9934275680204352,2.6617993554754262,1.7234149308511522,4.659465795490252,1.1634481756933626,1.4468522188078796,2.1313828111221738,3.0570041272095145,1.3968828477650743,1.2863311633016608,1.3068688258337355,0.8502633625383953,0.9082818367571045,0.8385379535603651
ACSL4,0.0,3.534837558101131,4.294139085579917,3.7636216032436143,1.5603387724303865,3.0583783601290637,4.158562155092297,2.6614203334475666,1.79795654173978,4.390999050174095,3.9616620140975556,5.315969739290511,3.077162490921044,3.709608441843729,3.514235642132786,5.246439124342582,2.272626426070505,1.9877065033478203,2.19100668910934,1.3711462067587445,1.1573865520837665,1.4241535208054896
ACSL5,1.9499519661523377,1.5486816174546332,3.365863908016573,3.304714818680092,1.417255380068077,2.480645978223324,3.450834095031518,1.3344956937165007,1.3140375758440468,1.2216015423540714,3.1993578937441893,4.3517392679306965,2.1065015418894144,2.154535221217732,2.1313828111221738,3.603831928634998,2.5259911645325026,2.5623083744869475,2.8254172760689933,2.149860905048818,2.039254226084924,1.8686907157412633
ACSL6,0.0,0.9728752321750834,0.0,1.3104754272824715,0.8760824601886417,1.9064611676220895,2.7484495217471303,1.714931113429805,0.0,1.2216015423540714,1.8310535482077521,0.0,0.0,0.6556955771400196,0.8838890586853935,1.4559832619066744,0.6680628321517467,0.7451452376948621,1.2261940620039549,0.6399887429042566,0.2958793325205347,0.4617192298772468
ADCY1,0.0,0.0,0.0,0.0,0.0,0.0,0.0,0.0,0.0,0.0,0.0,0.0,0.0,0.0,0.0,0.0,0.00670223071055601,0.006415201530064139,0.01566469425119884,0.002639720828894016,0.004713223640320549,0.0027312191957256427
ADCY2,0.0,0.0,0.0,0.0,0.0,0.0,0.0,0.0,0.0,0.0,0.0,0.0,0.0,0.0,0.0,0.0,0.005064941757134427,0.002572886201405375,0.0052046303739054,0.002071808701431109,0.003113450837787502,0.0031875155821279254
ADCY3,0.0,1.959119175305102,1.0245737803502888,1.3104754272824715,0.3544087781919574,0.9383194081038021,1.7690938450839908,0.8163429357535725,0.0,1.873462469399275,1.188390806094169,1.7770288060001032,0.0,0.0,0.6448364740609659,1.9220058302027458,0.9284703843083907,1.1051617795821809,1.1108776839040244,0.7118041168454474,0.7580754325379783,0.5376966358354491
ADCY4,0.0,0.0,0.0,0.0,0.0,0.0,0.3796761410528195,0.0,0.0,0.0,0.3286030448632194,0.0,0.0,0.0,0.0,0.0,1.629226042983038,1.80512733083907,1.555364628819965,1.0948373490194165,2.02354989465037,1.4778586243473677
ADCY5,0.0,0.0,0.0,0.0,0.0,0.0,0.0,0.0,0.0,0.0,0.0,0.0,0.0,0.0,0.0,0.0,0.039456804737920244,0.054470931077119755,0.07441418609925265,0.017758037031868807,0.032076292450835105,0.020366361739771806
ADCY6,0.0,0.0,0.0,0.0,0.0,0.0,0.0,0.0,0.0,0.0,0.0,0.0,0.0,0.0,0.0,0.0,0.11747483204056104,0.18616836993010683,0.20441119674368766,0.04830106361319594,0.07818119769885787,0.055827441307047615
ADCY7,2.1951966572272386,3.855837975067619,5.091677196189718,3.506097696069994,1.417255380068077,2.221932315030708,4.341073791957712,2.8252753004922777,1.79795654173978,3.8400145548913565,3.553786334703628,5.315969739290511,2.4715461643723966,2.6272281056900177,3.617209252814423,4.870051135535627,3.9644910504499657,3.7681631474465838,4.162145571288675,3.0137266552262383,2.6493878286617374,2.796194872759825
ADCY8,0.0,0.0,0.0,0.0,0.0,0.0,0.0,0.0,0.0,0.0,0.0,0.0,0.0,0.0,0.0,0.0,0.002813438934559493,0.0027539272872239245,0.0012856444360484316,0.0,0.0004151277039311146,0.0006249771577789209
ADCY9,1.6543037799267732,1.5486816174546332,2.361047706483753,0.7991837328165563,0.3544087781919574,0.0,0.9283887299237805,0.0,0.5805842079483328,1.2216015423540714,0.8216207607735451,0.0,0.0,0.0,0.6448364740609659,0.43155551601218267,0.4516241746019412,0.42914994195907685,0.5458646099089114,0.41128630836828434,0.32562703566484114,0.2715033667745694
ADORA2A,0.0,0.0,0.0,0.0,0.0,0.0,0.0,0.0,0.0,0.0,0.0,0.0,0.0,0.0,0.0,0.0,3.298903142423625,3.482551454807441,3.358482067124812,2.5698628977190547,2.8716780838408975,2.5096553091064893
ADORA2B,0.0,0.0,0.0,0.7991837328165563,0.0,0.0,0.3796761410528195,0.0,0.0,1.2216015423540714,0.5960703215538553,0.0,0.0,0.0,0.0,0.763304398099488,0.38516815282688205,0.39599394237848223,0.5751738640489334,0.3948378751535254,0.38169203206306107,0.3387142083478372
ADRA1A,0.0,0.0,0.0,0.0,0.0,0.0,0.0,0.0,0.0,0.0,0.0,0.0,0.0,0.0,0.0,0.0,0.001679213865182466,0.0,0.0021087746581326403,0.003300354439965551,0.0027222481771285887,0.0
ADRA1B,0.0,0.0,0.0,0.0,0.0,0.0,0.0,0.0,0.0,0.0,0.0,0.0,0.0,0.0,0.0,0.0,0.025732034378797595,0.03290119341428977,0.05484556035287765,0.010382172902643884,0.0642125185156396,0.051883515199353275
ADRA1D,0.0,0.0,0.0,0.0,0.0,0.0,0.0,0.0,0.0,0.0,0.0,0.0,0.0,0.0,0.0,0.0,0.020802710081481237,0.0,0.026080054540058226,0.005874450382390974,0.007531545610338381,0.009913947611530416
ADRB1,0.0,0.0,0.0,0.0,0.6386976985362087,0.0,0.0,0.0,0.0,0.0,0.3286030448632194,0.0,0.49907505514643524,0.0,0.0,0.763304398099488,0.8410271091561761,0.9877654313074306,1.5974215228505737,0.5727587288111174,0.5787754801190889,0.1763866072919585
ADRB2,2.404746480548279,3.1213448643359447,3.629699453273197,3.304714818680092,0.8760824601886417,1.5021214401172056,1.891204456093566,0.8163429357535725,1.3140375758440468,2.6617993554754262,2.728471223848147,4.169153252948675,1.1634481756933626,1.4468522188078796,2.730231379638207,3.5618509884068086,5.4566616097001415,5.548975993158341,5.993280351679099,4.086894137599965,4.538711971839265,4.1228383459457145
ADRB3,0.0,0.0,0.0,0.0,0.0,0.0,0.0,0.0,0.0,0.0,0.0,0.0,0.0,0.0,0.0,0.0,0.0,0.0,0.0,0.0,0.0,0.02238912036709705
AGTR1,0.0,0.0,0.0,0.0,0.0,0.0,0.0,0.0,0.0,0.0,0.0,0.0,0.0,0.0,0.0,0.0,0.013216914684151933,0.0,0.0,0.007440954007576613,0.01428415635889916,0.0017999804287518893
ALAS2,7.396789499066115,7.135437543168519,6.829659983218738,6.614050699110477,8.354720768233426,8.209681827709563,8.146617933296726,8.074733440104257,9.079606438339912,9.443632510065724,8.519814025107122,7.496754112299654,7.95270851720848,8.561749353689066,8.501936897609632,7.821785264674782,6.128588295089528,4.3256382598277145,5.723506684676854,6.549405802482829,4.780252348086017,5.318457849748456
ALOX15,1.9499519661523377,2.760538253857838,1.6176353973877058,3.304714818680092,1.079870427683663,1.9064611676220895,1.4886685059552254,1.3344956937165007,0.0,0.0,0.0,2.5495194718428094,0.0,0.6556955771400196,0.35814981818366254,1.0328490506344752,0.2522569926095496,0.38559780034054364,0.3043650126544166,2.4059569723823464,2.4243121049476324,2.2989075401310526
ALPL,3.1497383185906034,3.1213448643359447,5.001385600617666,4.441168483285044,4.540828544155388,2.480645978223324,5.142400068730204,4.827499777062755,5.344699837496492,4.642527265330111,4.64644491733141,5.401300615282924,4.13194227341281,1.7231222006017402,3.008007350306571,3.4740364122708227,4.77544567410286,5.479369623475363,3.8170501584325205,3.483918938360906,5.253607370303834,3.7176161096139455
APP,2.587684024944611,2.2782802488562335,3.365863908016573,2.6277968769031386,0.8760824601886417,2.480645978223324,3.369123403337608,2.015692466669394,1.3140375758440468,2.320820742876321,2.1128196935784125,3.420722897812127,1.1634481756933626,1.7231222006017402,1.571660878857015,3.3313986310618082,1.140333674408987,0.8891285005160123,1.0058167460338128,0.7398455110292615,0.6490056047252004,0.5074546948576651
AQP1,0.0,0.0,0.0,1.3104754272824715,1.6905031159365846,0.9383194081038021,1.3249538882172842,0.0,1.3140375758440468,0.0,0.5960703215538553,0.0,1.4077490220026418,0.0,0.35814981818366254,0.0,0.9541657807752439,0.48211100400568296,1.1027857681192479,1.1058925890897713,0.3056822449250303,0.5928325376136492
AQP4,0.0,0.0,0.0,0.0,0.0,0.0,0.0,0.0,0.0,0.0,0.0,0.0,0.0,0.0,0.0,0.0,0.0,0.0,0.006090993529981223,0.0,0.0,0.0
AQP8,0.0,0.0,0.0,0.0,0.0,0.0,0.0,0.0,0.0,0.0,0.0,0.0,0.0,0.0,0.0,0.0,0.005044958436920027,0.04171370911622011,0.02516929976585033,0.016937262200135896,0.016299335430319844,0.009225286972265385
AQP9,5.675626602694772,6.469399282646518,6.955227180358175,7.060488622975604,5.44640902856343,5.336307313358055,7.013989193679659,6.364926269334703,6.446407068932462,6.9948646067564875,6.814132604282079,7.437385338988198,6.023756816301799,5.50156332730901,6.106625270026395,7.353041981368108,6.462770541897681,6.855105177699038,5.822796418632772,5.321488005782891,6.526417859060061,5.557554070639951
ASPH,0.0,2.2782802488562335,2.361047706483753,1.985669903319494,0.0,0.0,1.1402545070427756,0.8163429357535725,0.5805842079483328,2.6617993554754262,1.3418610037648901,3.049907561866346,1.1634481756933626,1.4468522188078796,1.2683775744302532,2.7923719044984896,0.5653856300588518,0.7240180538272478,0.8406847825880489,0.3346540797188263,0.44968391595324214,0.4288327464815553
ATG5,1.6543037799267732,2.760538253857838,3.0427332692291826,2.4437917000551366,0.6386976985362087,1.5021214401172056,2.9303768044304275,1.3344956937165007,0.9934275680204352,1.873462469399275,1.931215886788905,3.7154520670374778,0.8691720616623014,2.4862001462110053,1.2683775744302532,3.116217167394099,1.022729994994395,0.9798658452831829,1.2645844699924584,0.6845781935378248,0.6434175438047284,0.6165929509786042
ATG7,1.9499519661523377,2.9521916457892705,2.849228617248894,2.4437917000551366,1.258403008772257,3.0583783601290637,1.6356839719296479,2.015692466669394,2.5739917539361548,1.2216015423540714,2.348444572537594,3.420722897812127,2.762625283789231,2.329877683566856,2.2213058670245185,3.3313986310618082,1.3206695159915234,1.4504696233851688,1.4175906124360838,0.9359062541086399,1.2745717887158643,0.9844858152787495
ATOX1,3.553183846680444,4.269947199528768,4.0457377516248485,4.171741248147674,2.2923287832847583,3.4697871666946534,2.682325116560312,1.714931113429805,2.5739917539361548,4.296366647131362,3.584873836910438,5.024743028866573,3.6039875051989676,4.096810762655655,2.903224107043078,4.564661784592496,1.6729231273138592,1.9757255557984261,2.0506549266822502,1.2712523510330775,1.66303486784372,1.3530917637925857
ATP12A,0.0,0.0,0.0,0.0,0.0,0.0,0.0,0.0,0.0,0.0,0.0,0.0,0.0,0.0,0.0,0.0,0.012430954805598892,0.0024871818499171065,0.010416076231984839,0.0,0.0016862315999493867,0.007600863289752592
ATP1A1,3.868111786194997,4.035973459901941,4.801847510589416,4.229802561109316,2.2923287832847583,4.202386247576195,4.5030677230364,2.6614203334475666,3.0758441510216397,3.968330428818324,4.160483717521591,4.3517392679306965,3.274925153291889,4.096810762655655,3.7740117360955163,4.8174995521185755,4.768210796002712,4.7589267318335775,4.852203637314564,4.089354077528843,4.072817537422984,3.5757600776138063
ATP1A2,0.0,0.0,0.0,0.0,0.0,0.0,0.0,0.0,0.0,0.0,0.0,0.0,0.0,0.0,0.0,0.0,0.05410718229700986,0.019936426718208493,0.0030076806545800278,0.012071170795829386,0.0019424636160946967,0.007297921938888464
ATP1A3,0.0,0.0,0.0,0.0,0.0,0.0,0.3796761410528195,0.0,0.0,0.0,0.0,0.0,0.0,0.0,0.0,0.43155551601218267,0.95784701133622,0.9356083471706589,0.981933003687344,0.6082973498936834,0.7236537914914688,0.510559933502562
ATP1A4,0.0,0.0,0.0,0.0,0.0,0.9383194081038021,0.0,0.0,0.0,0.0,0.0,0.0,0.0,0.0,0.0,0.0,0.028001722013944116,0.013467748290445442,0.002365623004751365,0.04381076792053956,0.08603519089638978,0.05087206642480672
ATP1B1,0.0,0.9728752321750834,1.0245737803502888,0.0,0.6386976985362087,0.0,0.3796761410528195,0.0,0.9934275680204352,1.2216015423540714,0.8216207607735451,0.0,0.0,0.6556955771400196,0.35814981818366254,1.2598737271842533,0.7449567270150907,0.5646630208828116,0.7824085649273732,0.3263348504147421,0.32963569801996995,0.2811676561423911
ATP1B2,0.778968982516326,0.0,0.0,0.0,0.8760824601886417,0.0,0.3796761410528195,0.0,0.0,1.2216015423540714,0.0,0.0,0.0,0.0,0.35814981818366254,0.0,0.3111496642037925,0.3706341263545532,0.45425171166281125,0.25804970871266814,0.1864574536338077,0.23240534646520064
ATP1B3,2.8959108918582372,2.9521916457892705,4.0457377516248485,3.59714312921981,1.079870427683663,1.9064611676220895,4.03153086483591,2.2644411900445665,2.311397783481028,2.320820742876321,3.1586118530349063,4.3517392679306965,1.9609379974868322,2.982674902628524,3.4412624743056814,4.8174995521185755,2.5926986123974918,2.377617985381197,2.493004228202778,1.6590385812298645,1.8523944250025912,1.6562675347942892
ATP1B4,0.0,0.0,0.0,0.0,0.0,0.0,0.0,0.0,0.0,0.0,0.0,0.0,0.0,0.0,0.0,0.0,0.0,0.0,0.007897083494189147,0.0,0.017782975118671683,0.0
ATP2A1,0.0,0.0,0.0,0.0,0.0,0.0,0.0,0.0,0.0,0.0,0.0,0.0,0.0,0.0,0.0,0.0,0.29529397199748814,0.5653807553661494,0.45414746022963387,0.3336767556664055,0.4765092301701277,0.3408072073116419
ATP2A2,2.1951966572272386,2.2782802488562335,4.0457377516248485,3.0705890618495357,1.079870427683663,2.221932315030708,3.4900170586275063,2.2644411900445665,1.3140375758440468,1.873462469399275,3.0734958976588387,3.420722897812127,1.9609379974868322,2.154535221217732,2.6021856789205122,3.3313986310618082,2.3703010091808383,2.1152963143156467,2.5241966022630753,1.8158786908305444,1.566805414264664,1.4528273436540529
ATP2A3,4.066079864114289,4.702184202118619,5.134788671714505,5.248148270420411,3.4257485729005692,4.202386247576195,4.559414233443316,4.085736326221887,3.8457185419008333,4.642527265330111,4.353362607848973,5.699638278767004,3.211969003752437,3.505478853405364,4.353527310460055,5.336341426590209,5.699323972563774,5.960741051487458,5.61461267974872,5.14725784823403,5.654733398207618,4.884373245500724
ATP2B1,1.9499519661523377,3.9487153667437527,4.43876960606843,3.4089172367881933,1.9201467576335653,2.8902642881649134,4.5220954652746554,2.4765422453574897,2.159688238940048,4.086159985917163,3.674308435975715,5.12848921242707,2.928448911844235,2.4862001462110053,3.2408379943251244,4.231358246245434,2.2620031114857158,2.0631715675919944,2.4936294026399013,1.7422735914466858,1.2294094973956344,1.6194505741783223
ATP2B2,0.0,0.0,0.0,0.0,0.0,0.0,0.0,0.0,0.0,0.0,0.0,0.0,0.0,0.0,0.0,0.0,0.0072794049595096225,0.012006588715609815,0.006966762275996089,0.004240536581139806,0.007307898042443209,0.0019079139242523238
ATP2B3,0.0,0.0,0.0,0.0,0.0,0.0,0.0,0.0,0.0,0.0,0.0,0.0,0.0,0.0,0.0,0.0,0.012215876236803966,0.004883888520129979,0.014055481224528269,0.0034422577549705377,0.00991330284460096,0.019832409290539303
ATP2B4,2.750013302872432,2.9521916457892705,3.7454846828203165,3.59714312921981,1.8098893648091707,2.699944212963963,3.892224789080365,2.8252753004922777,1.3140375758440468,3.3679835115927603,3.3874289549242067,3.7154520670374778,1.7990222214011768,2.154535221217732,2.2213058670245185,3.603831928634998,2.8798802120648404,2.7126265928267195,3.188323375286647,2.0678727228553067,2.1872863461796603,1.92829451439129
ATP4A,0.0,0.0,0.0,0.0,0.0,0.0,0.0,0.0,0.0,0.0,0.0,0.0,0.0,0.0,0.0,0.0,0.05287311567433247,0.02324016222088904,0.024389046050372228,0.012325622380659948,0.0236245498088366,0.044145359800993954
ATP4B,0.0,0.0,0.0,0.0,0.0,0.0,0.0,0.0,0.0,0.0,0.0,0.0,0.0,0.0,0.0,0.0,0.02114922000162405,0.016892774781674943,0.06964855428891259,0.0,0.0,0.030030342959856383
ATP5F1A,5.144185088327082,5.876882856584366,6.333523693415406,6.229042390670876,3.75817203666331,5.461589082992828,5.998181959713638,4.57459182124835,4.235448996412318,5.652085431773745,5.7048542802979405,6.384130514789659,5.090200236988161,5.59038572531462,5.167552508158192,6.484887087213729,5.073666017741193,5.430506076749488,5.343034663255972,4.324284975054289,4.780740533346228,4.070475200040519
ATP5F1B,5.526756265216502,6.500413273784913,6.571776960723575,7.052466995947228,4.734355370855362,5.78296897903358,6.503234686403023,5.369104812469007,5.587010766017101,6.290187803553123,6.109401299762487,7.375468220885316,5.718728652287659,6.210869344405923,5.791390519496817,7.083140620197032,7.211596319969322,7.623069402689689,7.229674435707493,6.513086431134162,7.134210669970089,6.213409499045892
ATP5F1C,3.1497383185906034,4.90122659474661,4.570212874819176,4.668109929740234,2.519503269110555,3.9690781224458176,4.857862974258484,2.8252753004922777,2.895479278944795,4.5634588153136955,3.8636640120207795,6.6160025369849444,3.211969003752437,4.83885171400988,3.5836947744374292,5.12195343254044,3.5046458141186196,3.912285792325998,4.070088735111711,2.9573983296664044,3.2981949366511936,2.8131347190181315
ATP5F1D,5.457930767999429,6.500413273784913,5.602304864198426,5.99796720115746,3.8446020479277196,5.6576374660872,4.930873395285774,4.377425765556538,4.869916690495968,5.532624140633064,4.4910149015713845,6.685691304661716,4.962152124528264,5.768446487900371,4.657249450850823,6.130107508470432,6.071721917050857,6.676859757620866,5.917966341457638,5.303156053829728,6.126966663357107,5.228726355058498
ATP5F1E,6.806905893289535,7.8463310458770685,7.198145591186407,6.768938300841479,5.880685612535551,7.196635069164151,7.18789573867194,5.496152983273335,6.761732981890715,7.581078548242323,6.836908567314932,8.750250530011774,6.622644765401901,7.615094260607613,6.389629126331393,7.943258682650577,6.305667800428935,6.597986972395488,6.488614621400552,5.899248150191371,6.7047198317666075,5.999470163133982
ATP5MC1,4.126460480438361,4.118253597392234,4.43876960606843,4.5815685003304285,2.519503269110555,3.0583783601290637,3.282505496537904,2.6614203334475666,2.689299537324389,4.086159985917163,3.4895265110466736,5.12848921242707,2.762625283789231,3.9963668934573215,2.9565668232694784,4.7813706342183435,4.046560905757741,4.752914470395236,4.519126698896786,3.631174144840934,4.406284952110901,3.6875646474891104
ATP5MC2,6.488195511305088,7.4924236345565225,6.906303805308581,7.21939372186344,4.9183129212408385,6.682414668931711,6.464413919750736,5.5903045987767435,5.51067470811789,6.835730056121274,6.032559205382608,7.943375297572851,5.8485749219345164,6.513078925278477,5.8276321474192985,7.427985670245617,3.164026765074527,3.7526201558647347,3.5418369442687894,2.7203857329555987,3.3714403755450597,2.7426616363903444
ATP5MC3,4.889286951773702,5.646743513888953,6.114109749388772,5.70232577484683,3.462656501023155,3.9690781224458176,5.461073905110753,4.57459182124835,3.6317396813398,5.100194042461717,5.202086688478365,6.384130514789659,4.230526463807203,5.173842779920873,4.353527310460055,6.063973843805721,4.874132996396623,5.44773125996429,5.3264294871223035,4.24885357823874,4.871060005009319,4.237701373490805
ATP5ME,2.404746480548279,3.7565674132255027,1.6176353973877058,1.3104754272824715,0.3544087781919574,2.699944212963963,2.7484495217471303,1.3344956937165007,2.159688238940048,3.543054901661274,1.0166298238559357,3.7154520670374778,2.2387148801794945,2.982674902628524,1.2683775744302532,3.603831928634998,4.936746284275992,5.780947830877849,5.414683544735113,4.328197390286819,5.367724007451571,4.544170055895407
ATP5MF,1.9499519661523377,0.0,2.0367054680925434,2.232839243769332,0.8760824601886417,0.9383194081038021,2.986255187113425,1.3344956937165007,1.3140375758440468,1.873462469399275,1.188390806094169,2.5495194718428094,1.1634481756933626,1.4468522188078796,1.8221301990800551,2.374133452792312,3.634070458133498,4.1825810722454895,4.021444192612216,3.0674476985651427,3.76906290995718,3.0563979775291585
ATP5MG,1.2820295279109681,2.2782802488562335,2.849228617248894,1.3104754272824715,1.417255380068077,2.480645978223324,3.601558793025819,1.3344956937165007,1.990130089653629,2.320820742876321,1.4805637768110693,3.9600647363637895,0.0,2.6272281056900177,1.2683775744302532,2.863217932099475,2.586197880394077,3.108690043575454,2.940544527340539,2.0010816157254516,2.7523889430709545,2.2537624095527677
ATP5MGL,0.0,0.0,0.0,0.0,0.0,0.0,0.0,0.0,0.0,0.0,0.0,0.0,0.0,0.0,0.0,0.0,0.30044474342241634,0.4289238401587809,0.6613701813154353,0.0687141424518121,0.40983514992380315,0.3188351060319071
ATP5PB,3.719224066963968,5.701151567525935,5.332908916063005,5.382196764886758,2.715724521858564,4.877996168741621,5.369489792340034,3.719729411091365,3.7426926178053495,5.308505854938432,4.974521033547236,6.991115962820221,3.7879048797403967,5.173842779920873,4.09267414358737,5.862566934392723,4.564457435345716,5.026684993187448,4.957259945617241,3.7801105859342408,4.38047318670681,3.8118306319092405
ATP5PD,4.395427317419317,4.8051353066608335,4.747331375901955,4.441168483285044,2.1182064330134267,4.339293312424946,4.206399897905,3.6339017719752906,3.572890076871973,4.5634588153136955,3.5220141720456435,5.315969739290511,3.652211204799602,4.620022594190176,3.514235642132786,5.136327619375086,3.970089780667341,4.498576394724524,4.300592341257819,3.3996318621548443,4.213860494335527,3.427903798491713
ATP5PF,3.4624002997678582,3.7565674132255027,3.7454846828203165,3.0705890618495357,1.9201467576335653,3.9690781224458176,4.18267929646747,2.4765422453574897,2.796069496231372,4.1950884327136375,3.1993578937441893,5.315969739290511,3.004721035493838,4.440521146664017,2.6676286425376645,4.852745766147195,2.120458114566101,2.295026484272445,2.5419013566015027,1.5625721454065757,2.041249992394835,1.6827036283955972
ATP5PO,0.778968982516326,1.959119175305102,2.361047706483753,0.7991837328165563,0.3544087781919574,1.5021214401172056,2.4635561289458807,0.0,1.3140375758440468,1.2216015423540714,0.5960703215538553,1.7770288060001032,0.8691720616623014,1.1048402634756607,0.8838890586853935,2.374133452792312,3.64601284877688,4.250370432413117,4.208938582593549,3.0859922403282334,3.853346987005625,3.3073235981009694
ATP6AP1,3.4624002997678582,4.471217660077241,5.091677196189718,4.536269851348431,2.715724521858564,3.0583783601290637,4.577717748963023,3.950262601137287,3.9418750042766586,3.968330428818324,4.260144095726737,3.9600647363637895,3.7440765820679713,3.8884030605698454,3.8605148481726874,5.219689065305643,6.189093144512592,6.37701613311809,5.802759324879441,5.47941166291802,6.28799119670293,5.418847715498409
ATP6V0A1,1.6543037799267732,1.5486816174546332,3.5038044720555637,1.3104754272824715,0.3544087781919574,0.0,2.1082057292064054,0.0,2.159688238940048,1.2216015423540714,2.4191466555702945,3.049907561866346,1.6166098130615996,1.954894810214772,2.30595136818803,3.0570041272095145,2.9343296656702846,2.9186590993691257,2.733770818009232,2.190627501512632,2.9236398225702733,2.1914299975101317
ATP6V0A2,0.778968982516326,1.5486816174546332,2.361047706483753,0.0,1.079870427683663,1.5021214401172056,2.54022475023367,1.714931113429805,0.9934275680204352,2.320820742876321,1.8310535482077521,3.049907561866346,0.49907505514643524,0.6556955771400196,1.7023242894113075,2.5562129137112657,1.7039467498587901,1.9549667829975763,2.2502673368507837,1.3789443668577013,1.2760320698368552,1.2909256621491594
ATP6V0A4,0.0,0.0,0.0,0.0,0.0,0.0,0.0,0.0,0.0,0.0,0.0,0.0,0.0,0.0,0.0,0.0,0.004285832998443243,0.0068304318401252555,0.0044855000300744585,0.0012053037730491158,0.03495701938338777,0.007838842993850828
ATP6V0B,5.828847979545652,7.033103931333313,6.491128553109348,7.247773037928827,4.640834550773623,4.965217412719567,6.071053572800491,5.635172201680854,6.263120230205448,6.801682864570924,6.496223995013439,7.8092990270023845,6.005310080153022,6.457490428048102,6.094777929184972,7.383488200207126,7.58129098295937,8.436536659411878,7.3339066980908765,6.819617095657045,8.238982657001445,7.128685205158462
ATP6V0C,0.0,0.0,0.0,0.0,0.0,0.0,0.0,0.0,0.0,0.0,0.3286030448632194,0.0,0.0,0.0,0.0,0.0,7.856226307788788,8.078796606188142,7.4077521225003595,7.488788123425642,7.881383197827868,7.200447462481431
ATP6V0D1,4.923723050283884,5.7790997098583,6.370064935518267,6.440511933144021,3.728171782407974,3.6906216356885135,4.46424240238661,4.706580640080291,4.9414482490565605,5.613353786013488,5.846269987046345,5.481865046719168,5.207803993425696,5.028818528263492,5.784031648827124,6.732044727964593,4.910013053421343,5.487280529383726,4.548004984691701,4.10143997589442,5.431228471087911,4.112583378137422
ATP6V0D2,0.0,0.0,0.0,0.0,0.0,0.0,0.0,0.0,0.0,0.0,0.0,0.0,0.0,0.0,0.0,0.0,0.004390603384012903,0.000478165499765505,0.0015054744182634292,0.0006736591842621736,0.004207753688629109,0.0017071260906593648
ATP6V0E1,5.983761196895598,7.043670177853514,6.44048279997699,6.881889419698813,5.045402730512145,5.9843167406999385,6.434597071529282,5.5903045987767435,6.020450109973519,6.8689922341620715,6.251799747649797,7.777733091965554,6.068867403534408,6.494786384411203,5.855983895625358,7.241116321706447,3.4568784135656254,4.202605784716261,3.5524385552535382,2.7019592962009207,3.9587777293101296,2.9984789585611353
ATP6V0E2,3.4624002997678582,3.9487153667437527,4.43876960606843,3.6827823639920108,2.2078929212058513,3.4697871666946534,3.862673479157744,2.4765422453574897,1.79795654173978,2.9373957716654355,2.9355949367686454,4.7917702549512144,2.5752363254798323,2.154535221217732,2.0354800822716066,3.4740364122708227,2.678394221278418,3.5700013890957547,3.361046831501694,2.317237489807341,3.041933319768885,2.0813873528689903
ATP6V1A,2.8959108918582372,3.409728150685769,4.905063555258249,4.625488026476303,1.9201467576335653,2.8902642881649134,4.403972122414253,2.4765422453574897,3.51153744870796,4.1950884327136375,4.4910149015713845,5.12848921242707,3.335248518904519,2.755689454691158,3.7740117360955163,5.12195343254044,3.3912233077641276,3.0798678871587,3.3065043214955043,2.6141467887613077,2.4859754622019947,2.5410018010269977
ATP6V1B1,0.0,0.0,0.0,0.0,0.0,0.0,0.0,0.0,0.0,0.0,0.0,0.0,0.0,0.0,0.0,0.0,0.05104879042902335,0.047848950057887314,0.07734213807626306,0.013267305035672663,0.05040348287824377,0.008250938332530662
ATP6V1B2,5.3095700340600835,5.946102649419643,6.677608468277589,6.881889419698813,4.212808834567437,4.5230018072212745,5.855451693373644,4.788308787321414,5.462855879608213,5.762406820976876,6.398996008475028,6.542775863357607,5.6251810103787845,5.50156332730901,5.944458379879599,7.026389079272447,6.540408605310842,6.652865045141177,6.1393917262445745,5.534248403393462,6.398526523273602,5.3763320630616604
ATP6V1C1,2.587684024944611,2.5394670210513364,3.213326474361309,2.79096599955042,1.079870427683663,2.221932315030708,3.8016904822171584,2.2644411900445665,0.9934275680204352,3.1686945578360515,2.4191466555702945,4.5137917748669985,1.4077490220026418,2.154535221217732,2.53363247320621,3.5618509884068086,2.3989768981003805,2.669366983655504,2.505951887387518,1.8521866549886166,2.3330172028504816,1.744677789317074
ATP6V1C2,0.0,0.0,0.0,0.0,0.0,0.0,0.0,0.0,0.0,0.0,0.0,0.0,0.0,0.0,0.0,0.0,1.6079764963938217,1.6543851281302744,1.8526341224587703,1.1003923799885729,1.285828305855345,1.090778923149501
ATP6V1D,2.750013302872432,2.9521916457892705,2.849228617248894,2.79096599955042,0.8760824601886417,2.480645978223324,2.8722466344687336,1.714931113429805,2.5739917539361548,2.6617993554754262,2.6125733248662963,3.9600647363637895,1.7990222214011768,3.178755179854226,1.571660878857015,3.428039799371029,1.7936545463951212,1.9844690448124414,1.9127379949701249,1.3686230946492794,1.666256673927092,1.3735758311860882
ATP6V1E1,3.719224066963968,5.116705476491936,4.570212874819176,4.668109929740234,2.2923287832847583,4.051111824729866,4.749012840543626,3.3407386755801904,4.03202109206558,4.086159985917163,4.507333428669074,6.205859457065175,3.9510049752838072,4.047462794276299,3.7740117360955163,5.397291633224088,3.368480619355997,3.737481265472569,3.2491494900033575,2.864073201359851,3.5954917255175634,2.8411378444806794
ATP6V1E2,0.0,0.0,0.0,0.0,0.0,0.9383194081038021,0.6799637694923305,0.0,0.0,0.0,0.5960703215538553,0.0,0.49907505514643524,1.1048402634756607,1.0889042054110372,1.4559832619066744,0.6219538593343883,0.8208757817852923,1.00220563653055,0.395999424361217,0.43471308563084515,0.43785944561296825
ATP6V1F,4.990223313404077,5.876882856584366,5.632699770130443,6.15605371487118,3.348973315045383,4.339293312424946,5.040509996297234,4.429300420620137,4.602075015861024,5.208106474360359,4.986211419242452,6.297746812415608,4.5936645935204075,5.445520581633699,4.430955263666019,6.0714735268336115,5.714305972191655,6.330515376674361,5.666645829549197,4.98720260739065,5.887340048002192,4.9946430783158
ATP6V1G1,3.6385913422068916,5.076107747082184,5.001385600617666,4.935679062035721,2.833123706396149,4.877996168741621,5.379957674143801,3.800736500702485,3.688282515046723,4.296366647131362,4.570822071557619,7.097220890974141,3.6039875051989676,5.103152174203463,4.624662775899035,6.234009204648949,3.9145932240381835,4.241908809075007,4.270244860467312,3.3386397689035214,3.668833939607494,3.4485138024575823
ATP6V1G2,0.0,0.0,0.0,0.0,0.0,0.0,0.0,0.0,0.0,0.0,0.0,0.0,0.0,0.0,0.0,0.0,2.395114911134915,3.0849656675300063,2.731695915574761,2.001243788166192,2.771124953128367,1.8929310853851666
ATP6V1G3,0.0,0.0,0.0,0.0,0.0,0.0,0.0,0.0,0.0,0.0,0.0,0.0,0.0,0.0,0.0,0.0,0.014979516331720035,0.017902529444837164,0.00472032729100067,0.0,0.0,0.0
ATP6V1H,1.6543037799267732,2.9521916457892705,1.6176353973877058,3.0705890618495357,0.6386976985362087,2.699944212963963,2.682325116560312,0.0,0.9934275680204352,2.6617993554754262,2.9355949367686454,2.5495194718428094,0.8691720616623014,2.154535221217732,2.1313828111221738,3.5186117390979774,0.919044838496222,1.1455405149300795,1.075580549068067,0.6267465673680218,0.7939308313349174,0.5555305320572743
ATP7A,0.778968982516326,1.5486816174546332,2.6256892999462913,2.79096599955042,0.6386976985362087,1.5021214401172056,2.54022475023367,0.8163429357535725,0.5805842079483328,1.873462469399275,1.7234149308511522,1.7770288060001032,0.49907505514643524,0.6556955771400196,1.427974120830572,2.639302615833334,1.016232431618416,0.8147546626305385,1.1492008239360212,0.5710466915050851,0.48637560236279254,0.6242515916407242
ATP7B,0.0,0.0,0.0,0.0,0.0,0.0,0.3796761410528195,0.0,0.0,0.0,0.0,1.7770288060001032,0.49907505514643524,0.0,0.35814981818366254,0.0,0.21579785860958858,0.16682854268344993,0.22731226927186235,0.10549437733286676,0.08861517912084145,0.07338441188473645
AVPR1A,0.0,0.9728752321750834,1.0245737803502888,0.7991837328165563,0.3544087781919574,0.0,0.0,0.0,0.0,0.0,0.0,0.0,0.0,0.0,0.0,0.0,0.2058566532904311,0.055637420633428976,0.16843152021241206,0.24446940846567064,0.050372415034089346,0.11581951724453318
AVPR1B,0.0,0.0,0.0,0.0,0.0,0.0,0.0,0.0,0.0,0.0,0.0,0.0,0.0,0.0,0.0,0.0,0.060689914501981274,0.03660910991443149,0.0609748387354383,0.0,0.005017355122106315,0.0075475765167250155
BAAT,0.0,0.0,0.0,0.0,0.0,0.0,0.0,0.0,0.0,0.0,0.0,0.0,0.0,0.0,0.0,0.0,0.002135583748121505,0.02282954359583195,0.07071341697260741,0.008977915481069498,0.01722625442950443,0.01039901724190349
BDKRB1,0.0,0.0,0.0,0.0,0.0,0.0,0.0,0.0,0.0,0.0,0.0,0.0,0.0,0.0,0.0,0.0,0.010421604962987175,0.0,0.03888184517665015,0.0,0.008456253421935872,0.006370532092600837
BDKRB2,0.0,0.0,0.0,0.0,0.0,0.0,0.0,0.0,0.0,0.0,0.0,0.0,0.0,0.0,0.0,0.0,0.011779197869703084,0.0,0.01267712004902958,0.0,0.006834078972627432,0.016408600229935993
BGLAP,0.0,0.0,0.0,0.0,0.0,0.0,0.0,0.0,0.0,0.0,0.0,0.0,0.0,0.0,0.0,0.0,2.7016776850479314,3.28293346919777,2.7846149552030637,2.2572460178563434,3.340126403899825,2.786585907541038
BOLA3,0.778968982516326,3.272730234058528,2.6256892999462913,2.4437917000551366,1.079870427683663,1.5021214401172056,1.4886685059552254,0.8163429357535725,1.5761925874697504,2.320820742876321,1.6070932723624687,2.5495194718428094,1.6166098130615996,1.954894810214772,1.571660878857015,1.4559832619066744,0.7196504606808031,1.0557995435645717,1.2159767331286286,0.6364014277817882,0.5533723004526754,0.6158230573161476
CA2,1.6543037799267732,2.5394670210513364,3.5038044720555637,3.9128615342720674,1.079870427683663,2.480645978223324,1.7690938450839908,0.8163429357535725,1.79795654173978,2.9373957716654355,2.783105938085808,2.5495194718428094,2.1065015418894144,1.954894810214772,2.84783310192576,2.374133452792312,1.4438559191568645,1.4236373296773392,1.406264540610686,1.4642082039329765,1.3524195592151618,1.2859407244960488
CACNA1A,0.0,0.0,0.0,0.7991837328165563,0.0,0.0,0.9283887299237805,0.0,0.9934275680204352,0.0,0.3286030448632194,0.0,0.0,0.0,0.6448364740609659,0.43155551601218267,0.06094385940944748,0.09345808869332717,0.07446173012533694,0.05051395638448998,0.09876085370280495,0.04668675892735894
CACNA1B,0.0,0.0,0.0,0.0,0.0,0.0,0.0,0.0,0.0,0.0,0.3286030448632194,0.0,0.0,0.0,0.0,0.0,0.011307904518933931,0.012876973271953192,0.008462306001302482,0.0038674235472181,0.01069960406248659,0.006584688638590305
CACNA1C,0.0,0.0,0.0,0.0,0.0,0.0,0.0,0.8163429357535725,0.0,0.0,0.0,0.0,0.0,0.0,0.0,0.0,0.023390068528785012,0.03213131933694257,0.03978118018844942,0.014158858817456328,0.015319148311373652,0.018697263964206054
CACNA1D,0.0,0.0,1.0245737803502888,0.0,0.0,0.0,0.3796761410528195,0.0,0.0,0.0,0.0,0.0,0.49907505514643524,0.0,0.6448364740609659,0.0,0.07834845916355711,0.08938058809806965,0.09061377415917056,0.036196510827453614,0.04060393291383511,0.043364944662115386
CACNA1E,0.0,0.0,1.0245737803502888,0.0,0.6386976985362087,0.9383194081038021,0.3796761410528195,0.8163429357535725,0.0,0.0,0.3286030448632194,0.0,0.0,1.1048402634756607,0.0,1.4559832619066744,0.15991588812756202,0.18031338595667165,0.14428266501783882,0.10181302554867984,0.1736800941374932,0.11128456328899344
CACNA1F,0.0,0.0,0.0,0.0,0.0,0.0,0.0,0.0,0.0,0.0,0.0,0.0,0.49907505514643524,0.0,0.0,0.0,0.3199808743152495,0.2901908169938193,0.3803094323611383,0.1913251296891316,0.1895576553728911,0.16691721537427237
CACNA1G,0.0,0.0,0.0,0.0,0.0,0.0,0.0,0.0,0.0,0.0,0.0,0.0,0.0,0.0,0.0,0.0,0.003992078635174223,0.002389287454851216,0.007511869115579941,0.00756073693967463,0.003237868799717576,0.0042640983754985455
CACNA1H,0.0,0.0,0.0,0.0,0.0,0.0,0.0,0.0,0.0,0.0,0.0,0.0,0.0,0.0,0.0,0.0,0.1432536487998557,0.2472385000212381,0.26868829514208886,0.17267696080508224,0.12519587344706562,0.10960875515642815
CACNA1I,0.0,0.9728752321750834,2.0367054680925434,0.7991837328165563,0.0,1.5021214401172056,1.4886685059552254,1.3344956937165007,0.0,1.2216015423540714,0.3286030448632194,1.7770288060001032,0.0,0.0,0.6448364740609659,2.048997287629237,0.3999902572988251,0.6074766178034494,0.6802523328288801,0.5403774821456503,0.5401860165112863,0.402683980934211
CACNA1S,0.0,0.0,0.0,0.0,0.0,0.0,0.0,0.0,0.0,0.0,0.0,0.0,0.0,0.0,0.0,0.0,0.0009144364996905371,0.00437069702089251,0.003442559998884797,0.0023109181826894572,0.005182693960379152,0.001116307745165711
CALB1,0.0,0.0,0.0,0.0,0.0,0.0,0.0,0.0,0.0,0.0,0.0,0.0,0.0,0.0,0.0,0.0,0.23495373960440116,0.14410903736145594,0.2968367899508723,0.22676375327758053,0.21120661703772098,0.2227118398754686
CALB2,0.0,0.0,0.0,0.0,0.0,0.0,0.0,0.0,0.0,0.0,0.0,0.0,0.0,0.0,0.0,0.0,0.025019578228408248,0.07596342437962748,0.07964790101339973,0.0,0.0051070352123717445,0.0012832358379792146
CALCA,0.0,0.0,0.0,0.0,0.0,0.0,0.0,0.0,0.0,0.0,0.0,0.0,0.0,0.0,0.0,0.0,0.11285116584097361,0.0,0.08585291401951925,0.009859098407681339,0.09217279134612544,0.0
CALCB,0.0,0.0,0.0,0.0,0.0,0.0,0.0,0.0,0.0,0.0,0.0,0.0,0.0,0.0,0.0,0.0,0.059333540108952997,0.05692279924694355,0.0727909950810107,0.014198044932326804,0.02119755699474389,0.024591453369145616
CALCR,0.0,0.0,0.0,0.0,0.0,0.0,0.0,0.0,0.0,0.0,0.0,0.0,0.0,0.0,0.0,0.0,0.0031051875965263614,0.0026539053278388353,0.003342657740439591,0.00037421396780416155,0.0010798483058126734,0.0016255205799206593
CALCRL,0.778968982516326,0.9728752321750834,1.0245737803502888,0.0,0.0,0.9383194081038021,0.3796761410528195,0.0,0.0,0.0,0.0,2.5495194718428094,0.0,1.1048402634756607,0.35814981818366254,0.43155551601218267,0.07269085678468747,0.025997166474885616,0.15361988111169939,0.03391855154775567,0.014657370261812611,0.01899587069072267
CALM1,6.22377255051233,7.184005066520704,7.432153295882167,7.31637104260821,5.104981814232204,6.351096995204198,7.047207859626994,5.9334307292138275,5.819947250627442,6.63766874673252,6.67298727915169,7.824826719861581,5.649142712758474,5.913216334402716,5.977092716691096,7.280476807560045,7.161363703561251,7.5622118906695865,7.512211081266986,6.292835113236025,6.872742589168968,6.105761875126338
CALM2,5.0223581997196005,5.618750171009855,6.45756302774033,5.660717372684858,3.666232279758714,4.27246317536943,6.749153635881482,4.377425765556538,5.196636088852741,5.689804387638136,5.491758521404495,6.6160025369849444,5.072588889073765,5.263011699204343,4.608089198829092,6.534570076082393,6.149200417389079,6.46101116047727,6.275014499417819,5.096468491840192,5.626006847513006,5.296178385930369
CALM3,4.957356309724782,5.923396409279482,6.217995254554273,6.06329478200818,4.076585488638963,5.461589082992828,5.738299244942583,4.865654234189642,4.869916690495968,5.762406820976876,5.065494505593029,6.1576236476932795,4.665911341129355,5.241230810126491,5.255315486746144,6.374021070677381,7.006791705616461,7.4240822866613385,6.992428559934366,6.341925277973963,7.13815914522947,6.142068244453699
CALML3,0.0,0.0,0.0,0.0,0.0,0.0,0.0,0.0,0.0,0.0,0.0,0.0,0.0,0.0,0.0,0.0,0.4942476488998455,0.0,0.045546136543381875,0.0,0.0,0.0
CALML4,0.0,0.0,0.0,0.0,0.0,0.0,0.0,0.0,0.0,0.0,0.0,0.0,0.0,0.0,0.0,0.0,4.0081641504292165,4.3273855736902975,4.042154017918122,3.053274716766929,3.5345347845825836,3.0968656612325316
CALML5,0.0,0.0,0.0,0.0,0.0,0.0,0.0,0.0,0.0,0.0,0.0,0.0,0.0,0.0,0.0,0.0,0.0,0.0,0.0928293140295184,0.0,0.0,0.0
CALML6,0.0,0.0,0.0,0.0,0.0,0.0,0.0,0.0,0.0,0.0,0.0,0.0,0.0,0.0,0.0,0.0,0.27651929597330926,0.2656781252174536,0.6633683035101542,0.32109455348180616,0.22812295139384706,0.22361160165152447
CAMK1,3.3655181657234947,2.760538253857838,2.849228617248894,3.59714312921981,1.417255380068077,2.480645978223324,3.1419712115854304,2.015692466669394,2.311397783481028,0.0,3.2775520685968074,3.420722897812127,2.762625283789231,3.178755179854226,2.9565668232694784,3.999417288790498,3.8070560471288766,4.124816120166546,3.96024294050529,3.1441916110143375,3.5101517577842993,3.007339046008162
CAMK1D,2.8959108918582372,3.272730234058528,3.8526638448021586,4.171741248147674,2.3720949532136775,2.221932315030708,3.0400497510186075,2.8252753004922777,3.310076073762689,3.6991619288169963,4.0082727590291505,3.7154520670374778,2.928448911844235,3.178755179854226,3.7740117360955163,4.543246221850358,1.3846742867148933,1.579469816844294,1.2763596849953913,0.7547173609827178,1.1860631189352706,0.8847479456593846
CAMK1G,0.0,0.0,0.0,0.0,0.0,0.0,0.0,0.0,0.0,0.0,0.0,0.0,0.0,0.0,0.0,0.0,0.0,0.002638367173989331,0.0,0.0,0.00178877021289574,0.006721487454067384
CAMK2A,0.0,0.0,0.0,0.0,0.0,0.0,0.0,0.0,0.0,0.0,0.0,0.0,0.0,0.0,0.0,0.0,0.029844666085358837,0.01681249433406922,0.03969135612365368,0.025973786928791896,0.030245664294192346,0.018859034745835463
CAMK2B,0.0,0.0,0.0,0.0,0.0,0.0,0.0,0.0,0.0,0.0,0.0,0.0,0.0,0.0,0.0,0.0,0.01806809368812241,0.010160227501387242,0.014908838845901164,0.010971851190795846,0.006435625487332039,0.007610148448521595
CAMK2D,1.9499519661523377,2.9521916457892705,2.6256892999462913,2.232839243769332,0.8760824601886417,2.480645978223324,3.282505496537904,0.8163429357535725,0.5805842079483328,1.873462469399275,2.728471223848147,3.9600647363637895,1.7990222214011768,2.982674902628524,2.385904598926052,3.2805367638464173,0.43551872104082007,0.509670509050027,0.7288173686940367,0.3301338467812341,0.24653699670243084,0.28378075456588603
CAMK2G,2.750013302872432,3.6499580469104904,3.8526638448021586,3.19239608436163,1.417255380068077,2.480645978223324,3.450834095031518,3.105906934592934,2.5739917539361548,2.320820742876321,3.702928965099616,3.049907561866346,1.9609379974868322,2.154535221217732,2.6676286425376645,3.999417288790498,3.6836290895412147,4.119322973089321,3.865602138912267,2.828895564228804,3.623258198902701,2.9368828819373953
CAMK4,2.404746480548279,3.534837558101131,4.1333771324307795,2.937541518793577,1.9201467576335653,2.8902642881649134,3.7050921600689803,2.015692466669394,1.3140375758440468,2.6617993554754262,2.5509349493943185,3.7154520670374778,1.4077490220026418,1.954894810214772,2.385904598926052,3.5618509884068086,0.5893090383741092,0.9386268035565495,1.3850002352210709,0.4475315907941801,0.4465579730747006,0.4071721650018688
CAMLG,2.404746480548279,3.272730234058528,3.5038044720555637,2.937541518793577,1.079870427683663,3.208931071539349,4.319483174672657,2.6614203334475666,2.311397783481028,2.9373957716654355,3.0734958976588387,5.401300615282924,2.4715461643723966,2.6272281056900177,2.6021856789205122,3.8677769952612713,2.673979220922847,3.1017475521960147,2.993431628041742,2.0706400602402533,2.464056560093419,2.0895964514284904
CASQ1,0.0,0.0,0.0,0.0,0.0,0.0,0.0,0.0,0.0,0.0,0.0,0.0,0.0,0.0,0.0,0.0,0.1296534864368726,0.2036672547883268,0.06517784290512153,0.10541351485410136,0.28545311920473637,0.1855595832510074
CASQ2,0.0,0.0,0.0,0.0,0.0,0.0,0.0,0.0,0.0,0.0,0.0,0.0,0.0,0.0,0.0,0.0,0.003879840620815144,0.0,0.0,0.0,0.0015742607938881096,0.0005927609498310485
CASR,0.0,0.0,1.0245737803502888,0.0,0.0,0.0,0.0,0.0,0.0,0.0,0.0,0.0,0.0,0.0,0.0,0.0,0.03419923132579387,0.04010113297645065,0.04733903599514138,0.0057179133540319485,0.007995566145409253,0.007149793804432042
CCKAR,0.0,0.0,0.0,0.0,0.0,0.0,0.0,0.0,0.0,0.0,0.0,0.0,0.0,0.0,0.0,0.0,0.0,0.0,0.0,0.0,0.0,0.0
CCKBR,0.0,0.0,0.0,0.0,0.0,0.0,0.0,0.0,0.0,0.0,0.0,0.0,0.0,0.0,0.0,0.0,0.01078898891907558,0.0,0.0,0.0,0.0,0.0033014915642998036
CCS,2.8959108918582372,3.272730234058528,3.7454846828203165,3.304714818680092,2.1182064330134267,2.699944212963963,2.986255187113425,2.2644411900445665,2.5739917539361548,2.9373957716654355,2.6125733248662963,3.9600647363637895,2.3598224076432173,3.0840437003091448,2.84783310192576,3.5186117390979774,2.9714791772775846,3.411489972389394,3.0794873438748938,2.3679552947487723,3.0956459782980374,2.257749885428863
CD38,0.0,0.0,1.6176353973877058,1.6872170042245511,0.6386976985362087,0.0,2.296794183886463,0.8163429357535725,1.990130089653629,2.6617993554754262,1.188390806094169,2.5495194718428094,0.49907505514643524,2.329877683566856,0.35814981818366254,2.374133452792312,0.9223683732463681,0.7252857033273064,1.6836380716916641,1.1822219149693807,0.7492150159587969,0.9380395810373527
CFTR,0.0,0.0,0.0,0.0,0.0,0.0,0.0,0.0,0.0,0.0,0.0,0.0,0.0,0.0,0.0,0.0,0.004349639701996832,0.0050166650324691905,0.00253803476882176,0.0007865059343616146,0.00037840823081296965,0.0023722629170239867
CHRFAM7A,0.0,0.0,0.0,0.0,0.0,0.0,0.0,0.0,0.0,0.0,0.0,0.0,0.0,0.0,0.0,0.0,0.11181763402579388,0.08158478296185902,0.11140142305466058,0.03504882837230763,0.033736475022743156,0.019446582857587272
CHRM1,0.0,0.0,0.0,0.0,0.0,0.0,0.0,0.0,0.0,0.0,0.0,0.0,0.0,0.0,0.0,0.0,0.0,0.018124797210545607,0.006368736668291705,0.0,0.0,0.027652183734900932
CHRM2,0.0,0.0,0.0,0.0,0.0,0.0,0.0,0.0,0.0,0.0,0.0,0.0,0.0,0.0,0.0,0.0,0.0004400270105150052,0.0,0.0011050878908967913,0.0011122929416048893,0.00035681226149315344,0.0
CHRM3,0.0,0.0,0.0,0.0,0.0,0.0,0.0,0.0,0.0,0.0,0.0,0.0,0.0,0.0,0.0,0.0,0.17177175100207795,0.2588963579251574,0.4602969760805507,0.10099903577248107,0.09145422507378018,0.09231570383132501
CHRM5,0.0,0.0,0.0,0.0,0.0,0.0,0.0,0.0,0.0,0.0,0.0,0.0,0.0,0.0,0.0,0.0,0.1127849907434829,0.17380415782392436,0.24832108770642036,0.08602404561864556,0.10182996478238239,0.06831943122632009
CHRNA7,0.0,0.0,0.0,0.0,0.0,0.0,0.0,0.0,0.0,0.0,0.0,0.0,0.0,0.0,0.0,0.0,0.004004365153278209,0.0025562814709690707,0.00536222924228162,0.002925961507803919,0.003247844228593603,0.0022827583621037486
CLCN2,0.0,0.0,0.0,0.0,0.0,0.0,0.0,0.0,0.0,0.0,0.0,0.0,0.0,0.0,0.35814981818366254,0.43155551601218267,0.7422658294831055,0.8547792387788854,0.9383926960488039,0.45200495273785185,0.6121882840517203,0.3959160959755321
CNNM1,0.0,0.0,0.0,0.0,0.0,0.0,0.3796761410528195,0.0,0.0,0.0,0.0,0.0,0.49907505514643524,0.0,0.35814981818366254,0.0,0.02544573336485615,0.01831056399415799,0.06308664056899715,0.03842775303339015,0.030483412921165614,0.013103490642306726
CNNM2,0.778968982516326,0.0,2.6256892999462913,1.6872170042245511,0.3544087781919574,0.0,1.1402545070427756,0.0,0.9934275680204352,0.0,0.0,0.0,0.0,0.0,0.6448364740609659,0.43155551601218267,1.836974394102046,1.9084248070761862,1.7083947395882826,1.2979661250875691,1.6716104134763445,1.3287905177959658
CNNM3,0.778968982516326,3.1213448643359447,3.7454846828203165,2.6277968769031386,1.079870427683663,2.221932315030708,3.0400497510186075,2.6614203334475666,0.5805842079483328,2.9373957716654355,2.9830416901616887,2.5495194718428094,1.6166098130615996,1.1048402634756607,2.30595136818803,3.1730954186897997,3.9004804278663867,4.030035853552175,4.08187644738812,3.228112174034515,3.3233008872207694,3.0993170886939985
CNNM4,0.0,0.9728752321750834,1.0245737803502888,0.0,0.0,0.0,1.3249538882172842,0.8163429357535725,0.0,1.2216015423540714,1.188390806094169,2.5495194718428094,0.49907505514643524,0.6556955771400196,0.35814981818366254,1.7827476619453582,1.24267566768925,1.214721659132672,1.431232483379598,0.8739722206441097,0.6961532132001925,0.7197249245985058
COX10,0.778968982516326,0.9728752321750834,0.0,1.6872170042245511,1.079870427683663,1.9064611676220895,1.1402545070427756,1.3344956937165007,1.79795654173978,0.0,0.5960703215538553,2.5495194718428094,1.1634481756933626,1.7231222006017402,1.0889042054110372,1.9220058302027458,0.38088678454437047,0.4698828512998715,0.5217502994935423,0.23987702723367343,0.28610164541020355,0.23995399224249697
COX11,0.0,3.1213448643359447,2.849228617248894,3.19239608436163,0.3544087781919574,0.9383194081038021,2.382583329773471,1.3344956937165007,1.3140375758440468,1.873462469399275,2.195711453318644,2.5495194718428094,0.0,2.4862001462110053,1.8221301990800551,2.273681915428579,2.6941870870937343,3.092134692493428,3.4022623945969253,2.380734988796447,2.408032466130653,2.1525144382065404
COX15,2.1951966572272386,2.2782802488562335,2.849228617248894,3.0705890618495357,0.6386976985362087,1.9064611676220895,2.682325116560312,0.8163429357535725,1.5761925874697504,1.2216015423540714,2.024873399877407,3.049907561866346,1.6166098130615996,1.954894810214772,2.1313828111221738,2.930747184093644,3.0505156280497507,3.008978030180665,3.215580757135857,2.445631367928676,2.5354856603455405,2.152868090430773
COX17,2.587684024944611,3.534837558101131,2.361047706483753,2.937541518793577,0.6386976985362087,3.0583783601290637,3.2371649480696907,1.714931113429805,2.4486610864203144,1.873462469399275,2.4865451154611953,4.659465795490252,1.6166098130615996,2.4862001462110053,2.53363247320621,4.060990944431693,1.749551429738673,1.9176914362210695,2.402984064428248,1.2403326491544213,1.3363005286937848,1.329709168558254
COX19,0.778968982516326,1.959119175305102,3.213326474361309,1.6872170042245511,1.079870427683663,1.9064611676220895,2.0037812511297397,1.714931113429805,1.79795654173978,0.0,1.6070932723624687,3.7154520670374778,0.8691720616623014,1.1048402634756607,1.7023242894113075,2.273681915428579,2.7211145044405405,3.0491654758215505,2.6953324263034353,2.0866784808826293,2.741171405887415,2.094263099007852
COX4I1,6.429492043076019,7.603718494922719,7.037043288866308,6.854469817709838,4.864167178494597,6.745374219219212,6.842938735803296,5.170048498589169,6.031419697209531,6.8689922341620715,5.647112604910593,7.661473771922873,5.889383753898948,6.800538351800775,5.76172710427704,7.582945536835512,5.89373836920991,6.560904448581145,6.168878668196018,5.159451582617474,6.013609648365323,5.277270659655643
COX4I2,0.0,0.0,0.0,0.0,0.0,0.0,0.0,0.0,0.0,0.0,0.0,0.0,0.0,0.0,0.0,0.0,0.018686155797819844,0.08730613908601255,0.04648742813222949,0.007903755389584011,0.0,0.0
COX5A,4.066079864114289,5.2320635388511585,5.602304864198426,5.275972919765127,2.8884248768403054,4.202386247576195,5.166786622849084,3.800736500702485,3.7426926178053495,5.100194042461717,4.353362607848973,6.107719144635495,3.7440765820679713,4.977045950593869,4.09267414358737,5.566065131751082,3.015932824257259,3.495349795347932,3.332253932359276,2.3901641400417843,2.990464805274695,2.3343508825569868
COX5B,6.123641372618792,6.5307745559246495,6.276915578984221,6.185693754039612,4.255500817281391,5.830203943301301,5.721934720013053,4.788308787321414,5.714995212474568,6.240219967379221,5.317633807170553,7.243042253293786,5.600814597110812,6.265840832480293,5.327959011278512,6.942988667590036,6.401070644728508,7.150823659116166,6.393194795421505,5.6286890370321,6.864829950700752,5.847543488431876
COX6A1,1.2820295279109681,0.0,2.361047706483753,2.232839243769332,0.3544087781919574,1.9064611676220895,2.1082057292064054,1.3344956937165007,1.3140375758440468,2.320820742876321,1.188390806094169,3.049907561866346,0.8691720616623014,0.6556955771400196,0.6448364740609659,1.2598737271842533,5.621184477097728,6.367914420386124,5.963936452144486,4.870897308665029,6.043191372276796,5.258567918225082
COX6A2,0.0,0.0,0.0,0.0,0.0,0.0,0.0,0.0,0.0,0.0,0.0,0.0,0.0,0.0,0.0,0.0,0.371426156443071,0.12144144714755795,0.12723653356176554,0.16830185828028352,0.5618764676015006,0.0
COX6B1,6.031910688017525,6.61820320577165,6.7206914319546796,5.99796720115746,4.807909783696475,5.6576374660872,5.977652014485962,5.075544273263514,5.832545268617798,5.8648880306836535,5.877991487170969,7.071417243241306,5.9485109969940995,6.1996191502616655,5.76172710427704,7.041742437718136,4.688012463436799,5.398063006790614,4.835651269989126,4.080205684531802,5.306138266469243,4.3748725557636625
COX6B2,0.0,0.0,0.0,0.0,0.0,0.0,0.0,0.0,0.0,0.0,0.0,0.0,0.0,0.0,0.0,0.0,0.10685588732101421,0.09967910877932133,0.030629320038556833,0.061008998203193686,0.12438623870580462,0.08046283520065618
COX6C,3.0283997123322948,4.9913154013385626,4.2159961985385594,2.937541518793577,1.417255380068077,4.27246317536943,4.252702185675671,1.714931113429805,3.1582198967632786,4.71748651807887,3.0734958976588387,6.579853744832704,3.077162490921044,4.4017762649419465,2.903224107043078,5.192433628623007,2.513700439084308,2.652548446297515,2.9519886949427576,1.8743917349250219,2.2160264165593704,1.987346335730369
COX7A1,0.0,0.0,0.0,0.0,0.0,0.0,0.0,0.0,0.0,0.0,0.0,0.0,0.0,0.0,0.0,0.0,1.1640911460980192,0.8158942620217433,1.09790065482743,0.0717849066735835,0.2879166784010056,0.6362250764417375
COX7A2,4.889286951773702,5.900327078721365,5.507078060969455,4.788904231437229,3.498643732295946,5.491280497271481,5.214356863999108,3.950262601137287,5.196636088852741,5.208106474360359,4.457813441337141,7.097220890974141,5.054759895329664,5.555510205811945,4.250505780352454,6.179527464786966,2.9279628048001696,3.4073228363238632,3.3272978989061275,2.298517557962483,3.0488028972143675,2.584245784184838
COX7A2L,3.3655181657234947,4.647815820920166,4.801847510589416,3.98206502770723,2.519503269110555,4.202386247576195,4.842806802385788,3.228095571802689,3.380402432882852,4.642527265330111,3.8380878841541497,6.205859457065175,3.8717585577118325,4.585864665978,4.162440596790448,5.46718757240277,1.1983747098895923,1.514334387040422,1.6267661883782412,0.7418276420441842,0.9408402895236639,0.8920085881792855
COX7B,2.587684024944611,4.269947199528768,3.365863908016573,2.937541518793577,2.2923287832847583,3.9690781224458176,3.3264644084334267,1.714931113429805,3.572890076871973,4.479804379887264,3.0734958976588387,6.107719144635495,3.077162490921044,4.440521146664017,1.9327454013123002,5.12195343254044,2.300776817319817,2.7096854477696155,2.88679203939761,1.784730106084987,1.9533062187955075,2.2796347224891544
COX7B2,0.0,0.0,0.0,0.0,0.0,0.0,0.0,0.0,0.0,0.0,0.0,0.0,0.0,0.0,0.0,0.0,0.0026752178153274823,0.00274321406601812,0.002879830473972983,0.0009668471667470204,0.003717331090974558,0.006290870557130411
COX7C,5.385656661088016,6.979079753390461,5.473885848922383,4.668109929740234,4.100201462792712,6.575589905634255,6.319672793841621,4.267721363252273,5.290940836937531,6.712874385089943,4.7867462445434175,8.238272572933287,5.141779973812114,6.349657984352691,4.4496799454678975,7.119771494135882,4.594638118067972,5.210310929375784,5.243368234281666,4.37514371878532,5.335936956622962,4.888991590213242
COX8A,2.8959108918582372,1.959119175305102,3.213326474361309,3.4089172367881933,1.6905031159365846,2.480645978223324,2.986255187113425,1.714931113429805,1.3140375758440468,2.9373957716654355,1.6070932723624687,2.5495194718428094,2.2387148801794945,2.6272281056900177,1.9327454013123002,2.639302615833334,6.7550477927075905,7.387267750562188,6.677339100457753,5.974251667926022,7.003512290295249,6.054616255585341
COX8C,0.0,0.0,0.0,0.0,0.0,0.0,0.0,0.0,0.0,0.0,0.0,0.0,0.0,0.0,0.0,0.0,0.0,0.0,0.0,0.0,0.0,0.0
CP,0.0,0.0,0.0,0.0,0.0,0.0,0.0,0.0,0.0,0.0,0.0,0.0,0.0,0.0,0.0,0.0,1.249979236663722,1.406977411243304,1.5245100596283307,0.91597285527738,1.0437014594871554,0.8384943873504602
CSF1R,3.868111786194997,3.855837975067619,5.405118691630987,4.970152763862515,2.2923287832847583,2.480645978223324,3.4105571584071974,2.4765422453574897,4.03202109206558,3.3679835115927603,4.260144095726737,5.55816747233245,3.502417069908237,3.771701478568492,4.1849659697874495,4.7995481857282885,4.4784670969703795,3.804869285557175,3.8143350797729405,3.6291700777521347,3.0527845203275583,3.096511502722236
CXCR4,4.126460480438361,6.338212510874062,6.092403835695217,6.488867738208722,4.028161175841771,5.234646396760621,6.2866730560208905,5.258740945298994,5.215996645422249,6.265420204559499,6.232297599506981,7.661473771922873,4.381196425717779,5.103152174203463,5.586687629443661,6.566766293759947,8.352890911938193,8.320326716647557,8.11048852987025,7.731834914416626,7.763066263716307,7.780244472776351
CYBB,5.114679184145904,5.828819569335598,6.602814943098518,6.37769483897255,3.136999075404212,3.4697871666946534,5.5284920583921195,4.527768503340066,4.9414482490565605,5.1551589937047915,6.237197907235774,7.4772347231928515,5.588475306086331,6.419204667428265,5.931195104353803,7.64959837433823,6.234681416277151,5.64824683630807,6.115511897172365,5.364628458199861,4.834048766813675,4.821633690991008
CYBRD1,1.9499519661523377,2.5394670210513364,3.365863908016573,2.6277968769031386,1.8098893648091707,1.5021214401172056,2.986255187113425,2.2644411900445665,2.4486610864203144,3.1686945578360515,3.238984682575517,3.7154520670374778,2.2387148801794945,2.755689454691158,2.7902302016563167,3.5618509884068086,2.43503646090911,2.101102070602962,2.1894324087441706,1.5354010528278748,1.2359965827785213,1.3751284237660948
CYC1,3.7955877469508557,4.532517243877272,4.368265992882751,4.489502651776809,2.519503269110555,2.8902642881649134,3.565328031896477,2.8252753004922777,2.5739917539361548,4.1950884327136375,3.3874289549242067,5.12848921242707,3.3931504923979694,3.9963668934573215,3.6499628171802234,4.904051311812911,5.771603031871672,6.166578880509232,5.781931432080491,5.133497767859607,5.665577530604273,4.880548399052903
CYCS,2.8959108918582372,4.340203867960854,3.95242824295153,4.171741248147674,1.258403008772257,2.8902642881649134,4.341073791957712,2.8252753004922777,2.311397783481028,3.8400145548913565,4.053424610223746,5.401300615282924,2.928448911844235,4.096810762655655,2.9565668232694784,4.686879971534115,4.024842685461759,4.154080880726678,4.561320025915603,3.2103202818064345,3.1450725375908584,3.1714598534261245
CYP24A1,0.0,0.0,0.0,0.0,0.0,0.0,0.0,0.0,0.0,0.0,0.3286030448632194,0.0,0.0,0.0,0.0,0.0,0.07283735812989922,0.08305293504496261,0.11747403411484621,0.05900189866495302,0.018319823215647124,0.0157754341313736
CYP27B1,0.0,0.0,0.0,0.0,0.0,0.0,0.0,0.0,0.0,0.0,0.0,0.0,0.0,0.0,0.0,0.43155551601218267,0.4377763701407315,0.742961652928815,1.0278334730653076,0.5313130829493492,0.7258170513896112,0.535834987084316
CYP3A4,0.0,0.0,0.0,0.0,0.0,0.0,0.0,0.0,0.0,0.0,0.0,0.0,0.0,0.0,0.0,0.0,0.07386944171797238,0.1097896597452589,0.21367824700712545,0.07429497660866045,0.05064587267983569,0.029544480320729538
CYP7A1,0.0,0.0,0.0,0.0,0.0,0.0,0.0,0.0,0.0,0.0,0.0,0.0,0.0,0.0,0.0,0.0,0.019906118720778885,0.07020300210025011,0.09734191793558913,0.022349914620798685,0.010794845567528615,0.02024957208121046
CYSLTR1,0.0,2.5394670210513364,2.0367054680925434,2.79096599955042,0.3544087781919574,1.5021214401172056,2.8722466344687336,0.0,1.79795654173978,2.320820742876321,2.348444572537594,4.3517392679306965,1.4077490220026418,1.954894810214772,1.427974120830572,3.3313986310618082,1.3568142821779103,1.127501219215837,1.4675872921319209,0.814830117177632,0.7268024500167791,0.8466666094861508
CYSLTR2,0.0,1.959119175305102,1.6176353973877058,1.3104754272824715,0.3544087781919574,0.0,1.1402545070427756,0.0,0.0,1.2216015423540714,0.5960703215538553,2.5495194718428094,0.0,0.6556955771400196,0.35814981818366254,1.2598737271842533,0.930688900037574,0.6955431231585517,0.7696989680455155,0.5928717562163581,0.3402910795359557,0.5737312778810844
DBH,0.0,0.0,0.0,0.0,0.0,0.0,0.0,0.0,0.0,0.0,0.0,0.0,0.0,0.0,0.0,0.0,0.41168005094844057,0.6360496318771801,0.7312649340386662,0.5872017483189332,0.6773747346472038,0.5012679224481538
DIO1,0.0,0.0,0.0,0.0,0.0,0.0,0.0,0.0,0.0,0.0,0.0,0.0,0.0,0.0,0.0,0.0,0.4224353944465687,0.3100247874788627,0.7015730092522167,0.2681097656437847,0.22888763043570973,0.2891037867363008
DIO2,0.0,0.0,0.0,0.0,0.0,0.0,0.0,0.0,0.0,0.0,0.0,0.0,0.0,0.0,0.0,0.0,0.003852876874310007,0.000838947202455007,0.0004404481489374416,0.0017724590491567556,0.0014212689734238403,0.00042812403022918975
DIO3,0.0,0.0,0.0,0.0,0.0,0.0,0.0,0.0,0.0,0.0,0.0,0.0,0.0,0.0,0.0,0.0,0.0,0.0,0.0,0.0,0.0,0.0
DMP1,0.0,0.0,0.0,0.0,0.0,0.0,0.0,0.0,0.0,0.0,0.0,0.0,0.0,0.0,0.0,0.0,0.009444953998340461,0.0,0.0,0.0,0.003836732917230638,0.0
DRD1,0.0,0.0,0.0,0.0,0.0,0.0,0.0,0.0,0.0,0.0,0.0,0.0,0.0,0.0,0.0,0.0,0.0,0.0,0.0,0.0,0.0,0.0
DRD5,0.0,0.0,0.0,0.0,0.0,0.0,0.0,0.0,0.0,0.0,0.0,0.0,0.0,0.0,0.0,0.0,0.0,0.0,0.0,0.0,0.0,0.0
EDNRA,0.0,0.0,0.0,0.0,0.0,0.0,0.0,0.0,0.0,0.0,0.0,0.0,0.0,0.0,0.0,0.0,0.007274811563493605,0.0037345268293078387,0.0091312320247929,0.0017551102238558952,0.0016886524943727158,0.004445071197608157
EDNRB,0.0,0.0,0.0,0.0,0.0,0.0,0.0,0.0,0.0,0.0,0.0,0.0,0.0,0.0,0.0,0.0,0.006652572687057011,0.012904998556893161,0.03516118786501992,0.005608741211415784,0.03009689255155933,0.014679791444046453
EGF,0.0,0.0,0.0,0.0,0.3544087781919574,0.0,0.3796761410528195,0.0,0.5805842079483328,1.2216015423540714,0.5960703215538553,0.0,0.0,0.0,0.0,0.0,0.11194112557029245,0.09343564200287532,0.10104046580558353,0.09125015090222065,0.11042538682922415,0.04882040069806079
EGFR,0.0,0.0,0.0,0.0,0.0,0.0,0.0,0.0,0.0,0.0,0.0,0.0,0.0,0.0,0.0,0.0,0.0079452065386689,0.0,0.0008698804566940865,0.0,0.0011230817097585238,0.0006342063775326308
ENPP1,0.0,0.0,0.0,0.0,0.0,0.0,0.0,0.0,0.0,0.0,0.0,0.0,0.0,0.0,0.0,0.0,0.04299586395264267,0.029915746128979136,0.02856547473413664,0.01986670314257386,0.01789326754475928,0.025479610557351814
ENPP2,0.0,0.0,0.0,0.0,0.3544087781919574,1.5021214401172056,0.6799637694923305,0.0,0.0,0.0,0.0,0.0,0.0,0.0,0.35814981818366254,0.0,0.0732195907479258,0.08393754704592364,0.09070468295640238,0.03437871376266847,0.04845759584099089,0.030817437931132226
ENPP3,0.0,0.0,0.0,0.7991837328165563,0.0,0.0,0.3796761410528195,0.0,0.0,0.0,0.0,0.0,0.0,0.0,0.0,1.0328490506344752,0.1307250570047589,0.05657270811298469,0.17926261781602892,0.0428387379721629,0.07097961288662379,0.07665896530018267
EPHX1,1.2820295279109681,0.0,0.0,0.7991837328165563,0.3544087781919574,0.9383194081038021,1.3249538882172842,0.8163429357535725,0.5805842079483328,0.0,0.3286030448632194,0.0,0.49907505514643524,1.4468522188078796,0.0,1.7827476619453582,2.9769299702622085,3.566437690743358,3.5479433112903505,2.6631077565382135,2.702812663550287,2.3473113163652854
ERBB2,0.0,0.9728752321750834,0.0,0.7991837328165563,0.0,0.0,0.3796761410528195,0.0,0.0,1.2216015423540714,0.5960703215538553,0.0,0.49907505514643524,0.6556955771400196,0.35814981818366254,0.763304398099488,1.9711554110286467,2.330328927302326,2.129658893083599,1.6716013561290137,2.1312635077295563,1.647185547802088
ERBB3,0.0,0.0,0.0,0.0,0.0,0.0,0.0,0.0,0.0,0.0,0.0,0.0,0.0,0.0,0.0,0.0,0.05634449283845926,0.04414871792088912,0.1630104519660612,0.05372944231022301,0.06340878439935609,0.042079614885938116
ERBB4,0.0,0.0,0.0,0.0,0.0,0.0,0.0,0.0,0.0,0.0,0.0,0.0,0.0,0.0,0.0,0.0,0.0029797935802015597,0.0011661682237063507,0.0028790097774322363,0.0014496127987561453,0.0008834825736088825,0.0027985360546325506
F2R,0.778968982516326,2.2782802488562335,1.6176353973877058,1.6872170042245511,0.6386976985362087,0.0,1.1402545070427756,0.8163429357535725,1.5761925874697504,2.320820742876321,1.0166298238559357,1.7770288060001032,0.0,0.6556955771400196,0.8838890586853935,1.7827476619453582,2.344746136071397,1.7677268252666283,2.5022745835248648,1.569568863180044,0.8960020812773589,1.3645556241003802
FBXL5,4.622042303744888,5.501006760533107,6.217995254554273,6.200288500839784,3.498643732295946,4.27246317536943,5.762503166484113,5.2871334508685175,4.820179392554261,5.897492165562463,5.807259924909036,7.018382708359807,4.842555525780518,5.219116039921587,5.358006050313356,6.764795539297288,4.385403425540951,4.6230181746496495,4.390537000742251,3.284191326690325,4.147062429506201,3.5377557674569724
FDX1,1.9499519661523377,3.409728150685769,3.0427332692291826,2.6277968769031386,0.8760824601886417,2.699944212963963,3.3264644084334267,2.015692466669394,2.159688238940048,2.9373957716654355,2.728471223848147,3.420722897812127,2.1065015418894144,1.954894810214772,2.0354800822716066,3.380528271313887,1.1195686642276932,1.1817322999874418,1.4351751805601929,0.6762421292827535,0.7544155033834169,0.7292151413979853
FDX2,0.0,0.0,0.0,0.0,0.0,0.0,0.0,0.0,0.0,0.0,0.0,0.0,0.0,0.0,0.0,0.0,1.4309328682407316,2.1162849005126696,1.9413204450991874,0.9608853093778417,1.7544428698484449,1.2339923328332407
FDXR,0.778968982516326,0.0,0.0,1.3104754272824715,0.3544087781919574,0.9383194081038021,1.3249538882172842,0.0,0.0,1.2216015423540714,0.8216207607735451,1.7770288060001032,0.49907505514643524,0.6556955771400196,0.6448364740609659,0.0,1.347790363252416,1.4888286042293195,1.5426146547650053,1.177343788281726,1.5452765001312392,1.015033628672436
FGF1,0.0,0.0,0.0,0.0,0.0,0.0,0.0,0.0,0.0,0.0,0.0,0.0,0.0,0.0,0.0,0.0,0.0006299335445395421,0.003011985322732388,0.0047403870064032325,0.0005309193892317788,0.0005108097112061595,0.00038455825603777406
FGF10,0.0,0.0,0.0,0.0,0.0,0.0,0.0,0.0,0.0,0.0,0.0,0.0,0.0,0.0,0.0,0.0,0.002235699266363928,0.0008919719366793646,0.0,0.0006284237014380798,0.0,0.0
FGF16,0.0,0.0,0.0,0.0,0.0,0.0,0.0,0.0,0.0,0.0,0.0,0.0,0.0,0.0,0.0,0.0,0.020098058618763025,0.0,0.04996401269694253,0.005674472539366812,0.0,0.0
FGF17,0.0,0.0,0.0,0.0,0.0,0.0,0.0,0.0,0.0,0.0,0.0,0.0,0.0,0.0,0.0,0.0,0.21247720263324224,0.3021435477199298,0.2838198617074336,0.11782973224184812,0.18207314045853373,0.0621591606895785
FGF18,0.0,0.0,0.0,0.0,0.0,0.0,0.0,0.0,0.0,0.0,0.0,0.0,0.0,0.0,0.0,0.0,0.020928128698299808,0.020864851960751597,0.026237032901960975,0.03220976429450966,0.00710475949230053,0.023400714691208337
FGF19,0.0,0.0,0.0,0.0,0.0,0.0,0.0,0.0,0.0,0.0,0.0,0.0,0.0,0.0,0.0,0.0,0.0,0.0,0.0,0.0,0.0,0.0
FGF2,0.0,0.0,0.0,0.0,0.0,0.0,0.0,0.0,0.0,0.0,0.0,0.0,0.0,0.0,0.0,0.0,0.08511922401192891,0.062244971390893744,0.14796308966304622,0.05097331284873825,0.04468172036306501,0.062401794186885316
FGF20,0.0,0.0,0.0,0.0,0.0,0.0,0.0,0.0,0.0,0.0,0.0,0.0,0.0,0.0,0.0,0.0,0.0,0.0,0.0,0.0,0.0,0.0
FGF21,0.0,0.0,0.0,0.0,0.0,0.0,0.0,0.0,0.0,0.0,0.0,0.0,0.0,0.0,0.0,0.0,0.04672279477201892,0.02812977051134015,0.029518048544491016,0.0,0.019125575197463413,0.014421426887371788
FGF22,0.0,0.0,0.0,0.0,0.0,0.0,0.0,0.0,0.0,0.0,0.0,0.0,0.0,0.0,0.0,0.0,0.19421693926676026,0.3735524460542508,0.7079434915867595,0.17648107739298952,0.17017376473883342,0.20263085794959165
FGF23,0.0,0.0,0.0,0.0,0.0,0.0,0.0,0.0,0.0,0.0,0.0,0.0,0.0,0.0,0.0,0.0,0.0569492884229603,0.02753301003274281,0.0,0.0,0.004702481818707366,0.007074309930656137
FGF3,0.0,0.0,0.0,0.0,0.0,0.0,0.0,0.0,0.0,0.0,0.0,0.0,0.0,0.0,0.0,0.0,0.007043859726328566,0.0,0.0,0.011853191110243461,0.011405911293531416,0.017138721701092183
FGF4,0.0,0.0,0.0,0.0,0.0,0.0,0.0,0.0,0.0,0.0,0.0,0.0,0.0,0.0,0.0,0.0,0.0,0.018359708413492867,0.0,0.0,0.0,0.0
FGF5,0.0,0.0,0.0,0.0,0.0,0.0,0.0,0.0,0.0,0.0,0.0,0.0,0.0,0.0,0.0,0.0,0.0028532655857724408,0.0034128390442672235,0.004775055864109576,0.0,0.0,0.0023226860880903454
FGF6,0.0,0.0,0.0,0.0,0.0,0.0,0.0,0.0,0.0,0.0,0.0,0.0,0.0,0.0,0.0,0.0,0.0,0.036117016028307254,0.0,0.009629491448963844,0.012341299719729802,0.018541314569534468
FGF7,0.0,0.0,0.0,0.0,0.0,0.0,0.0,0.0,0.0,0.0,0.0,0.0,0.0,0.0,0.0,0.0,0.0010176628768623114,0.003649107317799243,0.02157452996965996,0.0077012173329188095,0.003298123370629776,0.001863061484525211
FGF8,0.0,0.0,0.0,0.0,0.0,0.0,0.0,0.0,0.0,0.0,0.0,0.0,0.0,0.0,0.0,0.0,0.032215830903106764,0.06104965659636162,0.08732270632394024,0.04859416400949004,0.43853026451147337,0.08494961728199754
FGF9,0.0,0.0,0.0,0.0,0.0,0.0,0.3796761410528195,0.0,0.0,0.0,0.0,0.0,0.0,0.0,0.0,0.43155551601218267,0.03548892346036651,0.044672628796434875,0.09694943230214705,0.03161398372733345,0.05088474002509346,0.01936445155526876
FGFR1,0.0,0.9728752321750834,1.0245737803502888,0.0,0.0,0.0,1.1402545070427756,0.0,0.0,0.0,0.8216207607735451,1.7770288060001032,0.0,1.1048402634756607,0.8838890586853935,0.0,0.6766943755885114,1.055757904139479,0.9213502540359672,0.47472156867038107,0.8615552435750472,0.536941127908179
FGFR2,0.0,0.0,0.0,0.7991837328165563,0.0,0.0,0.3796761410528195,0.0,0.0,0.0,0.3286030448632194,0.0,0.0,0.0,0.0,0.0,0.045916242486286146,0.03803337891737145,0.08005358313994261,0.051044891314960476,0.04957891340574331,0.050961893387518456
FGFR3,0.0,0.0,0.0,0.0,0.0,0.0,0.0,0.0,0.0,0.0,0.0,0.0,0.0,0.0,0.0,0.0,0.07915429467671634,0.09419863361988588,0.13837150269979367,0.0,0.0309184070136856,0.02076260795120517
FGFR4,0.0,0.0,0.0,0.0,0.0,0.0,0.0,0.0,0.0,0.0,0.0,0.0,0.0,0.0,0.0,0.43155551601218267,0.10307566313314614,0.40048655998212673,0.2955843310997492,0.1382404215338713,0.34509997075702836,0.14795527724207794
FLT1,0.0,0.0,0.0,0.0,0.0,0.0,0.3796761410528195,0.0,0.0,0.0,0.0,0.0,0.0,0.0,0.0,0.0,0.02546189245966664,0.030408970594710236,0.06518363455729638,0.019496542593146888,0.021775058785440463,0.03204779052063459
FLT4,0.0,0.0,1.0245737803502888,0.0,0.3544087781919574,0.9383194081038021,1.1402545070427756,0.0,0.0,0.0,0.5960703215538553,0.0,0.0,0.6556955771400196,0.0,1.2598737271842533,0.4812689712103467,0.8352490422056355,0.6681899412071165,0.26214446946665515,0.29853867247829363,0.22522803226254356
FTH1,9.443239773770024,10.10515082269568,10.636482367631187,10.684992735207564,9.025599672222876,9.191502673800262,10.035149988654032,9.660200293897553,9.97054432166212,10.083868088065518,10.078457597958176,10.769965170877892,9.77473975152412,9.719986764368794,9.865936797397712,10.774874228571555,10.310283309740548,11.01109444308065,9.909960567926444,9.561379602560208,10.788914049662933,9.947340333192622
FTL,10.618761408508304,11.003248596655638,11.012330610289654,11.383347687387822,9.919837481094039,10.119544765792007,10.394559510540834,10.386645506501289,10.960529004910807,10.989901986611917,10.8910335192292,11.829471896998598,10.868803278662822,10.819922395535535,10.687742213621215,11.64441910205391,12.785756914165146,13.13685817557341,12.502627963007074,12.443085996402873,13.091301491134388,12.569371464953106
FTMT,0.0,0.0,0.0,0.0,0.0,0.0,0.0,0.0,0.0,0.0,0.0,0.0,0.0,0.0,0.0,0.0,0.0,0.08149902417567487,0.0,0.0,0.0,0.0
FXN,1.2820295279109681,0.9728752321750834,2.0367054680925434,1.6872170042245511,0.3544087781919574,0.9383194081038021,1.891204456093566,0.0,0.0,0.0,1.4805637768110693,1.7770288060001032,0.0,0.0,0.35814981818366254,0.763304398099488,0.8050373298864231,1.0461557544103819,1.255555116439045,0.6006265765556867,0.7817818630171093,0.5664381778563742
FXYD1,0.0,0.0,0.0,0.0,0.0,0.0,0.0,0.0,0.0,0.0,0.0,0.0,0.0,0.0,0.0,0.0,0.5710068750853892,1.212071235167678,1.0214655135961874,0.7886948970650096,1.463946739085985,0.683442248132009
FXYD2,0.0,0.0,0.0,0.0,0.0,0.0,0.3796761410528195,0.0,0.0,0.0,0.0,0.0,0.0,0.0,0.0,0.0,0.2661004791530493,0.41327561457245165,0.4333109545659371,0.11816686640197015,0.2814311969956103,0.17855658133229843
FXYD3,0.0,0.0,0.0,0.0,0.0,0.0,0.0,0.0,0.0,0.0,0.0,0.0,0.0,0.0,0.0,0.0,0.0,0.009419857030853775,0.0,0.0,0.0,0.0
FXYD4,0.0,0.0,0.0,0.0,0.0,0.0,0.0,0.0,0.0,0.0,0.0,0.0,0.0,0.0,0.0,0.0,0.014126386250491818,0.033572417359552034,0.0,0.0,0.056435644545501,0.0
FXYD5,6.816101106977549,7.659742004290202,7.333830983878582,7.7769876909316915,5.636066928665161,7.266985194775,6.464413919750736,5.878509034155102,6.344538458672285,7.560865429306732,6.504376923824897,8.360502523296315,6.476291383987306,6.7162080671015705,6.528212665622366,7.686696092515206,6.255872689021392,6.908668823143903,6.556082955365853,5.810522794349587,6.689145376705699,5.757983300915916
GCLC,1.2820295279109681,2.760538253857838,2.0367054680925434,1.985669903319494,0.6386976985362087,2.221932315030708,2.296794183886463,1.714931113429805,1.5761925874697504,3.3679835115927603,1.8310535482077521,3.9600647363637895,0.8691720616623014,2.329877683566856,1.9327454013123002,2.5562129137112657,0.610982526830332,0.6932822057264443,1.0015572698697153,0.5068496984833879,0.2828596526816515,0.3763359531078535
GCLM,0.778968982516326,1.5486816174546332,2.6256892999462913,1.6872170042245511,0.0,1.9064611676220895,2.1082057292064054,2.4765422453574897,0.9934275680204352,2.320820742876321,1.0166298238559357,3.7154520670374778,0.8691720616623014,0.6556955771400196,1.8221301990800551,2.46804376135426,1.489193522738988,1.582888338548904,2.056007722664829,0.9890910378691394,0.9316293567954418,1.0131263362824463
GDNF,0.0,0.0,0.0,0.0,0.0,0.0,0.0,0.0,0.0,0.0,0.0,0.0,0.0,0.0,0.0,0.0,0.0,0.0,0.0,0.0,0.0,0.0
GLRX5,5.6136960485386345,5.156191976508391,5.217329210276307,4.935679062035721,5.66010023053621,5.830203943301301,6.011708061757297,4.865654234189642,6.020450109973519,6.578574580229882,5.372112657337938,6.579853744832704,4.381196425717779,5.72202272544646,5.307574260822874,5.361031358170798,3.392195132016232,3.019600513077193,3.4929939771841854,3.3287962611801865,2.6430180290695393,2.673757663651089
GNA11,0.0,0.9728752321750834,1.0245737803502888,0.0,0.6386976985362087,0.9383194081038021,0.9283887299237805,0.0,0.5805842079483328,0.0,0.0,0.0,0.0,1.7231222006017402,1.2683775744302532,0.763304398099488,0.6815581099072774,0.9187289292301712,0.7281782656286796,0.37101569371933485,0.5098103410171502,0.25732688989693203
GNA14,0.0,0.0,0.0,0.0,0.0,0.0,0.0,0.0,0.0,0.0,0.0,0.0,0.0,0.0,0.0,0.0,0.011506287261928884,0.007422711569324139,0.012594259213507339,0.006476214012496249,0.003358720866793272,0.0028901395346129367
GNA15,1.6543037799267732,0.9728752321750834,1.0245737803502888,2.4437917000551366,1.258403008772257,2.221932315030708,2.2055792899224067,1.714931113429805,1.990130089653629,0.0,2.348444572537594,3.420722897812127,2.1065015418894144,2.329877683566856,1.7023242894113075,3.603831928634998,2.496600399918802,2.8335337680927983,2.2915593571377504,1.9328473317607386,2.5371320304224327,1.7558318910833084
GNAL,0.0,0.0,0.0,0.0,0.0,0.0,0.0,0.0,0.0,0.0,0.0,0.0,0.0,0.0,0.0,0.0,1.9465624423288583,2.1132304133430657,2.0252946228939983,1.4422428724361849,1.7849227015628613,1.6235766084760224
GNAQ,2.404746480548279,1.959119175305102,4.50598768979347,3.19239608436163,2.1182064330134267,2.8902642881649134,4.134034990046426,2.6614203334475666,2.796069496231372,3.8400145548913565,3.730992740435323,5.225272759650194,3.3931504923979694,3.178755179854226,3.283212363641803,4.499437147787416,1.3689080030317717,1.3548752589864914,1.4037585369641565,0.7694992514634765,1.0842752094899102,1.0368971418860362
GNAS,6.640892381383508,7.2123796680920425,8.208439757643857,8.071044517299834,6.186720046114205,6.656440837784037,7.7883423180929,7.382703304426934,6.714870367509268,7.12446952644999,7.595139569260343,8.066043902784157,6.766504671239526,6.6761835549384685,7.509261948302339,8.12542476269422,5.613746744599572,5.719752957077605,5.557195624528546,5.5097623386358645,5.644438920867487,4.905764854380449
GPX1,8.733121010084883,8.638852478542505,8.51212460054758,8.431096729535,8.746690101106218,8.945590812907954,8.422033337560004,8.391510347184564,8.803838026661559,8.974943871379724,8.283261183979063,9.15833480124182,8.257485387063822,8.585713563587833,8.147847853297764,8.91553692747191,9.580750375766725,9.992031942738496,9.699329525673157,9.826410248874588,9.779770234276107,9.464525329877448
GPX2,0.0,0.0,0.0,0.0,0.0,0.0,0.0,0.0,0.0,0.0,0.0,0.0,0.0,0.0,0.0,0.0,1.0594245031648086,1.5799814228163889,1.7582392075623219,0.7078251370458596,0.9478568828716488,0.7063599165460288
GPX3,1.6543037799267732,0.9728752321750834,1.6176353973877058,1.6872170042245511,0.3544087781919574,0.9383194081038021,0.0,0.0,0.5805842079483328,0.0,0.3286030448632194,0.0,0.49907505514643524,1.1048402634756607,1.0889042054110372,1.4559832619066744,2.484125238426984,2.586320399307703,2.1579297573768765,1.1862913643750672,2.1250063069659677,1.5015206726412234
GPX4,5.810561892968934,6.545718905141382,6.1978079938459265,6.624910236060026,4.4333704576371025,5.54889071091061,5.1175941991528795,4.47937439017139,5.379457571360576,5.960569855171462,5.415991129690967,6.876583492306929,5.613049245232958,5.798585984681332,5.5524479958848465,6.644247015914413,6.824118647046943,7.586712209807728,7.002668770101063,6.301924138656252,7.026268908190551,6.303282110437691
GPX5,0.0,0.0,0.0,0.0,0.0,0.0,0.0,0.0,0.0,0.0,0.0,0.0,0.0,0.0,0.0,0.0,0.0,0.0,0.0,0.006182991542105239,0.0,0.0
GPX6,0.0,0.0,0.0,0.0,0.0,0.0,0.0,0.0,0.0,0.0,0.0,0.0,0.0,0.0,0.0,0.0,0.002674886610159803,0.015927116846477473,0.010053167535171258,0.0,0.0,0.003264959197677471
GPX7,1.2820295279109681,2.5394670210513364,2.361047706483753,1.6872170042245511,0.3544087781919574,2.480645978223324,2.613023774659753,0.8163429357535725,0.9934275680204352,2.6617993554754262,1.188390806094169,4.169153252948675,0.8691720616623014,1.1048402634756607,1.0889042054110372,2.165709222598074,1.9559116319625556,2.5181876417851266,2.812510547231471,1.7446218230980648,1.7425236768123447,1.6768225313952585
GPX8,0.0,0.0,0.0,0.0,0.0,0.0,0.0,0.0,0.0,0.0,0.0,0.0,0.0,0.0,0.0,0.0,0.0,0.0,0.046256494045665224,0.0,0.007566836331626391,0.005700051477104864
GRIN1,0.0,0.0,0.0,0.0,0.0,0.0,0.0,0.0,0.0,0.0,0.0,0.0,0.0,0.0,0.0,0.0,0.0895682500135058,0.052943765520987215,0.06638793090196894,0.015116577950965415,0.018160698791076034,0.027256692985331225
GRIN2A,0.0,0.0,0.0,0.0,0.0,0.0,0.0,0.0,0.0,0.0,0.0,0.0,0.0,0.0,0.0,0.0,0.006045365856124169,0.006119538825128828,0.003312877152205818,0.0018316365705815234,0.004401707103065928,0.002936428612596499
GRIN2B,0.0,0.0,0.0,0.0,0.0,0.0,0.0,0.0,0.0,0.0,0.0,0.0,0.0,0.0,0.0,0.0,0.0025730014113565184,0.0002933941384672716,0.0003080214597171275,0.0006199933545626679,0.000994046560561347,0.001272030254654059
GRIN2C,0.0,0.0,0.0,0.0,0.0,0.0,0.0,0.0,0.0,0.0,0.0,0.0,0.0,0.0,0.0,0.0,0.4267531752670808,0.5902484577490709,0.7559369748817422,0.4201945620006112,0.2446252805785253,0.41183946985814873
GRIN2D,0.0,0.0,0.0,0.0,0.0,0.0,0.0,0.0,0.0,0.0,0.0,0.0,0.49907505514643524,0.0,0.35814981818366254,0.43155551601218267,0.24919652679555052,0.3809443962673866,0.49818754076274285,0.16855218520505158,0.156844436261509,0.09231813971688851
GRIN3A,0.0,0.0,0.0,0.0,0.0,0.0,0.0,0.0,0.5805842079483328,0.0,0.0,0.0,0.0,0.0,0.0,0.43155551601218267,0.15138476613393964,0.1219943767591436,0.1689025699448322,0.11241950544206344,0.08319729849436747,0.11508865842275584
GRIN3B,0.0,0.0,0.0,0.0,0.0,0.0,0.0,0.0,0.0,0.0,0.0,0.0,0.49907505514643524,0.0,0.0,0.0,1.6957043545130581,2.1012769170525933,1.8705422711239508,1.5627968011210234,2.1434685230894015,1.397080064478774
GRM1,0.0,0.0,0.0,0.0,0.0,0.0,0.0,0.0,0.0,0.0,0.0,0.0,0.0,0.0,0.0,0.0,0.0024391788519628433,0.0011677567881685773,0.0016343687252627888,0.0005485497390857174,0.0025051987645372618,0.0017871275775484326
GRM5,0.0,0.0,0.0,0.0,0.0,0.0,0.0,0.0,0.0,0.0,0.0,0.0,0.0,0.0,0.0,0.0,0.0024937491925773516,0.0012791306896932594,0.002684491529145601,0.0006008799635069553,0.0012523027967817095,0.0014502757718354447
GRPR,0.0,0.0,0.0,0.0,0.0,0.0,0.0,0.0,0.0,0.0,0.0,0.0,0.0,0.0,0.0,0.763304398099488,0.050342043131654655,0.04976248604128487,0.033186864795987675,0.04254320514357183,0.014377147498791843,0.0
GSS,1.6543037799267732,1.959119175305102,2.0367054680925434,2.232839243769332,0.6386976985362087,1.9064611676220895,1.891204456093566,0.8163429357535725,0.9934275680204352,1.2216015423540714,1.8310535482077521,2.5495194718428094,1.4077490220026418,1.4468522188078796,1.2683775744302532,2.5562129137112657,1.8102703402818827,2.30616014487724,2.1199304844453812,1.442264108448489,1.8192144601749176,1.1548100096887886
HAMP,0.0,0.0,0.0,0.0,0.0,0.0,0.0,0.0,0.0,0.0,0.0,0.0,0.0,0.0,0.0,0.0,0.07343761135992521,0.12096790732218941,0.1439719481340271,0.10998939056884102,0.18332897658148573,0.05415692875835195
HEPH,0.0,0.0,0.0,0.0,0.0,0.9383194081038021,0.0,0.0,0.0,0.0,0.0,0.0,0.0,0.0,0.0,0.0,0.008759009024572096,0.007488173724505358,0.01177473325574114,0.0042249291977938565,0.002033977400292995,0.007641103329744496
HEPHL1,0.0,0.0,0.0,0.0,0.0,0.0,0.0,0.0,0.0,0.0,0.0,0.0,0.0,0.0,0.0,0.0,0.02845910714286076,0.04485556806835148,0.032128920772835835,0.015659699339762526,0.0196748747753181,0.005253792028998517
HFE,0.0,0.0,0.0,1.3104754272824715,0.0,0.0,0.9283887299237805,0.8163429357535725,0.0,0.0,0.0,0.0,0.0,0.0,0.0,1.0328490506344752,2.1520470949727772,2.325066867802144,2.471679115759274,1.563324116222386,2.2486441270777777,1.505799488414054
HGF,0.0,0.9728752321750834,1.0245737803502888,1.3104754272824715,0.3544087781919574,0.0,1.6356839719296479,0.8163429357535725,0.0,0.0,0.5960703215538553,2.5495194718428094,0.49907505514643524,0.6556955771400196,1.0889042054110372,1.7827476619453582,0.5133067965603361,0.27490092801142824,0.48216574495135467,0.21465452540797814,0.13786284121971087,0.17938238034033335
HJV,0.0,0.0,0.0,0.0,0.0,0.0,0.0,0.0,0.0,0.0,0.0,0.0,0.0,0.0,0.0,0.0,0.06760622833878775,0.060804720840523616,0.11684539751268555,0.023146888787897484,0.0469336841865505,0.012619830168910474
HMGCR,1.6543037799267732,1.959119175305102,3.5038044720555637,2.6277968769031386,1.5603387724303865,2.221932315030708,3.1419712115854304,2.015692466669394,2.311397783481028,2.320820742876321,2.783105938085808,3.9600647363637895,1.7990222214011768,1.7231222006017402,2.53363247320621,3.116217167394099,3.416099292677949,3.0114276530946587,3.3034140013579245,2.4412231760678016,2.246976539987808,2.3130542538085437
HMOX1,2.1951966572272386,3.9487153667437527,4.631700357644683,4.229802561109316,1.079870427683663,2.480645978223324,3.282505496537904,2.9724039108609244,2.689299537324389,2.9373957716654355,3.6451086144283975,3.9600647363637895,2.762625283789231,3.267630140916396,3.7740117360955163,4.725422011755032,4.922312041373556,4.282321181832427,3.974198886470095,4.212016744642339,4.176091348348828,3.760668059402529
HMOX2,2.587684024944611,3.1213448643359447,3.365863908016573,3.9128615342720674,2.1182064330134267,2.221932315030708,2.8722466344687336,2.2644411900445665,1.79795654173978,2.320820742876321,2.6716857836410073,3.7154520670374778,2.671971118458802,2.329877683566856,2.6676286425376645,3.5618509884068086,2.8566969227466803,3.516506891043268,3.129655596350201,2.270089339306153,3.151418864012442,2.2671102676223107
HPCA,0.0,0.0,0.0,0.0,0.0,0.0,0.0,0.0,0.0,0.0,0.0,0.0,0.0,0.0,0.0,0.0,0.021281858522095548,0.09911311362214423,0.2066269716946853,0.03569301668676557,0.08440502721909872,0.05142152492652112
HPCAL1,4.184415198162076,5.076107747082184,5.134788671714505,5.161301869091712,3.267881557529384,3.7895336569200433,4.916563909081349,3.5426433588803468,3.8457185419008333,3.968330428818324,4.64644491733141,5.401300615282924,4.13194227341281,4.144526442981042,4.486415630305879,4.835230293167997,2.2748311710621163,2.5826234396034433,2.2547754266481013,1.8824826323169956,2.3782008554687293,1.7913389973268625
HRC,0.0,0.0,0.0,0.0,0.0,0.0,0.0,0.0,0.0,0.0,0.0,0.0,0.0,0.0,0.0,0.0,0.015802689679786847,0.16167746881310735,0.0,0.0,0.012827026860899336,0.0
HRH1,0.0,0.0,0.0,0.0,0.0,0.0,0.0,0.0,0.0,0.0,0.0,0.0,0.0,0.0,0.0,0.43155551601218267,0.17094670886030278,0.12564872141109323,0.18798179215185962,0.12961366124400298,0.10952798924266742,0.09562754862392168
HRH2,2.8959108918582372,2.760538253857838,4.294139085579917,4.285617315825717,1.9201467576335653,2.221932315030708,3.565328031896477,2.4765422453574897,2.796069496231372,3.1686945578360515,3.6451086144283975,4.3517392679306965,3.652211204799602,2.982674902628524,3.9940722781296905,4.477023428926762,4.337011693575841,5.311557607855767,3.880323091983397,3.0913528686837113,5.130601449790563,3.5343106650097194
HSPA9,2.750013302872432,3.7565674132255027,4.6906740251799075,4.668109929740234,1.5603387724303865,3.345246833575333,3.921182917543868,2.015692466669394,1.79795654173978,2.9373957716654355,3.8380878841541497,4.169153252948675,2.4715461643723966,3.178755179854226,3.3243775578242607,4.257894780911321,4.390206796885315,4.378775168466937,4.707723556376397,3.696149651379377,3.5853952443251274,3.1953412983301193
HTR2A,0.0,0.0,0.0,0.0,0.0,0.0,0.0,0.0,0.0,0.0,0.3286030448632194,0.0,0.0,0.0,0.0,0.0,0.0020348562041483686,0.0036495534233989585,0.0,0.0025719501202107146,0.0,0.0055826864041251
HTR2B,0.0,0.0,0.0,0.0,0.0,0.0,0.0,0.0,0.0,0.0,0.0,0.0,0.0,0.0,0.0,0.43155551601218267,0.20324626920212172,0.10966531534777733,0.3244661584593686,0.06857836517003331,0.09344145654054506,0.09831282726506028
HTR2C,0.0,0.0,0.0,0.0,0.0,0.0,0.0,0.0,0.0,0.0,0.0,0.0,0.0,0.0,0.0,0.0,0.00020465918570196915,0.001468406526219989,0.0005140445270128806,0.0,0.003646545805555687,0.0008742953193830968
HTR4,0.0,0.0,0.0,0.0,0.0,0.0,0.0,0.0,0.0,0.0,0.0,0.0,0.0,0.0,0.0,0.0,0.006180808022027536,0.0007055664420149717,0.002960659596812821,0.004219779443477366,0.001673204812595942,0.0019791591508425675
HTR5A,0.0,0.0,0.0,0.0,0.0,0.0,0.0,0.0,0.0,0.0,0.0,0.0,0.0,0.0,0.0,0.0,0.0,0.0,0.004901156627895613,0.0,0.006325186171835997,0.0
HTR6,0.0,0.0,1.0245737803502888,0.0,0.0,0.9383194081038021,0.3796761410528195,0.8163429357535725,0.0,0.0,0.3286030448632194,0.0,0.0,0.0,0.0,0.43155551601218267,0.6015092154116924,0.9978885141020057,1.0956004099938856,0.47000472029348533,0.5814592343349417,0.3470033951623249
HTR7,0.0,0.0,0.0,0.0,0.0,0.0,0.0,0.0,0.0,0.0,0.0,0.0,0.0,0.0,0.0,0.0,0.018662372641168806,0.026984570895279794,0.02691405430082433,0.03037987065246746,0.008283959399968897,0.02138292856481416
IBA57,0.778968982516326,0.0,0.0,0.7991837328165563,1.417255380068077,1.9064611676220895,1.891204456093566,1.3344956937165007,0.0,0.0,2.024873399877407,1.7770288060001032,1.6166098130615996,1.954894810214772,1.571660878857015,1.9220058302027458,1.741617989568016,1.701730907116249,1.936470223316521,1.567418889896318,1.1852322542301608,1.3007036153563318
IBSP,0.0,0.0,0.0,0.0,0.0,0.0,0.0,0.0,0.0,0.0,0.0,0.0,0.0,0.0,0.0,0.0,0.0,0.012339640447378461,0.0,0.0,0.0,0.0
IREB2,1.6543037799267732,2.2782802488562335,3.365863908016573,1.985669903319494,0.6386976985362087,2.8902642881649134,2.7484495217471303,1.3344956937165007,0.5805842079483328,0.0,2.9355949367686454,3.9600647363637895,0.49907505514643524,1.7231222006017402,2.385904598926052,3.5186117390979774,2.254624275219328,2.0041993384775947,2.5864717318373787,1.606693315762274,1.2200760677485887,1.538026549382291
ISCA1,3.3655181657234947,3.9487153667437527,3.7454846828203165,2.937541518793577,2.519503269110555,3.345246833575333,3.565328031896477,1.714931113429805,3.51153744870796,2.9373957716654355,3.3874289549242067,5.024743028866573,2.671971118458802,3.771701478568492,3.197181258594927,3.797160056056311,2.157561176091188,2.4323394495543793,2.4809113460477485,1.633412609816181,1.447727293296182,1.6731493366124848
ISCA2,2.587684024944611,3.6499580469104904,3.8526638448021586,3.304714818680092,0.8760824601886417,3.0583783601290637,3.282505496537904,2.2644411900445665,2.159688238940048,2.320820742876321,2.1128196935784125,4.9129542252686855,2.1065015418894144,2.4862001462110053,1.7023242894113075,3.2805367638464173,3.738962344367287,4.208267528968692,4.102028179367315,2.998265920842189,3.6235040360066253,3.049400754528137
ISCU,4.535619357549503,5.470005663146712,5.36946553717846,5.248148270420411,3.926145515873185,4.4031642429521405,5.470900112815888,4.429300420620137,4.715244869999114,5.100194042461717,5.407321548586396,6.4656327623074485,3.911925818183009,4.923346084127671,4.824399213212652,5.81867739487231,5.751048570610449,6.248663859281644,5.839309623850994,4.920960178110175,5.513399153021805,4.766436149104509
ITPKA,0.0,0.0,0.0,0.0,0.0,0.0,0.0,0.0,0.0,0.0,0.0,0.0,0.0,0.0,0.0,0.0,0.13171906426130411,0.17722513232454482,0.1709364569220449,0.03823458360025131,0.05229471380828487,0.06275903780240244
ITPKB,3.4624002997678582,3.9487153667437527,5.217329210276307,4.7095086925130945,2.8884248768403054,3.208931071539349,4.4243432630036095,2.6614203334475666,3.2361450861844503,3.6991619288169963,3.584873836910438,4.169153252948675,2.928448911844235,2.6272281056900177,3.6499628171802234,4.383715082381475,3.2003191553112975,3.4197182060149722,3.425978871454395,2.520723957115591,2.8040101783096243,2.360316513696963
ITPKC,1.2820295279109681,1.959119175305102,2.361047706483753,1.6872170042245511,0.0,1.5021214401172056,0.6799637694923305,1.714931113429805,0.9934275680204352,0.0,0.3286030448632194,1.7770288060001032,0.8691720616623014,1.7231222006017402,1.427974120830572,1.7827476619453582,2.1571666251146437,2.342628698769273,2.0222470654982962,1.453127715742658,2.0476535485026903,1.281656711751596
ITPR1,0.778968982516326,1.5486816174546332,2.361047706483753,1.6872170042245511,0.6386976985362087,0.0,1.891204456093566,1.3344956937165007,0.0,0.0,1.7234149308511522,3.7154520670374778,1.4077490220026418,1.7231222006017402,1.2683775744302532,2.048997287629237,0.6167745408170779,0.568716067145624,0.8283773005258741,0.4599299181319191,0.3025916236327138,0.3206094462475465
ITPR2,0.778968982516326,0.0,0.0,0.7991837328165563,0.3544087781919574,0.0,0.6799637694923305,0.8163429357535725,0.9934275680204352,1.2216015423540714,1.3418610037648901,2.5495194718428094,0.49907505514643524,1.4468522188078796,1.2683775744302532,1.4559832619066744,0.6127959737864636,0.5306061584710937,0.7033612119185725,0.32677777727822827,0.31714195868806716,0.32462283927295893
ITPR3,1.2820295279109681,1.959119175305102,2.361047706483753,0.7991837328165563,0.6386976985362087,0.0,2.2055792899224067,1.3344956937165007,0.5805842079483328,0.0,1.8310535482077521,0.0,0.8691720616623014,1.1048402634756607,1.2683775744302532,2.273681915428579,2.1281515004204516,2.5451059528794446,2.6698114144910434,1.6806934234969502,1.6579646322254984,1.297702066643534
KCNA1,0.0,0.0,0.0,0.0,0.0,0.0,0.0,0.0,0.0,0.0,0.0,0.0,0.0,0.0,0.0,0.0,0.0,0.0,0.019928743060797872,0.0,0.0,0.004868158690037013
KCNA2,0.0,0.0,0.0,0.0,0.0,0.0,0.0,0.0,0.0,0.0,0.3286030448632194,0.0,0.0,0.0,0.0,0.0,0.10764247893733685,0.14994477550441349,0.278966041049002,0.08982394076028664,0.0846942855099366,0.0756856890556486
KCNA3,3.2616586857345657,4.035973459901941,4.2159961985385594,3.59714312921981,1.9201467576335653,3.4697871666946534,4.341073791957712,2.015692466669394,2.159688238940048,3.3679835115927603,3.1166814919936927,5.481865046719168,1.7990222214011768,2.329877683566856,2.53363247320621,3.7229078624275482,4.203717990291615,3.937664536987891,4.985728110419125,3.771494751669568,3.1275111241734193,3.233108843529277
KCNA4,0.0,0.0,0.0,0.0,0.0,0.0,0.0,0.0,0.0,0.0,0.0,0.0,0.0,0.0,0.0,0.0,0.0,0.0,0.0,0.0,0.0,0.0
KCNA5,0.0,0.0,0.0,0.0,0.0,0.0,0.6799637694923305,0.0,0.0,1.2216015423540714,0.0,0.0,0.0,0.0,0.0,0.0,0.7649108580391315,0.38317065579475984,0.23835520912988056,0.3424170684824162,0.20744061141227682,0.27908375145838293
KCND1,0.0,0.0,0.0,0.0,0.0,0.0,0.0,0.0,0.0,0.0,0.0,0.0,0.0,0.0,0.0,0.763304398099488,1.7501005081925851,2.073316401451276,1.4140380868765303,0.9603856726728323,1.7349761893849456,0.9649996145406005
KCND2,0.0,0.0,0.0,0.0,0.0,0.0,0.0,0.0,0.0,0.0,0.0,0.0,0.0,0.0,0.0,0.0,0.0026542653386874113,0.0005017570918178766,0.0010533439596093716,0.0008246756378366283,0.0010200603849464737,0.0011091675858927535
KCND3,0.778968982516326,0.0,0.0,0.0,0.0,0.0,0.3796761410528195,0.0,0.0,0.0,0.0,0.0,0.0,0.0,0.35814981818366254,0.43155551601218267,0.020869117895471297,0.015587485259251117,0.029915887437705162,0.0176081144190607,0.01596806701865726,0.017926752594697566
KCNE1,0.0,0.0,0.0,1.3104754272824715,0.0,0.0,0.0,0.0,0.0,0.0,0.0,1.7770288060001032,0.0,0.0,0.35814981818366254,0.43155551601218267,1.3851935597096383,0.7189319054336115,0.9696017942361529,0.4678887795565944,0.5324725674843027,0.61550293170061
KCNE2,0.0,0.0,0.0,0.0,0.0,0.0,0.0,0.0,0.0,0.0,0.0,0.0,0.0,0.0,0.0,0.0,0.10465723800415123,0.27504043179223875,0.23050923070868135,0.11709324020590596,0.029044456052472512,0.09611528183259177
KCNE3,2.750013302872432,4.90122659474661,5.720221378795554,4.171741248147674,2.2078929212058513,3.5844256957629343,4.4243432630036095,4.085736326221887,3.572890076871973,4.086159985917163,4.335194545115599,5.401300615282924,3.6039875051989676,4.190714369519048,3.832252878779589,5.597573636248577,5.409995044268071,5.3240328935176695,5.011580616511741,4.411561830994258,4.668493595720451,4.287745618860276
KCNE4,0.0,0.0,0.0,0.0,0.0,0.0,0.0,0.0,0.0,0.0,0.0,0.0,0.0,0.0,0.0,0.0,0.007717045454282537,0.0,0.0017140140012754845,0.000383552965245497,0.005157781495180331,0.0002778132314215932
KCNE5,0.0,0.0,0.0,0.0,0.0,0.0,0.0,0.0,0.0,0.0,0.0,0.0,0.0,0.0,0.0,0.0,1.7596331015079871,1.6683642439884279,1.321050669538158,0.925740469524079,1.7297441745127813,0.46811511452046595
KCNH1,0.0,0.0,0.0,0.0,0.0,0.0,0.0,0.0,0.0,0.0,0.0,0.0,0.0,0.0,0.0,0.0,0.013793060883778694,0.022512412654462514,0.0395799103696708,0.009558494046204425,0.0088448578091763,0.006486224524151835
KCNH2,1.2820295279109681,0.9728752321750834,0.0,1.6872170042245511,0.6386976985362087,0.9383194081038021,1.1402545070427756,0.0,0.5805842079483328,1.873462469399275,0.3286030448632194,0.0,0.8691720616623014,1.4468522188078796,0.6448364740609659,0.763304398099488,0.5352039478377347,0.46963491507691424,0.6389181171166209,0.7210829976122699,0.566668076842499,0.44591205974779485
KCNH5,0.0,0.0,0.0,0.0,0.0,0.0,0.0,0.0,0.0,0.0,0.0,0.0,0.0,0.0,0.0,0.0,0.0031455100383528767,0.0017833812092328835,0.0035343960385557423,0.00027933065357521847,0.001611743880776793,0.000809114886393519
KCNH6,0.0,0.0,0.0,0.0,0.0,0.0,0.0,0.0,0.0,0.0,0.0,0.0,0.0,0.0,0.0,0.0,0.005194208462804313,0.021625553056230564,0.016247267699437115,0.010922339914263366,0.01677955381701874,0.006338803025052494
KCNH7,0.0,0.0,0.0,0.0,0.0,0.0,0.0,0.0,0.0,0.0,0.0,0.0,0.0,0.0,0.0,0.0,0.2015259686366476,0.41750312102393516,0.24511105514076922,0.11811369589981258,0.28471074330871415,0.16453787126123137
KCNJ1,0.0,0.0,0.0,0.0,0.0,0.0,0.0,0.0,0.0,0.0,0.0,0.0,0.0,0.0,0.0,0.0,0.050656319600655836,0.07266767309235217,0.13142999548589085,0.06720749586450359,0.05804033074822631,0.11222491580500833
KCNJ10,0.0,0.0,0.0,0.0,0.0,0.0,0.0,0.0,0.0,0.0,0.0,0.0,0.0,0.0,0.0,0.0,0.8479896930617118,0.9170176969242548,1.185010186452162,0.5967872883771699,0.4197697042557999,0.467727089982777
KCNJ11,0.0,0.0,0.0,0.0,0.0,0.0,0.0,0.0,0.0,0.0,0.0,0.0,0.0,0.6556955771400196,0.0,0.0,0.34684231995581855,0.1484512820426989,0.07982659538835488,0.05404923523374864,0.07736989581574512,0.07765181855481
KCNJ12,0.0,0.0,0.0,0.0,0.0,0.0,0.0,0.0,0.0,0.0,0.0,0.0,0.0,0.0,0.0,0.0,0.02583350169526412,0.014600815923040515,0.036134181647776265,0.010301156904253008,0.004964634198520797,0.014898272621218869
KCNJ13,0.0,0.0,0.0,0.0,0.0,0.0,0.0,0.0,0.0,0.0,0.0,0.0,0.0,0.0,0.0,0.0,0.35046556402161605,0.42694313156948505,1.0219700182663376,0.19514598492834212,0.23166710379720842,0.2075630550823726
KCNJ14,0.0,0.0,0.0,0.0,0.0,0.0,0.0,0.0,0.0,0.0,0.0,0.0,0.0,0.0,0.0,0.0,1.1507741153060025,1.4002100070818309,1.2540195110928098,0.7247593973365052,0.9537651128299276,0.7014399358355766
KCNJ15,2.1951966572272386,3.6499580469104904,3.8526638448021586,4.74975256285862,3.0905929769736002,3.208931071539349,5.214356863999108,4.085736326221887,4.30941476454965,4.5634588153136955,4.877422559621275,4.9129542252686855,3.9510049752838072,3.9963668934573215,4.468164710906471,5.597573636248577,3.822668972299477,4.013917775794419,3.2948589117512075,2.3844422106962946,3.4813118596043515,2.5803601839296477
KCNJ16,0.0,0.0,0.0,0.0,0.0,0.0,0.0,0.0,0.0,0.0,0.0,0.0,0.0,0.0,0.0,0.0,0.006480450894630301,0.00774946170842707,0.008134727427726947,0.004099618085953304,0.015062468721464778,0.0009908373298165864
KCNJ2,0.778968982516326,1.5486816174546332,3.7454846828203165,3.19239608436163,1.6905031159365846,1.9064611676220895,3.7380155136211695,3.105906934592934,1.3140375758440468,2.9373957716654355,3.1586118530349063,2.5495194718428094,2.1065015418894144,2.154535221217732,2.385904598926052,3.760511605217613,4.364684481928228,4.575741928413699,4.05215501683373,3.2369486981371445,3.9253063788459626,3.5258183220340236
KCNJ3,0.0,0.0,0.0,0.0,0.0,0.0,0.0,0.0,0.0,0.0,0.0,0.0,0.0,0.0,0.0,0.0,0.004565491414537419,0.0014912065632293463,0.0005220240929050575,0.0028000767459723797,0.001010875442110734,0.001521716542098412
KCNJ4,0.0,0.0,0.0,0.0,0.0,0.0,0.0,0.0,0.0,0.0,0.0,0.0,0.0,0.0,0.0,0.0,0.031994030396844564,0.024668749301822283,0.014439281095067516,0.028921155128823473,0.016766006632869562,0.019614104831720505
KCNJ5,0.0,0.0,0.0,0.0,0.0,0.0,0.0,0.0,0.0,0.0,0.0,0.0,0.0,0.0,0.0,0.0,0.20419832324458373,0.26581732369704325,0.2732258296082854,0.08426677229401994,0.08800899312180485,0.053643401604372636
KCNJ6,0.0,0.0,0.0,0.0,0.0,0.0,0.0,0.0,0.0,0.0,0.0,0.0,0.0,0.0,0.0,0.0,0.12632376172144946,0.19086387348086933,0.18705952536734916,0.09678498819753797,0.268707455711063,0.11947929061763365
KCNJ8,0.0,0.0,0.0,0.0,0.0,0.0,0.0,0.0,0.0,0.0,0.0,0.0,0.0,0.0,0.0,0.0,0.01868003202849691,0.04429898578525836,0.02342328429572955,0.0365074130171877,0.035141053912753475,0.0
KCNK1,0.0,0.0,0.0,0.0,0.0,0.0,0.0,0.0,0.0,0.0,0.0,0.0,0.0,0.0,0.0,0.43155551601218267,0.005700180807660386,0.009534473948190401,0.010008180781663248,0.0038457113969403763,0.007390962574397682,0.00903629639631429
KCNK10,0.0,0.0,0.0,1.3104754272824715,0.0,0.0,0.0,0.0,0.0,1.2216015423540714,0.0,0.0,0.0,0.0,0.0,0.0,0.018962979988752755,0.014067839494116434,0.0068336912857522615,0.00840219501700949,0.01101350062778021,0.010779237331859504
KCNK13,0.0,0.9728752321750834,0.0,0.0,0.3544087781919574,0.0,0.0,0.0,0.0,0.0,0.3286030448632194,1.7770288060001032,0.8691720616623014,0.0,0.0,1.2598737271842533,0.10890551211753463,0.10619338731567379,0.14043053498206565,0.05522411907039668,0.08605027765959164,0.04180607019015707
KCNK2,0.0,0.0,0.0,0.0,0.0,0.0,0.0,0.0,0.0,0.0,0.0,0.0,0.0,0.0,0.0,0.0,0.0008650517752729646,0.0017243313958229137,0.0007243684225021697,0.0004861019978366364,0.0004676891977695164,0.0008800741264193715
KCNK3,0.0,0.0,0.0,0.0,0.0,0.0,0.0,0.0,0.0,0.0,0.0,0.0,0.0,0.0,0.0,0.0,0.0032724154453555674,0.001958369451296124,0.0,0.0,0.006625991012613727,0.0
KCNK5,0.0,0.0,1.0245737803502888,0.0,0.0,0.0,0.3796761410528195,0.0,0.0,0.0,0.0,0.0,0.0,0.0,0.35814981818366254,0.0,0.12610142727514498,0.07300537740566636,0.1787872919070188,0.030222636053649384,0.06783418330475541,0.04941845987690347
KCNK6,1.2820295279109681,0.9728752321750834,1.0245737803502888,1.6872170042245511,0.8760824601886417,1.5021214401172056,2.0037812511297397,0.0,0.9934275680204352,1.2216015423540714,1.188390806094169,0.0,1.4077490220026418,0.0,0.8838890586853935,2.5562129137112657,3.7887587830414273,4.115083196895827,3.957951733162553,3.2872772432764723,3.9393582388035604,3.1856128623423507
KCNK9,0.0,0.0,0.0,0.0,0.0,0.0,0.0,0.0,0.0,0.0,0.0,0.0,0.0,0.0,0.0,0.0,0.00773198371235016,0.004630047929569189,0.011315791684039896,0.002719901015383267,0.000523772005656896,0.0015766242314397007
KCNMA1,0.0,0.0,1.0245737803502888,0.0,0.0,0.0,0.0,0.0,0.0,0.0,0.0,1.7770288060001032,0.0,0.0,0.0,0.0,0.007012777171746313,0.00828249627571127,0.005982869691439034,0.006058238293114412,0.008700000258161214,0.005974076910340009
KCNMB1,0.0,0.0,2.0367054680925434,1.3104754272824715,0.0,0.0,1.4886685059552254,0.8163429357535725,0.5805842079483328,0.0,0.5960703215538553,1.7770288060001032,0.8691720616623014,0.6556955771400196,1.2683775744302532,1.7827476619453582,1.5379271857715604,1.3810950622053768,1.614087879060382,1.073395243895694,1.1328137081569407,0.8327093875629706
KCNMB2,0.0,0.0,0.0,0.0,0.0,0.0,0.0,0.0,0.0,0.0,0.0,0.0,0.0,0.0,0.0,0.0,0.0033816637675773684,0.0013960132997945468,0.0035148808295634476,0.00255593583708238,0.0033094801973305127,0.0016381587122862099
KCNMB3,0.0,0.0,0.0,0.0,0.0,0.0,0.0,0.0,0.0,0.0,0.0,0.0,0.0,0.0,0.6448364740609659,0.43155551601218267,0.9388074393326569,1.1607266114595358,1.2449661921242592,0.7286293241643963,0.7295762623191588,0.6669038074264525
KCNMB4,0.0,0.9728752321750834,1.0245737803502888,0.0,0.0,0.9383194081038021,1.1402545070427756,0.0,0.5805842079483328,0.0,0.3286030448632194,0.0,0.0,0.0,0.6448364740609659,1.4559832619066744,0.07083621933297954,0.13118289124761304,0.19345636574958547,0.07099073765278001,0.09988455196853317,0.09614268071636244
KCNN1,0.0,0.0,0.0,0.0,0.0,0.0,0.0,0.0,0.0,0.0,0.0,0.0,0.0,0.0,0.0,0.0,0.04973224067668226,0.048265625260948,0.0522876179733283,0.0409067348184353,0.031804795757719675,0.02974348049930166
KCNN2,0.0,0.0,0.0,0.0,0.0,0.0,0.0,0.0,0.0,0.0,0.0,0.0,0.0,0.0,0.0,0.0,0.002269794577070886,0.0016296420354800145,0.002850270705906415,0.0015307670872247606,0.0009820328133016416,0.0008317350190273217
KCNN3,0.0,0.0,0.0,0.0,0.0,0.0,0.0,0.0,0.0,0.0,0.0,0.0,0.0,0.0,0.0,0.43155551601218267,0.019174549497584396,0.024726895806076326,0.03260051465530823,0.02387800789170128,0.022980486501759226,0.021751042274602738
KCNN4,0.778968982516326,0.9728752321750834,2.361047706483753,2.232839243769332,0.6386976985362087,1.5021214401172056,1.7690938450839908,0.0,0.9934275680204352,0.0,0.8216207607735451,2.5495194718428094,0.49907505514643524,0.0,1.0889042054110372,1.7827476619453582,2.0780495886503085,2.8651448157987502,2.865493265604953,2.312601284682222,2.759319912384087,1.911005059982901
KCNQ1,0.778968982516326,2.9521916457892705,3.629699453273197,3.0705890618495357,1.258403008772257,2.221932315030708,2.682325116560312,1.714931113429805,2.895479278944795,2.6617993554754262,2.4865451154611953,3.9600647363637895,1.7990222214011768,2.755689454691158,2.2213058670245185,3.901830180677728,1.012983366374701,1.183626251405205,0.9867291122684466,0.5970515071454692,0.8472753786374907,0.5415534958349821
KCNQ2,0.0,0.0,0.0,0.0,0.0,0.0,0.0,0.0,0.0,0.0,0.0,0.0,0.0,0.0,0.0,0.0,0.03276877273351594,0.057225523516050696,0.06334389194234966,0.01620304431521906,0.04121129587038367,0.01676201375432188
KCNQ3,0.0,0.0,0.0,0.0,0.0,0.0,0.0,0.0,0.0,0.0,0.0,0.0,0.0,0.0,0.0,0.0,0.005914638028636452,0.0037619100799164452,0.01389039888012724,0.0017160169649271463,0.005546024926959001,0.001920693660650668
KCNQ4,0.0,0.0,0.0,0.0,0.0,0.0,0.0,0.0,0.0,0.0,0.0,0.0,0.0,0.0,0.0,0.0,0.06221996106937713,0.05255820892780371,0.08471496403192662,0.044939617249906624,0.04418873491474109,0.04736863352553457
KCNQ5,0.778968982516326,0.0,1.0245737803502888,0.0,0.0,0.0,0.3796761410528195,0.0,0.5805842079483328,1.2216015423540714,0.3286030448632194,0.0,0.0,1.1048402634756607,0.35814981818366254,0.43155551601218267,0.030431854603021412,0.05881645086432919,0.084053376482927,0.029513808107504712,0.0334535907532016,0.026573175496428892
KCNV1,0.0,0.0,0.0,0.0,0.0,0.0,0.0,0.0,0.0,0.0,0.0,0.0,0.0,0.0,0.0,0.0,0.0,0.0,0.013744475163688933,0.0,0.0,0.0
KCNV2,0.0,0.0,0.0,0.0,0.0,0.0,0.0,0.0,0.0,0.0,0.0,0.0,0.0,0.0,0.0,0.0,0.010612232960620707,0.05623196733949008,0.15822326178238644,0.02668237311271903,0.008611030838397102,0.012945419781960555
KDR,0.0,0.0,0.0,0.0,0.0,0.0,0.0,0.0,0.0,0.0,0.0,0.0,0.0,0.0,0.0,0.0,0.0014154173872014775,0.00338435528848774,0.007097021545793458,0.0011929919523713229,0.0,0.01718576763871019
KL,0.0,0.0,0.0,0.0,0.0,0.0,0.3796761410528195,0.0,0.0,0.0,0.0,0.0,0.0,0.0,0.0,0.763304398099488,0.2059817329484044,0.09173719987755706,0.2127311855265154,0.042347784077035835,0.021599260047555656,0.032398240497114865
LDLR,1.9499519661523377,0.0,0.0,1.3104754272824715,0.8760824601886417,1.5021214401172056,1.6356839719296479,0.8163429357535725,0.0,1.2216015423540714,0.8216207607735451,2.5495194718428094,1.7990222214011768,1.4468522188078796,0.6448364740609659,1.6285971008511562,0.7923356387313761,0.7135603358992498,0.8678577280989359,0.6175091347943761,0.628642965322936,0.49553451316829866
LHCGR,0.0,0.0,0.0,0.0,0.0,0.0,0.0,0.0,0.0,0.0,0.0,0.0,0.0,0.0,0.0,0.0,0.006757085186826768,0.004622742503206514,0.0072731320994240236,0.0,0.002351752547113025,0.0011807607514540154
LHPP,2.750013302872432,3.1213448643359447,3.213326474361309,2.4437917000551366,1.9201467576335653,2.699944212963963,2.8116755438058414,2.4765422453574897,1.990130089653629,3.3679835115927603,3.238984682575517,3.420722897812127,3.077162490921044,2.873641657136113,2.9565668232694784,3.5186117390979774,0.8308653788956563,0.9778960745888291,0.9838491299402249,0.6779664041803479,0.814205858129172,0.5784808413138159
LOX,0.0,0.0,0.0,0.0,0.0,0.0,0.0,0.0,0.0,0.0,0.0,0.0,0.0,0.0,0.0,0.0,0.04318713683559668,0.05151702525358352,0.12139104973931651,0.04008078721446339,0.08288826136121799,0.05513108559858924
LOXL1,0.0,0.0,0.0,0.7991837328165563,0.3544087781919574,0.0,0.0,0.0,0.9934275680204352,0.0,0.5960703215538553,1.7770288060001032,0.8691720616623014,0.0,0.0,0.0,0.3753152899799928,0.5638239111162593,0.5236653245897402,0.31550826631641427,0.4706857471825858,0.2652964604955234
LOXL2,0.0,0.0,0.0,0.0,0.0,0.0,0.0,0.8163429357535725,0.5805842079483328,0.0,0.0,0.0,0.0,0.0,0.0,0.763304398099488,0.4155445174824863,0.5925426695162244,0.666342126724976,0.29656430234126735,0.36272235582457574,0.2686020694324582
LOXL3,0.0,1.5486816174546332,1.0245737803502888,0.0,0.3544087781919574,0.0,0.3796761410528195,0.0,0.0,0.0,0.8216207607735451,1.7770288060001032,0.0,0.6556955771400196,1.427974120830572,0.763304398099488,2.71620295681201,2.829948982659279,2.352580577912552,2.197267813255204,2.685496173972281,1.9722698916100554
LOXL4,0.0,0.0,0.0,0.7991837328165563,0.0,0.0,0.0,0.0,0.5805842079483328,0.0,0.0,0.0,0.0,0.0,0.0,0.0,0.13353985324904644,0.3659287682661628,0.2541441132372461,0.14593304225210726,0.08702786253322044,0.18259187736211785
LPCAT3,2.8959108918582372,2.5394670210513364,3.365863908016573,3.19239608436163,1.6905031159365846,2.480645978223324,2.1082057292064054,2.6614203334475666,1.3140375758440468,1.2216015423540714,1.931215886788905,3.7154520670374778,2.4715461643723966,2.329877683566856,2.53363247320621,2.863217932099475,2.8445021566698094,3.1155843058080093,2.8915552837322593,2.184965768794436,2.865572447006906,2.0111628359739138
LTB4R2,0.0,0.0,0.0,0.0,0.0,0.0,0.0,0.0,0.0,0.0,0.0,0.0,0.0,0.0,0.0,0.0,5.780491212052024,5.880866707761826,5.694807777717209,5.105426656991599,5.341519712767923,4.575233658091346
LYRM4,3.0283997123322948,3.409728150685769,2.0367054680925434,2.232839243769332,1.258403008772257,3.345246833575333,2.682325116560312,1.3344956937165007,2.311397783481028,3.1686945578360515,2.195711453318644,3.7154520670374778,1.9609379974868322,1.7231222006017402,2.1313828111221738,3.4740364122708227,0.26784737456480495,0.3288651800074668,0.38972208584985424,0.1585877964448936,0.19795343457203,0.1605510794454197
MAGT1,1.9499519661523377,3.272730234058528,3.629699453273197,2.79096599955042,1.417255380068077,2.221932315030708,3.7702042652056975,3.105906934592934,2.5739917539361548,3.543054901661274,3.238984682575517,3.9600647363637895,2.2387148801794945,2.873641657136113,2.84783310192576,3.8677769952612713,2.143775430854932,2.0628090393251566,2.377259819819235,1.4774493792823864,1.0803643196390236,1.3582499594097415
MAP1LC3A,1.2820295279109681,2.760538253857838,2.849228617248894,3.59714312921981,1.258403008772257,0.9383194081038021,1.4886685059552254,0.8163429357535725,1.79795654173978,1.873462469399275,2.1128196935784125,2.5495194718428094,0.49907505514643524,0.0,1.8221301990800551,2.995256381553502,2.0567083715738836,2.782509214558768,1.592076653842899,1.1291642988685624,2.002637719147256,1.2853726248142903
MAP1LC3B,4.443687595466801,5.372793052765359,5.880785022276634,5.782106837035859,3.666232279758714,4.202386247576195,5.592899866236489,4.527768503340066,4.479266268475045,4.71748651807887,5.617351354509966,6.504719871304328,4.7121410707065285,4.809550264905816,5.20109236447875,6.063973843805721,4.611030700906694,4.922197848396367,4.402790381315107,3.985199837525198,4.502222382798047,4.0095800773969685
MAP1LC3B2,1.2820295279109681,1.959119175305102,1.0245737803502888,0.7991837328165563,0.6386976985362087,0.9383194081038021,0.6799637694923305,0.8163429357535725,0.9934275680204352,1.2216015423540714,0.5960703215538553,0.0,1.1634481756933626,0.6556955771400196,0.8838890586853935,1.2598737271842533,0.8686038040215855,1.4228035060544746,1.2170259320685497,0.8214375668438176,1.4968355663682278,0.9699457958002249
MAP1LC3BP1,0.0,0.0,0.0,0.0,0.0,0.0,0.0,0.0,0.0,0.0,0.0,0.0,0.0,0.0,0.0,0.0,0.17440514011089192,0.1272869913597939,0.13334848634357366,0.14834584647552873,0.19644715541828073,0.15031790741973738
MAP1LC3C,0.0,0.0,0.0,0.0,0.0,0.0,0.0,0.0,0.0,0.0,0.0,0.0,0.0,0.0,0.0,0.0,0.036508397668818436,0.08586174974599982,0.04570772015045397,0.0,0.05874955084809202,0.0
MCOLN1,0.778968982516326,0.0,0.0,1.3104754272824715,0.0,0.0,0.0,0.0,0.5805842079483328,0.0,0.0,0.0,0.0,0.6556955771400196,0.35814981818366254,1.2598737271842533,3.822097874485552,3.7210444883321614,3.2021387160895034,3.6225907155217003,3.57546966301034,3.133043956769199
MCOLN2,0.0,0.0,1.0245737803502888,0.0,0.0,0.9383194081038021,0.6799637694923305,0.8163429357535725,0.9934275680204352,1.873462469399275,0.0,1.7770288060001032,0.0,0.0,0.0,1.0328490506344752,1.1755501494200005,1.450263733377063,2.021678706107531,0.8008589086842512,0.5719194632455572,0.607587401293408
MCOLN3,0.0,0.0,0.0,0.0,0.0,0.0,0.3796761410528195,0.0,0.0,0.0,0.0,0.0,0.0,0.0,0.0,0.43155551601218267,0.1359567815862296,0.22770534682609764,0.31103803002230457,0.08610872038805953,0.19903844045565733,0.15834349084008006
MCU,0.0,1.959119175305102,2.849228617248894,1.985669903319494,0.6386976985362087,1.5021214401172056,2.2055792899224067,1.3344956937165007,0.9934275680204352,0.0,2.1128196935784125,3.7154520670374778,2.1065015418894144,1.4468522188078796,1.427974120830572,2.46804376135426,0.5663407519800862,0.6259156997456672,0.6940279154940161,0.27935480557476833,0.42468349991787024,0.38358983988695244
MEPE,0.0,0.0,0.0,0.0,0.0,0.0,0.0,0.0,0.0,0.0,0.0,0.0,0.0,0.0,0.0,0.0,0.005242565494542814,0.0,0.0032945392584732827,0.0,0.012719964413571299,0.004801010228854731
MET,0.0,0.0,0.0,0.0,0.0,0.0,0.0,0.0,0.0,0.0,0.0,0.0,0.0,0.0,0.0,0.0,0.006857569731113673,0.0037905014952823194,0.011904902562873607,0.0035606749515820903,0.002998149872033487,0.005155064529797271
MRLN,0.0,0.0,0.0,0.0,0.0,0.0,0.0,0.0,0.0,0.0,0.0,0.0,0.0,0.0,0.0,0.0,0.006879710425942448,0.03262886462484011,0.0,0.0,0.0,0.0
MSRB1,6.2912655757373415,6.840517472286051,6.9672031233476135,7.168345651196161,4.97049981760321,5.162661079531292,6.235713483722553,5.915354817204707,6.893825942604877,6.835730056121274,6.966493334132914,7.310774137773172,6.7828422048854575,6.476258922831381,6.829245901820112,7.941213373701255,7.939426415709886,8.776742265740966,7.36565754707976,7.034391814824356,8.75132311903363,7.356663241897014
MST1,0.0,0.0,0.0,0.0,0.0,0.0,0.0,0.0,0.0,0.0,0.0,0.0,0.0,0.0,0.0,0.0,1.3590431914965673,1.7314700138900487,1.8494629014253363,1.1915689672151282,1.1252278843093921,1.1829973285359092
MST1R,0.0,0.0,0.0,0.0,0.0,0.0,0.0,0.0,0.0,0.0,0.0,0.0,0.0,0.0,0.0,0.0,0.09931823340503418,0.12673331200300267,0.11911470048339008,0.058776699054786156,0.03171433254923221,0.07295517941061296
MT1A,0.0,0.0,0.0,0.0,0.0,0.0,0.0,0.0,0.0,0.0,0.0,0.0,0.0,0.0,0.0,0.0,0.0,0.0,0.05775926177088247,0.0,0.0,0.02836037063158818
MT1B,0.0,0.0,0.0,0.0,0.0,0.0,0.0,0.0,0.0,0.0,0.0,0.0,0.0,0.0,0.0,0.0,0.0,0.0,0.0,0.0,0.0,0.0
MT1E,1.6543037799267732,1.5486816174546332,1.0245737803502888,1.3104754272824715,0.8760824601886417,2.221932315030708,1.4886685059552254,0.0,0.5805842079483328,1.2216015423540714,1.0166298238559357,3.049907561866346,0.49907505514643524,2.4862001462110053,0.35814981818366254,1.4559832619066744,1.0516366005689353,1.9527361227711877,1.5257932706784652,1.4144927790785002,1.8054616888695594,1.1074937116738408
MT1F,0.778968982516326,1.5486816174546332,3.365863908016573,2.232839243769332,1.9201467576335653,2.480645978223324,1.7690938450839908,2.4765422453574897,1.3140375758440468,2.6617993554754262,1.931215886788905,3.9600647363637895,1.9609379974868322,1.954894810214772,1.0889042054110372,2.863217932099475,2.263626390451623,3.1604668552169852,2.713271300955416,1.8053419893440306,2.8984676466244705,1.9638476966275142
MT1G,0.0,0.0,0.0,0.0,0.0,0.0,0.0,0.0,0.0,0.0,0.0,0.0,0.0,0.0,0.0,0.0,0.09657465049391845,0.05854190557548352,0.23132057681497895,0.0,0.2245490803386034,0.27656098249952304
MT1H,0.0,0.0,0.0,0.0,0.0,0.0,0.0,0.0,0.0,0.0,0.0,0.0,0.0,0.0,0.0,0.0,0.09799366674460956,0.0,0.0,0.08302215379962055,0.07996254664142302,0.0
MT1HL1,0.0,0.0,0.0,0.0,0.0,0.0,0.0,0.0,0.0,0.0,0.0,0.0,0.0,0.0,0.0,0.0,0.0,0.0,0.0,0.0,0.0,0.0
MT1M,0.0,0.0,0.0,0.0,0.0,0.0,0.0,0.0,0.0,0.0,0.0,0.0,0.0,0.0,0.0,0.0,0.0,0.0,0.0,0.0,0.04032365478691221,0.0
MT1X,0.0,0.0,1.0245737803502888,0.0,0.0,0.0,1.1402545070427756,0.0,0.0,0.0,0.0,0.0,0.0,0.6556955771400196,0.0,0.43155551601218267,3.302137697244591,4.139715053186543,3.9755935040183754,3.4079414029008936,4.187379788516539,3.348607777107569
MT2A,4.622042303744888,5.501006760533107,5.602304864198426,4.827021418977131,4.27638221841939,5.431273740718588,5.431187226492783,4.209573525154075,4.5419770025374016,5.100194042461717,4.7867462445434175,5.401300615282924,4.322802805362706,5.899375833230946,4.271707033548224,5.84517101265793,6.535825906655149,6.542134207967546,5.9894637588984345,6.388387601317108,7.260957158470822,6.472650227973347
MT3,0.778968982516326,0.0,1.0245737803502888,0.0,0.0,1.5021214401172056,0.0,0.0,0.5805842079483328,0.0,0.0,0.0,0.0,0.0,0.0,0.0,0.1267154734154583,0.07712744195302648,0.23015381576574523,0.1075171458790631,0.15271820438496592,0.039868332255663975
MT4,0.0,0.0,0.0,0.0,0.0,0.0,0.0,0.0,0.0,0.0,0.0,0.0,0.0,0.0,0.0,0.0,0.0,0.0,0.04250790523244099,0.0,0.027585662810992933,0.0
MYLK,1.6543037799267732,0.9728752321750834,1.0245737803502888,0.7991837328165563,0.6386976985362087,0.0,0.3796761410528195,0.8163429357535725,0.9934275680204352,0.0,1.3418610037648901,2.5495194718428094,0.8691720616623014,1.1048402634756607,0.8838890586853935,1.0328490506344752,0.21895223554965454,0.15544874784227414,0.16876910007791965,0.2114807595759804,0.22373638692383077,0.15406597024557342
MYLK2,0.0,0.0,0.0,0.0,0.0,0.0,0.0,0.0,0.0,0.0,0.0,0.0,0.0,0.0,0.0,0.0,0.01724663995395175,0.02060901501439819,0.0,0.007292811850493857,0.010513055120990114,0.0026453082420803916
MYLK3,0.0,0.0,0.0,0.0,0.0,0.0,0.0,0.0,0.0,0.0,0.0,0.0,0.0,0.0,0.0,0.0,0.023281189264267234,0.04107444766138594,0.02170684516542836,0.01586433383762353,0.021328200939652566,0.022469517224353884
MYLK4,0.0,0.0,0.0,0.0,0.0,0.0,0.0,0.0,0.0,0.0,0.0,0.0,0.49907505514643524,0.0,0.6448364740609659,0.0,0.12791320803454842,0.16648922293055968,0.17855530658575244,0.07162608038289414,0.049945199159042136,0.05537670874532499
NCEH1,0.0,0.0,2.0367054680925434,0.7991837328165563,0.0,0.0,1.7690938450839908,0.0,0.5805842079483328,0.0,1.3418610037648901,0.0,0.8691720616623014,1.4468522188078796,1.2683775744302532,1.2598737271842533,0.5468840909619527,0.46315368789739697,0.6041624383731146,0.27658122980622196,0.22875344073263906,0.275703188530486
NCOA4,6.167408365334337,7.429358290538749,7.640944705415402,7.011675877516052,5.491754533950438,6.005048050335734,6.986852322113218,5.915354817204707,6.299874484419266,7.2306460124096965,7.388221564135094,8.039671379820152,6.121201735521358,6.457490428048102,6.9753205832386955,7.485258002829251,6.967087891837345,7.02632424556061,6.870931821544006,6.1920876165838665,6.441534937089871,6.177391630664989
NDUFA1,3.553183846680444,4.8051353066608335,4.631700357644683,4.536269851348431,1.8098893648091707,4.202386247576195,4.540875513427928,2.2644411900445665,3.0758441510216397,4.856644429647233,3.6153055648766936,5.481865046719168,3.6988749750141343,4.653390453182321,2.903224107043078,5.373219659199683,4.229418726833984,4.854634043133882,4.432712257790417,3.535219378745396,4.51614125119857,3.7238861613011354
NDUFA10,2.8959108918582372,3.855837975067619,3.95242824295153,4.048100345769116,1.417255380068077,3.0583783601290637,3.3264644084334267,2.4765422453574897,2.796069496231372,3.6991619288169963,3.1993578937441893,4.5137917748669985,2.847918262205705,3.178755179854226,3.057676693215325,4.334695708967909,1.6577680358536004,1.8875564638106557,1.8670068572111524,1.1584727582186463,1.3084249521308153,0.9863869053048678
NDUFA11,0.778968982516326,1.959119175305102,1.0245737803502888,1.3104754272824715,0.3544087781919574,0.9383194081038021,1.4886685059552254,0.0,0.9934275680204352,1.2216015423540714,1.0166298238559357,1.7770288060001032,0.8691720616623014,0.6556955771400196,0.0,1.0328490506344752,3.623269906381416,4.249293630160741,3.8221896733110277,2.9097635053403073,3.798092000728636,2.993667116559557
NDUFA12,3.2616586857345657,4.340203867960854,4.50598768979347,4.827021418977131,2.2078929212058513,3.6906216356885135,4.109083617943818,3.105906934592934,2.796069496231372,3.968330428818324,3.422270483592289,5.225272759650194,2.847918262205705,4.047462794276299,3.1521621118224923,4.7813706342183435,0.8564343933134555,1.1550432531515575,1.1169369299929413,0.6104893584752045,0.8904256795714599,0.6311126660415131
NDUFA13,0.0,0.0,0.0,0.0,0.0,0.0,0.0,0.0,0.0,0.0,0.0,0.0,0.0,0.0,0.0,0.0,3.787547390743432,4.285853452890832,3.925562747399485,3.075544610791744,3.981185937625304,3.2679686914403367
NDUFA2,4.490385614896646,5.076107747082184,5.047237649708024,4.788904231437229,3.3878715980473517,4.27246317536943,4.383309212515006,3.5426433588803468,4.37977259396371,4.5634588153136955,3.8636640120207795,5.946728666464157,4.437318198310888,4.4017762649419465,4.116306483624664,5.397291633224088,4.217122122184431,4.832181147742154,4.45293142702847,3.5656215454970646,4.422771219320474,3.575784276192127
NDUFA3,2.1951966572272386,2.760538253857838,3.213326474361309,1.985669903319494,1.6905031159365846,1.5021214401172056,1.891204456093566,0.8163429357535725,2.5739917539361548,2.320820742876321,2.024873399877407,1.7770288060001032,1.9609379974868322,2.154535221217732,1.7023242894113075,2.374133452792312,4.2588656122681785,4.988584717038058,4.566851677473663,3.6176628724958797,4.755352295686153,3.832495117270458
NDUFA5,2.1951966572272386,2.760538253857838,1.6176353973877058,1.6872170042245511,0.8760824601886417,2.221932315030708,3.0400497510186075,1.714931113429805,0.9934275680204352,2.6617993554754262,2.1128196935784125,4.9129542252686855,0.8691720616623014,2.982674902628524,1.571660878857015,3.5618509884068086,1.317911817457846,1.5478495626706568,2.1072827866958286,1.0843228378960759,0.8650889768131105,1.233618142996717
NDUFA6,1.2820295279109681,3.1213448643359447,2.361047706483753,0.7991837328165563,1.417255380068077,1.9064611676220895,1.6356839719296479,0.0,1.5761925874697504,1.2216015423540714,1.188390806094169,4.169153252948675,0.8691720616623014,2.154535221217732,0.35814981818366254,2.5562129137112657,3.336910324023274,3.888869859616058,3.9320611713434244,2.792345218480669,3.4991953320557108,2.9606840670362464
NDUFA7,0.0,0.0,0.0,0.0,0.0,0.0,0.0,0.0,0.0,0.0,0.0,0.0,0.0,0.0,0.0,0.0,2.4489960707592995,2.953222395272241,2.912303039941935,1.9204267004539737,2.514564155957575,1.8638829610860588
NDUFA8,1.9499519661523377,3.409728150685769,3.0427332692291826,3.98206502770723,1.258403008772257,2.699944212963963,3.4105571584071974,1.714931113429805,1.990130089653629,2.9373957716654355,2.6125733248662963,4.169153252948675,2.1065015418894144,2.154535221217732,2.2213058670245185,3.4740364122708227,1.8842110666659133,2.266393774403544,2.1588184915353623,1.4146497228768167,1.6340030599079454,1.315299576622264
NDUFA9,1.2820295279109681,0.9728752321750834,1.0245737803502888,1.3104754272824715,0.0,0.0,2.0037812511297397,0.0,0.5805842079483328,1.873462469399275,0.8216207607735451,0.0,1.1634481756933626,1.4468522188078796,0.35814981818366254,1.0328490506344752,1.8053915213867073,2.0856116098015405,1.9983002256506937,1.2986641801665826,1.6988229941607713,1.2204909333275478
NDUFAB1,2.8959108918582372,4.754577886905829,3.8526638448021586,3.98206502770723,2.1182064330134267,3.9690781224458176,4.403972122414253,2.8252753004922777,1.3140375758440468,4.086159985917163,3.674308435975715,5.888809233085588,2.4715461643723966,4.4017762649419465,3.3243775578242607,4.359413580991339,2.3387524248079585,2.8121593318936347,2.7517464908168954,1.756545114491331,2.0518697369730696,1.6875400135786962
NDUFB1,2.404746480548279,4.532517243877272,4.1333771324307795,2.6277968769031386,2.447680985490052,4.464326956983078,4.18267929646747,2.6614203334475666,3.7426926178053495,4.1950884327136375,3.422270483592289,5.888809233085588,3.3931504923979694,3.9433946732762215,2.6021856789205122,5.107434587038667,3.4674881735083556,3.7024469964936677,3.931768141414276,2.9279703875854524,3.558928819807487,2.868408233506842
NDUFB10,4.066079864114289,5.405930438591006,4.43876960606843,5.161301869091712,2.653236514278847,4.202386247576195,3.832504177078076,2.2644411900445665,3.380402432882852,4.856644429647233,3.9134949423979983,5.765490124694861,3.7440765820679713,4.4017762649419465,4.116306483624664,5.107434587038667,5.993495485457443,6.8710550750866295,6.181790331221798,5.277739319536764,6.3704555109015635,5.203111082967548
NDUFB11,5.434239430649688,6.24971787642059,5.217329210276307,5.782106837035859,4.028161175841771,5.491280497271481,5.294007503888201,4.148983250943202,4.917996273237642,5.897492165562463,4.523469437174392,6.752168332260436,4.903592760993746,5.263011699204343,4.504438546479973,5.707551890442518,5.240100580901452,6.141898681342762,5.683424169043448,4.818998789377964,5.7474652794497,4.937824582769709
NDUFB2,3.7955877469508557,5.076107747082184,4.43876960606843,3.9128615342720674,2.022572745181773,3.6906216356885135,4.403972122414253,1.3344956937165007,3.4474593820188515,5.208106474360359,3.422270483592289,5.481865046719168,3.652211204799602,4.86756987145779,3.3644006755122846,5.0779510644019625,2.6226024284182787,3.065377572531719,2.93095301617441,2.1272271550854467,2.3543985592596703,2.067384020174311
NDUFB3,2.1951966572272386,3.6499580469104904,3.213326474361309,2.6277968769031386,1.079870427683663,2.699944212963963,3.565328031896477,2.015692466669394,2.4486610864203144,3.543054901661274,2.1128196935784125,5.225272759650194,3.004721035493838,3.0840437003091448,2.461658574896744,4.231358246245434,1.940786929038339,2.623525105809308,2.271918642154166,1.3818924433596675,2.5949569368624803,1.7081430824746404
NDUFB4,4.703579483099157,5.753582093939624,5.880785022276634,5.782106837035859,3.8446020479277196,5.047464785810116,5.379957674143801,4.377425765556538,4.235448996412318,4.788742666666473,4.73225184800415,6.542775863357607,4.352295033323518,5.305611124826182,4.31319713351095,5.69789318592674,4.373891771702488,5.0061768216528355,4.869604946783618,3.779637944798667,4.640273862148721,3.8441244899123057
NDUFB5,1.2820295279109681,2.5394670210513364,2.6256892999462913,1.3104754272824715,0.8760824601886417,1.9064611676220895,2.682325116560312,0.8163429357535725,1.5761925874697504,1.873462469399275,1.3418610037648901,3.420722897812127,1.6166098130615996,3.0840437003091448,1.0889042054110372,2.7923719044984896,2.467386439418472,2.604678646363954,2.799793970632153,1.9987334793343732,2.0482885068163075,1.9352673756414083
NDUFB6,3.4624002997678582,4.702184202118619,5.176649156816874,3.98206502770723,2.7756179533525565,3.6906216356885135,4.796671915856804,3.3407386755801904,3.0758441510216397,4.642527265330111,3.9616620140975556,5.55816747233245,3.274925153291889,4.047462794276299,3.9940722781296905,5.233126092975843,2.517749373810712,2.9897439402829993,2.790701152260186,1.6558967438171641,2.666081661708284,2.0135873177333714
NDUFB7,4.5794778670040275,5.2320635388511585,3.7454846828203165,3.8401704789538367,1.8098893648091707,3.4697871666946534,2.613023774659753,2.6614203334475666,3.9418750042766586,4.390999050174095,2.728471223848147,4.9129542252686855,3.6039875051989676,4.144526442981042,3.1056927727587196,4.564661784592496,4.24086382278575,4.791725527593872,4.459287341919253,3.548325643885888,4.522162490579855,3.842888346334968
NDUFB8,0.0,0.9728752321750834,0.0,1.3104754272824715,0.3544087781919574,0.0,0.9283887299237805,0.0,0.0,0.0,0.5960703215538553,0.0,0.0,0.0,0.8838890586853935,0.43155551601218267,4.899025744858747,5.545749107264762,5.160371653330101,4.245822681251635,4.8033562117979445,4.06137875379323
NDUFB9,4.957356309724782,5.372793052765359,5.473885848922383,5.528167908394871,3.3878715980473517,4.5230018072212745,4.945042344492892,3.950262601137287,4.30941476454965,5.259179357002168,4.689986229211081,5.765490124694861,3.9510049752838072,4.977045950593869,4.1849659697874495,5.754898625091442,3.5477706117392778,3.6052454083706538,3.8637600842422084,2.9425614214882785,2.7532044452614817,2.6478118254638137
NDUFC1,3.2616586857345657,4.853980827766791,5.134788671714505,4.339352906944117,2.1182064330134267,2.699944212963963,4.59579195346748,3.445220200067669,3.310076073762689,4.296366647131362,3.5220141720456435,5.946728666464157,2.2387148801794945,4.361962070946811,3.3644006755122846,4.7813706342183435,1.3301281087194985,1.70204133005586,1.6677014180810423,0.9353450819956518,1.26192189957288,0.9690646342035787
NDUFC2,0.0,1.5486816174546332,1.6176353973877058,1.3104754272824715,0.6386976985362087,0.9383194081038021,1.7690938450839908,1.3344956937165007,0.5805842079483328,1.2216015423540714,0.5960703215538553,2.5495194718428094,0.49907505514643524,1.1048402634756607,0.35814981818366254,1.4559832619066744,3.3346583697875056,3.885730534001465,3.6594907715834197,2.766168968433526,3.3465768469229795,2.6268853102121903
NDUFC2-KCTD14,0.0,0.0,0.0,0.0,0.0,0.0,0.0,0.0,0.0,0.0,0.0,0.0,0.0,0.0,0.0,0.0,1.42982482186844,1.8364493297607598,1.6730045667474287,1.0609742855390218,1.4331998364143828,0.9811183355469245
NDUFS1,2.1951966572272386,2.9521916457892705,3.7454846828203165,2.79096599955042,1.079870427683663,2.221932315030708,3.636901927675479,2.6614203334475666,1.990130089653629,2.320820742876321,1.8310535482077521,3.420722897812127,1.7990222214011768,1.1048402634756607,2.2213058670245185,3.2805367638464173,2.438157093444512,2.4262352294782112,2.7823372671897837,1.8690422597281828,1.8474157039967734,1.6706590814004028
NDUFS2,3.553183846680444,3.855837975067619,4.631700357644683,4.441168483285044,2.1182064330134267,2.480645978223324,4.18267929646747,2.9724039108609244,2.895479278944795,2.9373957716654355,3.730992740435323,4.9129542252686855,3.004721035493838,2.982674902628524,3.3243775578242607,4.686879971534115,4.058446384255067,4.367433972491016,4.023246479609791,3.35236446974539,3.9872753830231233,3.04463891956475
NDUFS3,2.750013302872432,3.6499580469104904,3.629699453273197,2.6277968769031386,2.1182064330134267,3.5844256957629343,3.4105571584071974,2.4765422453574897,2.311397783481028,3.8400145548913565,2.835746914352368,4.659465795490252,2.1065015418894144,3.771701478568492,2.461658574896744,4.431123480406748,3.4108390144323812,3.958490076457365,3.690305341007379,2.828180669028968,3.2916448109754244,2.717949446971215
NDUFS4,1.6543037799267732,2.5394670210513364,0.0,0.0,1.079870427683663,2.480645978223324,2.2055792899224067,0.0,1.5761925874697504,1.873462469399275,1.188390806094169,5.225272759650194,1.6166098130615996,2.755689454691158,0.6448364740609659,3.2805367638464173,0.306481573371884,0.49416878218205557,0.5521537385867367,0.24395052526473934,0.3422270298900905,0.25462185666774667
NDUFS5,3.0283997123322948,4.269947199528768,3.95242824295153,3.19239608436163,1.5603387724303865,3.6906216356885135,4.03153086483591,0.8163429357535725,3.51153744870796,4.086159985917163,2.728471223848147,4.5137917748669985,2.2387148801794945,4.278877614761301,2.730231379638207,4.6270647083835215,2.781582133723011,3.4676055500829976,3.270688900734875,2.3004810585761484,3.168675727998885,2.504920340101392
NDUFS6,3.2616586857345657,5.304143570736453,3.8526638448021586,3.98206502770723,2.2078929212058513,4.202386247576195,3.9774116621272144,2.2644411900445665,3.51153744870796,4.086159985917163,3.2775520685968074,5.12848921242707,3.274925153291889,4.478252655244306,3.283212363641803,4.725422011755032,3.134122346753484,3.4266337690266915,3.234829307860807,2.335951958461691,2.8679636564435143,2.3458391654159105
NDUFS7,4.395427317419317,4.853980827766791,4.631700357644683,4.970152763862515,2.653236514278847,4.464326956983078,4.2297367887591415,4.267721363252273,3.51153744870796,3.8400145548913565,3.8887946126094093,5.888809233085588,3.502417069908237,4.5150224519399025,3.9940722781296905,5.272702206751532,3.6789733078541698,4.275685014460821,3.7960058535902803,3.165796197197859,3.6976181566372417,2.9670616006072943
NDUFS8,4.395427317419317,5.116705476491936,5.217329210276307,5.100356784705024,2.519503269110555,3.8820971442929006,4.083693106486799,3.3407386755801904,3.7951250470733062,4.921493474804476,4.0082727590291505,5.481865046719168,3.55409596424048,4.190714369519048,3.743985065969366,5.001493250834477,4.00403390128449,4.6623593333399755,4.254495784052514,3.541378542697592,4.265556915602505,3.3964677828634127
NDUFV1,3.6385913422068916,3.6499580469104904,4.631700357644683,4.285617315825717,2.2078929212058513,3.7895336569200433,3.7050921600689803,1.714931113429805,2.159688238940048,3.8400145548913565,3.3151152252057954,3.7154520670374778,3.004721035493838,3.0840437003091448,3.197181258594927,4.706279695619529,5.281624073639732,5.882953562164108,5.411616061533711,4.696661572918576,5.22127776655016,4.468179253686671
NDUFV2,0.0,0.0,0.0,0.0,0.0,0.0,0.0,0.0,0.0,0.0,0.0,0.0,0.0,0.0,0.0,0.0,2.556640316775506,2.9915753580152287,3.073986424929233,1.9411175819574111,2.5124317068527553,1.972960951954362
NDUFV3,2.1951966572272386,3.534837558101131,3.213326474361309,2.937541518793577,1.079870427683663,2.699944212963963,2.8722466344687336,1.3344956937165007,2.4486610864203144,2.320820742876321,2.6716857836410073,3.420722897812127,2.762625283789231,3.0840437003091448,2.53363247320621,4.0305325841010875,2.2985820735681375,2.5132608056384393,2.5630018910079384,1.752851331609251,2.0353670167676574,1.549126980199267
NFATC1,1.9499519661523377,3.409728150685769,3.0427332692291826,2.79096599955042,1.417255380068077,3.0583783601290637,2.682325116560312,1.714931113429805,1.5761925874697504,2.9373957716654355,2.728471223848147,3.420722897812127,2.671971118458802,2.4862001462110053,2.30595136818803,3.760511605217613,1.6087477494452276,1.613244028178253,1.6368357170567163,1.0473708672767708,1.1304762504519579,0.8217649017309949
NFATC2,3.0283997123322948,1.959119175305102,4.1333771324307795,1.3104754272824715,0.6386976985362087,0.0,3.4900170586275063,1.714931113429805,1.5761925874697504,1.873462469399275,2.835746914352368,4.3517392679306965,1.6166098130615996,2.6272281056900177,2.0354800822716066,2.639302615833334,1.5904008160918648,1.518615706089068,2.1766355354483906,1.0827298354382355,0.8314938224068978,0.8581202830970366
NFATC3,2.750013302872432,1.959119175305102,4.1333771324307795,2.232839243769332,1.258403008772257,2.8902642881649134,3.4900170586275063,1.3344956937165007,2.796069496231372,2.6617993554754262,2.728471223848147,3.7154520670374778,1.7990222214011768,2.755689454691158,2.30595136818803,3.2805367638464173,1.8931563741771518,1.9779209788496728,2.4714684268301244,1.4241535208054896,1.525061579230583,1.3832370255076325
NFATC4,0.0,0.0,0.0,0.0,0.0,0.0,0.0,0.0,0.0,0.0,0.0,0.0,0.0,0.0,0.0,0.0,0.009546312065568623,0.04512126422761981,0.053143457793966786,0.027979648417344155,0.07564585175883697,0.046030693342960484
NFS1,0.0,0.0,1.0245737803502888,1.3104754272824715,0.3544087781919574,0.9383194081038021,2.0037812511297397,0.8163429357535725,0.5805842079483328,1.2216015423540714,0.8216207607735451,0.0,0.49907505514643524,0.6556955771400196,0.0,1.0328490506344752,1.6353829336358796,1.9978379449331995,2.081458938034464,1.2901589613081421,1.4481662050650157,1.1767887006604962
NFU1,0.778968982516326,2.2782802488562335,0.0,1.3104754272824715,0.0,1.9064611676220895,1.891204456093566,1.3344956937165007,1.79795654173978,2.320820742876321,1.188390806094169,4.5137917748669985,1.6166098130615996,2.329877683566856,1.427974120830572,2.7178663814333084,0.7537713863780987,0.9967560626312902,1.0624740512890085,0.5244980241228344,0.6639466225066225,0.5456402668993982
NGF,0.0,0.0,0.0,0.0,0.0,0.0,0.0,0.0,0.0,0.0,0.0,0.0,0.0,0.0,0.0,0.0,0.005039337179697069,0.0,0.0031667432882214234,0.0010632407985516274,0.0,0.0015399328680530528
NIPA1,0.0,0.0,1.0245737803502888,1.3104754272824715,0.0,0.0,1.1402545070427756,0.0,0.0,1.2216015423540714,0.3286030448632194,4.5137917748669985,0.49907505514643524,0.6556955771400196,0.8838890586853935,1.6285971008511562,0.9536198618386985,0.9699303285403287,1.3815934770706664,0.5237375778069706,0.47442358267448437,0.39507596473544804
NIPA2,2.750013302872432,2.9521916457892705,3.7454846828203165,3.9128615342720674,1.8098893648091707,2.8902642881649134,3.601558793025819,2.6614203334475666,2.988478519841334,3.543054901661274,3.6451086144283975,4.659465795490252,3.004721035493838,3.178755179854226,2.84783310192576,4.090819536835907,2.998186474995837,3.1662301808446647,3.253007476179903,2.2603840262907124,2.48598833845266,2.2195681594092815
NIPAL1,0.0,0.0,0.0,0.0,0.0,0.9383194081038021,0.0,0.0,0.0,0.0,0.0,0.0,0.0,0.0,0.0,0.0,0.1164053485549985,0.08425779070869067,0.11804470425234741,0.048261858140822456,0.035614760903892415,0.03164249422903904
NOS1,0.0,0.0,0.0,0.0,0.0,0.0,0.0,0.0,0.0,0.0,0.0,0.0,0.0,0.0,0.0,0.0,0.006002523949535726,0.004572063684586649,0.007876694564570744,0.0013819043480144302,0.005090071467634543,0.0036670521664876866
NOS2,0.0,0.0,0.0,0.0,0.0,0.0,0.0,0.0,0.0,0.0,0.0,0.0,0.0,0.0,0.0,0.0,0.01365605924506345,0.018124512273793164,0.03593029154722985,0.016607423817345767,0.019644703601029923,0.02124688749143678
NOS3,0.0,0.9728752321750834,0.0,0.0,0.0,0.0,0.9283887299237805,1.3344956937165007,0.0,0.0,0.3286030448632194,0.0,0.0,0.0,0.0,0.763304398099488,0.8245992403979315,1.3750227446571794,1.129441292518494,0.9117437288436588,1.2734920186456293,0.8110574808897958
NR0B2,0.0,0.0,0.0,0.0,0.0,0.0,0.0,0.0,0.0,0.0,0.0,0.0,0.0,0.0,0.0,0.0,0.05268145358839508,0.0,0.0,0.0,0.0428638064550408,0.0
NR1H4,0.0,0.0,0.0,0.0,0.0,0.0,0.0,0.0,0.0,0.0,0.0,0.0,0.0,0.0,0.0,0.0,0.004406597314920115,0.005270250746814967,0.01012676226622507,0.0012393066856205219,0.0,0.0
NTRK1,0.0,0.0,0.0,0.0,0.3544087781919574,0.0,0.0,0.0,0.0,0.0,0.0,0.0,0.0,0.0,0.35814981818366254,0.43155551601218267,0.4095636418556656,0.44907744589590964,0.40841405369066236,0.2339027814771371,0.42934065431480917,0.2516718350495316
NTRK2,0.0,0.0,0.0,0.0,0.0,0.0,0.0,0.0,0.0,0.0,0.0,0.0,0.0,0.0,0.0,0.0,0.002603142898769279,0.003113724358901792,0.006297463700070128,0.00203759345862783,0.00872617090805817,0.003064057832734837
NTRK3,0.0,0.0,0.0,0.0,0.0,0.0,0.0,0.0,0.0,0.0,0.0,0.0,0.0,0.0,0.0,0.0,0.008211188686309791,0.0028119558529234976,0.0023199493744699667,0.001557125755846939,0.0016342822615645492,0.0024599040146073745
NTSR1,0.0,0.0,0.0,0.0,0.0,0.0,0.3796761410528195,0.0,0.5805842079483328,1.2216015423540714,0.0,0.0,0.49907505514643524,0.6556955771400196,0.0,0.43155551601218267,0.23886266021655395,0.3410828555510487,0.370640821388635,0.31276390534778425,0.4422874677009912,0.29654903211616995
ORAI1,4.622042303744888,5.076107747082184,5.473885848922383,5.275972919765127,2.653236514278847,3.9690781224458176,4.780959844053905,4.209573525154075,3.8457185419008333,4.642527265330111,4.031025316417159,5.225272759650194,3.652211204799602,3.8312319668795105,4.068648233623292,5.20612570982002,4.211713116890915,4.812729243408553,4.283884741672189,3.633617202561503,4.512024566275096,3.6493050450646587
ORAI2,2.587684024944611,3.855837975067619,4.6906740251799075,4.229802561109316,2.3720949532136775,2.8902642881649134,3.601558793025819,3.228095571802689,3.380402432882852,3.1686945578360515,3.7585210103071853,4.3517392679306965,3.6039875051989676,2.4862001462110053,3.5493831851467026,4.564661784592496,5.286615052443206,5.747000623898833,4.778970732117856,4.453273926891409,5.126592975823274,4.30348122090015
ORAI3,0.0,1.5486816174546332,2.6256892999462913,1.3104754272824715,0.0,1.9064611676220895,2.4635561289458807,0.8163429357535725,2.4486610864203144,0.0,1.8310535482077521,1.7770288060001032,2.1065015418894144,1.1048402634756607,0.6448364740609659,1.7827476619453582,4.650287793689957,5.0559548133240595,4.550180368313795,3.988275675874402,4.740031667485462,3.8761338141189876
OXTR,0.0,0.0,0.0,0.0,0.0,0.0,0.0,0.0,0.0,0.0,0.0,0.0,0.0,0.0,0.35814981818366254,0.0,0.06108256969446145,0.06487057621153744,0.1170261951759663,0.05446537410801116,0.06054743128086828,0.06414655823885582
P2RX1,1.9499519661523377,1.959119175305102,1.6176353973877058,2.79096599955042,1.079870427683663,1.5021214401172056,1.891204456093566,2.2644411900445665,2.311397783481028,1.873462469399275,2.5509349493943185,1.7770288060001032,1.1634481756933626,1.4468522188078796,1.8221301990800551,2.995256381553502,3.7141355938563327,3.780939959363744,3.378923564846738,3.762146802932689,4.547388132005338,3.7832994894773684
P2RX2,0.0,0.0,0.0,0.0,0.0,0.0,0.0,0.0,0.0,0.0,0.0,0.0,0.0,0.0,0.0,0.0,0.0,0.021925117397441286,0.0,0.17562551435801219,0.014896701959591882,0.08747356807241193
P2RX3,0.0,0.0,0.0,0.0,0.0,0.0,0.0,0.0,0.0,0.0,0.0,0.0,0.0,0.0,0.0,0.0,0.007817836234966432,0.023257055850636928,0.002459356724354894,0.01642286395342534,0.018944184965242254,0.0011957884645925033
P2RX4,2.587684024944611,2.760538253857838,2.6256892999462913,2.232839243769332,1.258403008772257,1.9064611676220895,2.4635561289458807,1.3344956937165007,1.3140375758440468,2.6617993554754262,2.4191466555702945,2.5495194718428094,2.1065015418894144,2.6272281056900177,2.0354800822716066,3.8677769952612713,2.3174661598222155,2.9053605277858887,2.965050978415874,1.9729572769770245,2.195007359374531,1.7653947132837637
P2RX5,0.0,0.9728752321750834,2.0367054680925434,1.3104754272824715,0.6386976985362087,0.9383194081038021,2.682325116560312,0.8163429357535725,0.0,0.0,1.188390806094169,1.7770288060001032,0.8691720616623014,0.0,0.8838890586853935,1.4559832619066744,2.8140109782063347,3.6546417563380995,3.442521570228088,3.0052975761160683,3.0003209639406836,2.6546234272656295
P2RX6,0.0,0.0,0.0,0.0,0.0,0.0,0.3796761410528195,0.0,0.0,0.0,0.0,0.0,0.0,0.0,0.0,0.0,0.08512221609281483,0.22489229961038423,0.16625010881036548,0.1326409317810076,0.08557422102984756,0.10724341061759479
P2RX7,1.2820295279109681,1.5486816174546332,1.0245737803502888,1.6872170042245511,0.6386976985362087,0.0,1.7690938450839908,0.8163429357535725,0.9934275680204352,1.2216015423540714,1.4805637768110693,3.049907561866346,0.49907505514643524,1.7231222006017402,0.8838890586853935,2.863217932099475,1.6434591054581638,1.3242806540275645,1.781363910449583,1.198274118008789,0.8507682250578597,0.8558916544798997
PCBP1,6.108752260441576,7.3549499557659,7.949402273621839,7.468808759967068,5.173373566538974,6.603046752632526,7.717886358083448,6.149872355972479,5.893936223994289,6.964411041646914,7.232520059074275,7.496754112299654,6.050992073404301,6.540090069079236,6.861067536959652,7.499227754897678,10.244018879158048,10.548031965975772,9.912645374430053,9.488408560641032,10.183759425584974,9.18940206405628
PCBP2,5.999990236482686,6.469399282646518,7.713835818939066,5.660717372684858,5.290912142140171,5.520373148940284,7.537952593668229,4.619943117255641,6.136758577093683,6.338482778520652,6.04379042223151,6.107719144635495,6.077722694027806,5.555510205811945,5.855983895625358,6.247314126702426,6.459802081385868,6.838850946165649,6.418817363596325,5.855962297798557,6.362287523938077,5.610050372424083
PDE1A,0.0,0.0,0.0,0.0,0.0,0.0,0.0,0.0,0.0,0.0,0.0,0.0,0.0,0.0,0.0,0.0,0.004173143121852678,0.002081734571600364,0.002403805683726978,0.0005869088864159553,0.002398361365019786,0.0015935428725576447
PDE1B,0.0,0.0,1.0245737803502888,0.0,0.0,0.0,0.3796761410528195,0.8163429357535725,0.0,0.0,0.3286030448632194,0.0,0.0,0.0,0.35814981818366254,1.0328490506344752,1.5586300993269493,1.8644892645216082,1.6543942942095076,0.8902202019383474,1.310520446222146,0.9100618062367513
PDE1C,0.0,0.0,0.0,0.0,0.0,0.0,0.0,0.0,0.0,0.0,0.0,0.0,0.0,0.0,0.0,0.0,0.004231848252166857,0.0031801020812037067,0.0038323875432027476,0.0014943916218901215,0.0023955527798757634,0.0025246412257443752
PDGFA,0.0,0.0,1.6176353973877058,1.3104754272824715,0.6386976985362087,0.9383194081038021,0.0,0.0,0.5805842079483328,0.0,0.8216207607735451,0.0,0.49907505514643524,0.0,0.6448364740609659,0.0,0.27592483417018465,0.27372713133835963,0.12866834739800526,0.13281397131918696,0.3905411278122388,0.17773796220331853
PDGFB,0.0,0.0,0.0,1.985669903319494,0.0,0.0,0.6799637694923305,0.0,0.0,1.2216015423540714,0.3286030448632194,0.0,0.0,0.0,0.35814981818366254,0.0,1.625373368334967,1.8872640023078135,2.0645759359135574,0.7802084558122632,0.6655310302718292,0.7225875554798166
PDGFC,0.0,0.0,1.6176353973877058,1.3104754272824715,0.0,0.0,0.9283887299237805,0.0,0.0,1.2216015423540714,1.0166298238559357,3.049907561866346,0.0,1.1048402634756607,0.35814981818366254,1.7827476619453582,0.11698322618713884,0.07792452843011943,0.16363269060299332,0.045567523648174894,0.03365007928323788,0.051486120591797725
PDGFD,0.0,1.5486816174546332,1.0245737803502888,0.7991837328165563,0.6386976985362087,0.9383194081038021,0.0,0.0,0.0,0.0,0.0,1.7770288060001032,0.0,0.0,0.35814981818366254,1.2598737271842533,0.14077211293330694,0.1487857611753788,0.22156407662529565,0.07310782527069053,0.04187754435277918,0.08277438171640737
PDGFRA,0.0,0.0,0.0,0.0,0.0,0.0,0.0,0.0,0.0,0.0,0.0,0.0,0.0,0.0,0.0,0.0,0.019220105493552415,0.017257188993365282,0.02529391408338832,0.025056868284033477,0.025657488199561488,0.019940126242366615
PDGFRB,0.0,0.0,0.0,0.0,0.0,0.0,0.3796761410528195,0.0,0.0,0.0,0.0,0.0,0.0,0.0,0.0,0.43155551601218267,0.45615008627042125,0.2647009579090966,0.4221694776372597,0.671309679146553,0.48048642173925804,0.46830700206645987
PHEX,0.0,0.0,0.0,0.0,0.3544087781919574,0.0,0.3796761410528195,0.0,0.0,0.0,0.5960703215538553,0.0,0.0,0.0,0.0,0.0,0.055292154677148,0.055770118495400624,0.08218467920772844,0.021409794093815902,0.01816696722939631,0.0208644253665856
PHKA1,0.0,0.0,0.0,0.0,0.0,0.0,0.0,0.0,0.0,0.0,0.0,0.0,0.0,0.0,0.0,0.0,0.014696214381914555,0.012317426039771628,0.022702017902729653,0.0062111758927884606,0.005578705567529499,0.005998687942121219
PHKA2,0.778968982516326,0.0,2.0367054680925434,1.3104754272824715,0.0,1.5021214401172056,2.382583329773471,0.8163429357535725,0.5805842079483328,1.2216015423540714,2.1128196935784125,2.5495194718428094,0.8691720616623014,0.6556955771400196,1.8221301990800551,2.273681915428579,2.1738310155677,2.1372313533321594,2.002018360534305,1.5186660582461886,1.7725697986593574,1.3139829764023132
PHKB,0.778968982516326,2.2782802488562335,3.629699453273197,1.985669903319494,0.0,1.5021214401172056,2.986255187113425,1.3344956937165007,1.79795654173978,0.0,2.348444572537594,4.169153252948675,1.1634481756933626,1.1048402634756607,2.2213058670245185,2.995256381553502,1.1146335490689394,0.9984937617082548,1.2268229290830177,0.6656338065081749,0.5793462319719268,0.5473313683073909
PHKG1,0.0,0.0,0.0,0.0,0.0,0.0,0.0,0.0,0.0,0.0,0.0,1.7770288060001032,0.0,0.0,0.0,0.0,2.1813029553292727,2.5755350113933306,2.4570636565101203,1.9325563511598132,2.3098222863232656,1.7245498688870167
PHKG2,0.778968982516326,1.5486816174546332,3.365863908016573,1.6872170042245511,1.079870427683663,0.9383194081038021,1.7690938450839908,2.015692466669394,1.79795654173978,1.2216015423540714,1.4805637768110693,2.5495194718428094,1.1634481756933626,1.954894810214772,1.7023242894113075,2.7923719044984896,3.8159544963630787,4.325177709639415,3.8848909234026525,3.1966038968508945,4.043781937050827,3.2491494900033575
PHPT1,0.0,0.0,0.0,0.0,0.0,0.0,0.0,0.0,0.0,0.0,0.0,0.0,0.0,0.0,0.0,0.0,4.377915000993913,5.079062313668319,4.724524767083705,3.8030513393779763,4.592648387236067,3.94341502893787
PLCB1,0.0,0.0,2.361047706483753,0.7991837328165563,0.0,0.0,1.4886685059552254,0.0,0.0,1.873462469399275,1.3418610037648901,0.0,0.0,0.6556955771400196,0.0,1.7827476619453582,0.10495359875022227,0.12239124160665438,0.18558368594081215,0.05284641246913197,0.044359144509280565,0.047562398582634106
PLCB2,2.750013302872432,2.9521916457892705,4.43876960606843,3.304714818680092,1.8098893648091707,1.5021214401172056,2.4635561289458807,2.4765422453574897,1.990130089653629,2.320820742876321,2.886534555623297,2.5495194718428094,2.928448911844235,0.0,3.3243775578242607,3.999417288790498,5.950405423179087,5.872213143975773,5.592262671475981,5.081740131088055,5.74315947452884,5.099316246994128
PLCB3,0.778968982516326,0.0,1.6176353973877058,1.3104754272824715,0.6386976985362087,0.9383194081038021,0.3796761410528195,1.714931113429805,0.0,1.2216015423540714,0.3286030448632194,0.0,0.8691720616623014,0.0,0.6448364740609659,0.763304398099488,2.637568515731454,2.655367858468398,2.415423368594561,1.8016594761857645,2.2867599326618886,1.4130253405165154
PLCB4,0.0,0.0,0.0,0.0,0.0,0.0,0.0,0.0,0.0,0.0,0.0,0.0,0.0,0.0,0.0,0.0,0.006294633967030714,0.003092893418278238,0.007295338188591642,0.004491698729901187,0.0017040711909052533,0.00473165854802878
PLCD1,1.2820295279109681,0.9728752321750834,1.0245737803502888,2.79096599955042,1.079870427683663,0.9383194081038021,1.891204456093566,2.015692466669394,0.5805842079483328,0.0,1.3418610037648901,1.7770288060001032,0.8691720616623014,1.4468522188078796,1.8221301990800551,2.273681915428579,2.233378856000765,2.6783153393616006,2.3316392992482076,1.839254187043374,2.3416499329709537,1.6302004227323927
PLCD3,0.778968982516326,0.9728752321750834,1.0245737803502888,0.0,0.0,0.0,0.0,0.0,0.9934275680204352,0.0,0.0,0.0,1.1634481756933626,0.0,0.0,0.763304398099488,0.5105882888157065,0.7291716267512615,0.5121672049938663,0.3877452233946344,0.5681868273421233,0.3151731887420636
PLCD4,0.0,0.0,0.0,0.0,0.0,0.0,0.0,0.0,0.0,0.0,0.3286030448632194,0.0,0.0,0.0,0.0,0.43155551601218267,0.8078049727061105,1.1533254385949137,0.9972208583061289,0.7992473202704445,0.9280139878274114,0.5677527836511378
PLCE1,0.0,0.0,0.0,0.0,0.0,0.0,0.0,0.0,0.0,0.0,0.0,0.0,0.0,0.0,0.0,0.0,0.035969974280593835,0.0583920056240504,0.08870797759728041,0.034754230360754014,0.024377414213371994,0.035961953390588206
PLCG1,1.9499519661523377,1.5486816174546332,2.849228617248894,2.6277968769031386,0.8760824601886417,2.221932315030708,2.682325116560312,2.015692466669394,0.5805842079483328,2.6617993554754262,1.0166298238559357,1.7770288060001032,1.9609379974868322,1.7231222006017402,1.0889042054110372,3.116217167394099,3.1546382924855743,3.558990025385504,3.716101964338957,2.7867991612870764,2.8968918128449075,2.2743034130675106
PLCG2,0.0,0.0,1.0245737803502888,0.0,0.3544087781919574,0.0,0.3796761410528195,0.0,0.0,0.0,0.5960703215538553,0.0,0.8691720616623014,0.0,0.0,0.0,2.5705455071667975,2.581209019594517,2.321091089008471,1.8692871049266517,2.4553443188111284,1.840153008495013
PLCZ1,0.0,0.0,0.0,0.0,0.0,0.0,0.0,0.0,0.0,0.0,0.0,0.0,0.0,0.0,0.0,0.0,0.007269227696766025,0.010135859271275015,0.007607522204111261,0.0020458484104256395,0.017619658443823478,0.0014820692971002556
PLN,0.0,0.0,0.0,0.0,0.0,0.0,0.0,0.0,0.0,0.0,0.0,0.0,0.0,0.0,0.0,0.0,0.19500231819429953,0.29966316038079266,0.5447474907667982,0.033134839028702415,0.16008504159126147,0.0939789972039753
PPA1,3.1497383185906034,5.194626462409599,4.1333771324307795,3.98206502770723,1.417255380068077,3.208931071539349,4.134034990046426,2.4765422453574897,2.689299537324389,4.086159985917163,3.028977590954943,4.7917702549512144,1.7990222214011768,4.235469345520198,2.385904598926052,4.204324445013549,1.8153376924792886,2.2697423470596028,2.4233979909186147,1.3821747435348934,1.7974695860156347,1.4048104990220185
PPA2,2.1951966572272386,3.534837558101131,2.6256892999462913,3.4089172367881933,1.5603387724303865,2.480645978223324,3.565328031896477,2.015692466669394,1.5761925874697504,3.968330428818324,2.728471223848147,4.7917702549512144,1.6166098130615996,3.0840437003091448,2.6676286425376645,4.0305325841010875,0.9922804418342246,1.2960168225332225,1.4778430855158708,0.6783315668511422,0.8325076746304735,0.6794129879937383
PPIF,3.3655181657234947,3.855837975067619,4.50598768979347,4.5815685003304285,2.1182064330134267,2.221932315030708,4.004725017419963,3.5426433588803468,3.6317396813398,3.1686945578360515,3.9616620140975556,4.3517392679306965,3.077162490921044,3.267630140916396,3.617209252814423,4.6672158222681155,4.745032908954187,5.701460341222904,5.139506331425555,4.414176133586909,5.377800504554122,4.4981168055652985
PPP3CA,2.8959108918582372,4.035973459901941,4.368265992882751,3.7636216032436143,2.2078929212058513,3.0583783601290637,4.004725017419963,2.9724039108609244,3.2361450861844503,4.1950884327136375,3.8120501464205887,5.024743028866573,3.1461397276295884,2.873641657136113,3.197181258594927,4.231358246245434,1.1558139841440758,1.1768206080330545,1.2700983121365566,0.6177592440465497,0.6687844812821041,0.7211635136946837
PPP3CB,1.9499519661523377,3.7565674132255027,4.0457377516248485,3.506097696069994,1.6905031159365846,2.221932315030708,3.862673479157744,2.2644411900445665,2.159688238940048,2.6617993554754262,3.584873836910438,5.12848921242707,2.2387148801794945,3.0840437003091448,3.1521621118224923,3.8677769952612713,2.2733666891186144,2.3239839125657884,2.8275853297334876,1.6210414327333267,1.3863088122574825,1.4988686683266461
PPP3CC,1.6543037799267732,3.272730234058528,2.849228617248894,3.0705890618495357,1.079870427683663,2.8902642881649134,3.4900170586275063,2.2644411900445665,1.79795654173978,2.320820742876321,2.6716857836410073,4.169153252948675,1.7990222214011768,1.4468522188078796,2.385904598926052,3.2805367638464173,1.5092752584620759,1.910805562204056,2.5274707504585807,1.1203917566062394,1.1320042571389912,1.1272172481780494
PPP3R1,2.8959108918582372,3.272730234058528,4.50598768979347,3.7636216032436143,2.447680985490052,2.699944212963963,3.0400497510186075,2.015692466669394,3.51153744870796,3.6991619288169963,3.5220141720456435,3.049907561866346,2.762625283789231,1.1048402634756607,2.903224107043078,3.4740364122708227,3.009934737608526,3.213187059802666,3.0567655877670594,2.263902767086301,2.7629291789925112,2.359507114483822
PPP3R2,0.0,0.0,0.0,0.0,0.0,0.0,0.0,0.0,0.0,0.0,0.0,0.0,0.0,0.0,0.0,0.0,0.18307865925017094,0.13372435688865272,0.04821958200702697,0.06434912121408329,0.031314165922364155,0.17906256674693385
PRKACA,3.2616586857345657,3.9487153667437527,5.047237649708024,4.536269851348431,2.9416842752382046,2.8902642881649134,4.134034990046426,2.8252753004922777,3.572890076871973,3.543054901661274,4.240755178914123,3.420722897812127,3.274925153291889,2.873641657136113,4.044215422477056,4.8174995521185755,5.377425725388025,5.730058413604253,4.8598900587011356,4.48787218265796,5.608534276640422,4.455261454929116
PRKACB,2.8959108918582372,5.034334428235974,4.905063555258249,4.229802561109316,2.519503269110555,3.6906216356885135,5.027252483680816,2.9724039108609244,2.988478519841334,4.390999050174095,3.5220141720456435,5.828466916293876,3.1461397276295884,3.8312319668795105,3.008007350306571,4.6672158222681155,1.1891224082079648,1.2049357332354538,1.9206553578909646,0.7494922197363648,0.3871750224137002,0.7840474411522195
PRKACG,0.0,0.0,0.0,0.0,0.0,0.0,0.0,0.0,0.0,0.0,0.0,0.0,0.0,0.0,0.0,0.0,0.0,0.0,0.10051510406928645,0.0,0.0,0.1443152994624168
PRKCA,0.0,0.0,2.361047706483753,1.985669903319494,1.079870427683663,0.0,2.4635561289458807,1.3344956937165007,0.9934275680204352,0.0,2.024873399877407,3.7154520670374778,1.1634481756933626,1.1048402634756607,1.8221301990800551,2.273681915428579,0.43989011116162136,0.5187415831869661,0.7357812326056162,0.33047005735137785,0.32332856035506924,0.26197122883538004
PRKCB,4.066079864114289,4.754577886905829,6.177334244487009,5.504842121803344,3.533755085928201,4.877996168741621,5.574789164478156,3.877435862315454,4.479266268475045,4.856644429647233,5.466942238527459,6.056026342608952,4.292695079703952,4.4017762649419465,4.8668141610916695,5.871186862799339,2.6323333679979273,2.6360189965112664,2.6578663373883282,1.9430511349957091,2.2885682324184105,1.9019654937606116
PRKCG,0.0,0.0,0.0,0.0,0.0,0.0,0.0,0.0,0.0,0.0,0.0,0.0,0.0,0.0,0.0,0.0,0.018632037866431507,0.013954096556337966,0.04064054180158366,0.03126800199630678,0.11503604041313638,0.04923163658598841
PRNP,2.1951966572272386,4.118253597392234,4.294139085579917,3.4089172367881933,0.8760824601886417,3.5844256957629343,4.64869441767262,3.3407386755801904,1.3140375758440468,3.1686945578360515,3.5220141720456435,4.9129542252686855,1.4077490220026418,3.576779820277212,3.3644006755122846,4.431123480406748,4.057562910642705,3.8891230477225127,4.383711203571467,3.024137025562089,2.492653089334799,2.8467801215049593
PTAFR,3.937163891550475,4.647815820920166,5.978687507052446,5.964159543122275,3.462656501023155,3.208931071539349,4.945042344492892,4.085736326221887,4.479266268475045,4.479804379887264,5.280137028031805,5.765490124694861,4.642228821608885,3.9433946732762215,4.961186642809467,5.707551890442518,5.2819726698412905,5.624089193890959,4.875436055256451,4.642239465794404,5.507442643086229,4.729046950021151
PTGER1,0.0,0.0,0.0,0.0,0.0,0.0,0.0,0.0,0.0,0.0,0.0,0.0,0.0,0.0,0.0,0.0,0.19417658722944883,0.08059367857182394,0.11159665791026574,0.1478667335142933,0.1425336846800702,0.05531561927495934
PTGER3,0.0,0.0,0.0,0.0,0.0,0.0,0.0,0.0,0.0,0.0,0.0,0.0,0.0,0.0,0.6448364740609659,0.43155551601218267,0.024034942254411655,0.012604584899943826,0.0217017290139061,0.0043089337675099836,0.004973691925403545,0.012861544834271807
PTGFR,0.0,0.0,0.0,0.0,0.0,0.0,0.0,0.0,0.0,0.0,0.0,0.0,0.0,0.0,0.35814981818366254,0.0,0.012901981575326491,0.013085577005594836,0.016186353201709948,0.013235970306290703,0.01725847197938398,0.013522689150326266
PTH,0.0,0.0,0.0,0.0,0.0,0.0,0.0,0.0,0.0,0.0,0.0,0.0,0.0,0.0,0.0,0.0,0.06324461464163686,0.0,0.0,0.0,0.025976337443140925,0.03893450668311555
PTH1R,0.0,0.0,0.0,0.0,0.0,0.0,0.0,0.0,0.0,0.0,0.0,0.0,0.0,0.0,0.0,0.0,0.04036419888553112,0.03626882618500833,0.0032097414614422905,0.008599041631844639,0.006210112884456938,0.006233297780311616
PTH2R,0.0,0.0,0.0,0.0,0.0,0.0,0.0,0.0,0.0,0.0,0.0,0.0,0.0,0.0,0.0,0.0,0.018489612556353008,0.013487786796506682,0.01717265195578833,0.007820361653849422,0.005129892824141427,0.0029602132781443155
PTHLH,0.0,0.0,0.0,0.0,0.0,0.0,0.0,0.0,0.0,0.0,0.0,0.0,0.0,0.0,0.0,0.0,0.01810299938647716,0.01085604540558493,0.005708831558483139,0.0,0.04364771197050133,0.0083160903821158
PTK2B,3.0283997123322948,3.1213448643359447,4.854378396058844,4.536269851348431,2.519503269110555,3.5844256957629343,3.9495712104785072,2.9724039108609244,3.4474593820188515,4.788742666666473,4.031025316417159,4.7917702549512144,3.077162490921044,3.0840437003091448,4.468164710906471,5.409178657544287,4.165341177870191,4.091149728229268,3.871104373555458,3.1671812734968854,3.793261248408614,3.0429944636184123
PVALB,0.0,0.0,1.6176353973877058,0.0,0.3544087781919574,0.0,0.6799637694923305,0.0,0.0,0.0,0.0,0.0,0.0,0.0,0.0,0.43155551601218267,0.024636271331830304,0.06639523328401929,0.03957766452291327,0.19030890689378666,0.24311943618965967,0.18862753463502438
RET,0.0,0.0,0.0,0.0,0.0,0.0,0.3796761410528195,0.0,0.5805842079483328,0.0,0.0,0.0,0.0,0.0,0.0,0.0,0.10850170801614238,0.058705503180998736,0.12927365176276154,0.05181963322276395,0.021164289943815563,0.04810363021245669
RUNX2,0.778968982516326,1.959119175305102,3.629699453273197,2.6277968769031386,0.8760824601886417,3.0583783601290637,3.565328031896477,2.2644411900445665,2.5739917539361548,2.320820742876321,2.4865451154611953,4.659465795490252,1.4077490220026418,1.4468522188078796,1.427974120830572,3.116217167394099,0.567422784146404,0.6798723466280945,0.864752313021687,0.40292077928511627,0.460842146931326,0.42087041023465416
RXRA,4.780753877671132,4.853980827766791,5.632699770130443,5.742767722460011,4.70385043167838,4.579383301059939,5.470900112815888,4.865654234189642,5.253955330537807,5.208106474360359,5.140646632901268,5.481865046719168,4.778821421626257,5.103152174203463,5.1098595650256975,5.5554074974042065,4.227178857327742,4.208954184778543,3.583230227099919,3.3702647354982442,3.7694543960562727,3.136086363717331
RYR1,0.0,0.0,0.0,0.7991837328165563,0.0,0.9383194081038021,0.0,0.0,0.5805842079483328,0.0,1.0166298238559357,2.5495194718428094,0.49907505514643524,0.0,0.6448364740609659,0.763304398099488,0.18910469187950493,0.20920379679367987,0.18287151105493246,0.11581791956056725,0.13034774509527863,0.10340014748788488
RYR2,0.0,0.0,0.0,0.0,0.0,0.0,0.3796761410528195,0.0,0.0,0.0,0.0,0.0,0.0,0.0,0.0,0.0,0.010243672320134433,0.05925143306528484,0.04121031442329642,0.008990991176236425,0.03516569332635364,0.0449673062573989
RYR3,0.0,0.0,0.0,0.0,0.0,0.0,0.0,0.0,0.0,0.0,0.0,0.0,0.0,0.0,0.0,0.0,0.03279458091242201,0.0484920529721508,0.04882611892161321,0.025500446761815898,0.025596119347640424,0.030128258810605886
S100A1,0.0,0.0,0.0,0.0,0.0,0.0,0.0,0.0,0.0,0.0,0.0,0.0,0.0,0.0,0.0,0.0,1.117096565771126,1.3485610397527763,1.3915972695432641,0.6229518975033945,0.7119899634500726,0.8666603552223197
S100A10,5.933949082548521,7.155061184468635,7.324551187981212,7.204991936791262,5.184463498743947,6.250509929166059,6.883967237029039,6.351544861455707,5.587010766017101,6.9797181774974195,6.606374042127519,8.317243951304015,5.417650826926533,6.276588174929704,6.040226932342223,7.331340751735829,6.258807208786874,6.590561601373391,6.198415573337809,5.218974857123272,5.914023889915274,5.1013727373678215
S100A11,8.137679926875458,8.537832338230489,9.67255674113216,9.812981380639176,7.63450400091997,7.4444325920085195,8.789008470067733,8.62631186746588,8.62348293181983,8.551928663320904,8.8571612150839,9.656119405986033,8.077152007776474,7.794052689430439,8.521981628755926,9.574654635438188,7.756522965027678,8.493907473366693,7.157407572759231,6.695102985640479,8.840623734206373,7.151057141875241
S100A12,5.864739179695878,6.945666736142665,5.9548276644618525,6.440511933144021,5.270241496216588,5.734135004572205,6.1708813411236045,5.840697507846963,7.063738690039088,7.08254836938958,5.609814114036866,7.98543445240435,6.283090822351906,6.389808485854994,5.0980388632916025,7.619217684022878,7.531529621588046,8.183501401852043,7.202545058673583,6.570540346296468,8.953492243050238,7.44685998391766
S100A2,0.0,0.0,0.0,0.0,0.0,0.0,0.0,0.0,0.0,0.0,0.0,0.0,0.0,0.0,0.0,0.763304398099488,0.08591748154280399,0.08010817498638768,0.012301819963547716,0.05689325838801272,0.08517104053591604,0.0
S100A4,8.833886431560742,9.517056686496602,9.401809538447365,9.254688121496704,7.344364287790749,8.496269783481909,8.537576622846615,7.986586927388201,8.721565745810064,9.355436531019663,8.219072120624269,9.981158587979628,8.364481380072785,8.890367302607393,7.971197319085736,9.773399993610187,8.044541660170337,8.858605820370707,8.221833590820218,7.1880151151046965,8.832867867360354,7.69328482664352
S100A6,8.481881254148698,9.166911313869894,9.375090830370878,9.292640029192185,7.039998901120087,8.034215580756273,8.460763326626632,7.7418865002288495,8.650415800443074,9.123601037212827,8.354896062045025,10.113483667835558,8.09252521670389,8.835094296497305,8.110092073407225,9.818109911611213,10.132576842670009,10.74323556289645,9.768073471243234,8.96167252075638,10.665531342931882,9.361141078762952
S100A8,7.805074413256296,9.335482837462692,8.397317136779202,7.781847690492651,7.304258377912025,8.571168567568243,8.671428641645155,7.459557922414634,9.55954266410292,9.605331099143442,7.74372050751395,11.051460147327251,8.664012428959921,9.46553684527891,7.341440955723799,10.675643432717159,9.990997392053101,10.559998395938752,10.218539019536486,8.71891640216553,11.026959090004764,10.382353833664512
S100A9,10.598920207350467,11.608361212602647,10.827607190890825,11.206679382951902,9.890509919876054,10.539300570876948,10.180335154117099,10.25807836723347,11.77146365422672,11.786926572401498,10.387570057196804,12.642008294592706,11.122003311840281,11.419544756202276,10.253646672750829,12.473815528796973,11.496474333642013,12.276880458565142,11.211371215896632,10.24336442569366,12.361699832408618,11.241726991996924
S100B,1.2820295279109681,0.9728752321750834,1.6176353973877058,0.0,0.3544087781919574,1.9064611676220895,2.382583329773471,0.8163429357535725,0.0,1.2216015423540714,0.5960703215538553,0.0,0.8691720616623014,1.1048402634756607,0.8838890586853935,2.165709222598074,1.0937562179319935,1.4060957944802068,1.5874033982798832,0.9937649235685673,1.2746314209696004,0.9626163903039601
S100G,0.0,0.0,0.0,0.0,0.0,0.0,0.0,0.0,0.0,0.0,0.0,0.0,0.0,0.0,0.0,0.0,0.02926911378378643,0.03494688060921086,0.10731894745366155,0.0,0.04717149135735362,0.0
SAT1,3.1497383185906034,3.9487153667437527,5.662467502490608,4.229802561109316,2.7756179533525565,3.345246833575333,5.637206256019452,4.019589057332774,3.9876520253865277,4.5634588153136955,4.661105184992481,6.542775863357607,3.652211204799602,4.4017762649419465,4.068648233623292,6.21381888827125,8.720086895889743,8.83137375510281,8.332846647648777,7.827742823923223,8.679388608626283,9.145295334933598
SAT2,2.587684024944611,3.409728150685769,3.5038044720555637,3.8401704789538367,1.5603387724303865,2.221932315030708,2.8116755438058414,2.015692466669394,2.311397783481028,3.6991619288169963,3.1166814919936927,4.3517392679306965,1.9609379974868322,2.755689454691158,3.1521621118224923,4.585764096065648,5.377158462259525,5.893007804053376,5.5479032221656235,4.609654508905906,5.781401682224489,4.828966628199111
SCARB1,0.778968982516326,0.9728752321750834,2.0367054680925434,0.7991837328165563,0.6386976985362087,0.0,1.3249538882172842,0.0,1.5761925874697504,0.0,1.3418610037648901,0.0,0.49907505514643524,1.1048402634756607,1.427974120830572,2.165709222598074,0.6227167412958776,0.8080579615135489,0.7030962687157805,0.4376048787161874,0.5233873166615008,0.33050677184910776
SCNN1A,0.778968982516326,0.0,0.0,0.0,0.0,0.0,0.0,0.0,0.0,0.0,0.0,0.0,0.0,0.0,0.0,0.43155551601218267,0.1975257457434533,0.38548515449965476,0.32638892929349694,0.18431965453924037,0.23691136011296174,0.23100346856466963
SCNN1B,0.0,0.0,0.0,0.0,0.0,0.0,0.0,0.0,0.0,0.0,0.0,0.0,0.0,0.0,0.0,0.0,0.00516965558014317,0.0015481186105102947,0.00487028668439532,0.009245398825668506,0.004716602911706457,0.004734232514060983
SCNN1D,0.0,0.9728752321750834,0.0,0.0,0.0,0.0,0.0,0.0,0.0,0.0,0.0,0.0,0.0,0.0,0.0,0.43155551601218267,0.7907403482587292,1.1822918464044303,1.071899931565633,0.5197119785867652,0.940035163175341,0.7562333895518395
SCNN1G,0.0,0.0,0.0,0.0,0.0,0.0,0.0,0.0,0.0,0.0,0.0,0.0,0.0,0.0,0.0,0.0,0.001953038710847641,0.0,0.0024525875909124683,0.0,0.0,0.004764084432678421
SCO1,1.2820295279109681,1.959119175305102,2.0367054680925434,2.4437917000551366,0.3544087781919574,0.0,1.891204456093566,0.8163429357535725,0.9934275680204352,1.873462469399275,1.7234149308511522,1.7770288060001032,1.6166098130615996,2.329877683566856,1.571660878857015,2.863217932099475,2.3788389669119594,2.549188603022091,2.821355109189426,1.843863279536573,1.8050819182161073,1.560083943072862
SCO2,1.9499519661523377,2.2782802488562335,2.361047706483753,2.232839243769332,0.8760824601886417,1.5021214401172056,2.7484495217471303,0.8163429357535725,1.79795654173978,2.9373957716654355,2.274098235458651,2.5495194718428094,2.1065015418894144,2.329877683566856,1.8221301990800551,3.644625729855377,7.388137863772211,7.711336586961871,6.4212232992251375,7.059950076316402,7.982491680432546,7.0327951273920934
SCT,0.0,0.0,0.0,1.3104754272824715,0.0,0.0,0.0,0.0,0.5805842079483328,1.2216015423540714,0.0,1.7770288060001032,0.0,0.0,0.0,0.763304398099488,0.21278596028901212,0.9162970129454001,0.7358323450482491,0.3923460015974573,0.9912945342579095,0.6909998668390527
SCTR,0.0,0.0,0.0,0.0,0.0,0.0,0.0,0.0,0.0,0.0,0.0,0.0,0.0,0.0,0.0,0.0,0.004676770145754562,0.007452881078923409,0.0009802537379404413,0.0006578386792151682,0.009464804802740088,0.006182187087724408
SDHA,0.0,0.0,0.0,0.0,0.0,0.0,0.9283887299237805,0.0,0.0,0.0,0.8216207607735451,0.0,0.0,0.6556955771400196,0.0,0.0,3.0662648870951745,3.3432727854079256,3.2076367661582847,2.539181149438949,2.786966397072725,2.0758988204415636
SDHB,3.7955877469508557,4.532517243877272,5.405118691630987,4.5815685003304285,2.519503269110555,3.4697871666946534,4.46424240238661,3.5426433588803468,2.796069496231372,4.1950884327136375,4.457813441337141,5.630636261234761,2.762625283789231,3.9963668934573215,4.162440596790448,5.432662852742253,2.764564844479008,3.242713771303361,2.9146448835790473,2.060472864063875,2.649590168570106,2.158889566622486
SDHC,2.8959108918582372,4.269947199528768,4.43876960606843,4.171741248147674,1.8098893648091707,2.8902642881649134,4.18267929646747,3.105906934592934,2.689299537324389,3.6991619288169963,3.4562903822601454,4.9129542252686855,3.004721035493838,3.8312319668795105,3.514235642132786,4.852745766147195,1.6972934342078851,2.174013251336772,1.945008328415423,1.2183038062477376,1.7316133786755719,1.2130361549172926
SDHD,1.6543037799267732,2.9521916457892705,4.2159961985385594,2.6277968769031386,0.6386976985362087,1.9064611676220895,4.362346053874234,1.714931113429805,1.5761925874697504,3.1686945578360515,2.9355949367686454,4.169153252948675,2.4715461643723966,3.430470000315899,2.1313828111221738,3.760511605217613,2.9987064047906196,3.1729914746593524,3.2550021241026013,2.258739005599988,2.36666632154913,2.249154042018013
SELENOF,3.4624002997678582,5.646743513888953,5.720221378795554,5.100356784705024,2.993047316988203,4.202386247576195,5.892479759613602,4.429300420620137,3.4474593820188515,5.043051765187743,5.289602983947476,6.934985990179262,3.6039875051989676,4.809550264905816,4.880679822045323,6.193341995889941,2.7952370589569493,3.158619785782227,3.2498745965642124,2.1138738254949776,2.4155044962072822,2.3561240857441774
SELENOH,0.0,0.0,0.0,0.0,0.0,0.9383194081038021,0.0,0.0,0.0,0.0,0.0,0.0,0.0,0.0,0.0,0.0,4.738854287845333,5.484067219515042,5.497465470198853,4.348961798801963,4.890728783482349,4.241680044678053
SELENOI,0.0,1.5486816174546332,2.0367054680925434,0.7991837328165563,0.3544087781919574,0.0,0.9283887299237805,0.8163429357535725,0.5805842079483328,0.0,1.188390806094169,3.049907561866346,0.0,1.1048402634756607,0.35814981818366254,1.4559832619066744,0.6431829289059364,0.717388431022804,1.0735392059381121,0.5116785329115717,0.3267248632990511,0.4187588163458229
SELENOK,3.4624002997678582,4.407197453724646,4.1333771324307795,2.937541518793577,3.267881557529384,3.6906216356885135,4.716342352312827,3.5426433588803468,3.6317396813398,4.296366647131362,3.8380878841541497,4.7917702549512144,3.335248518904519,5.078797378292319,4.068648233623292,4.904051311812911,3.166636721151551,3.3906154130532435,3.2169142193688405,2.694898017492672,2.920232313134245,2.7896541416527634
SELENOM,2.404746480548279,3.272730234058528,3.365863908016573,2.4437917000551366,1.417255380068077,3.345246833575333,2.8722466344687336,1.3344956937165007,1.5761925874697504,3.1686945578360515,2.024873399877407,4.3517392679306965,1.1634481756933626,1.7231222006017402,1.8221301990800551,3.4740364122708227,1.371341396535481,1.8895708870904315,1.60897478834581,0.9731130878005261,1.5779918979434346,0.8501809355573479
SELENON,1.6543037799267732,1.959119175305102,3.7454846828203165,2.79096599955042,1.6905031159365846,2.480645978223324,2.9303768044304275,1.714931113429805,1.3140375758440468,1.2216015423540714,2.024873399877407,2.5495194718428094,1.7990222214011768,2.329877683566856,2.7902302016563167,3.5618509884068086,3.825266652276173,4.03319391421362,3.9455327949521237,3.4045857270144513,3.398394154053071,2.971015580410617
SELENOO,1.6543037799267732,1.959119175305102,3.0427332692291826,2.79096599955042,1.258403008772257,0.9383194081038021,1.891204456093566,1.3344956937165007,0.9934275680204352,2.6617993554754262,2.1128196935784125,3.420722897812127,1.1634481756933626,1.4468522188078796,1.9327454013123002,2.930747184093644,4.368775332108483,4.8864574763096,4.411195721523429,3.5743316425944878,4.284884235357788,3.459497194194268
SELENOP,0.0,0.0,0.0,0.0,0.0,0.0,0.0,0.0,0.0,0.0,0.0,0.0,0.49907505514643524,0.0,0.0,0.43155551601218267,0.1641271982162717,0.23358992146676316,0.4026272308556248,0.15230674879255296,0.14458417918680483,0.15056097630005788
SELENOS,1.9499519661523377,2.9521916457892705,2.6256892999462913,2.6277968769031386,0.0,1.9064611676220895,2.613023774659753,2.6614203334475666,2.159688238940048,2.320820742876321,2.1128196935784125,4.169153252948675,1.4077490220026418,2.154535221217732,1.9327454013123002,3.5618509884068086,3.134864914984181,3.426397610732587,3.5341487792181705,2.260128056568137,2.7149048846981163,2.453372709820292
SELENOT,3.4624002997678582,5.268553666438929,5.176649156816874,5.330062262806402,1.6905031159365846,4.832324950780343,5.2375664250057365,4.085736326221887,3.2361450861844503,5.1551589937047915,4.889923314801162,6.784292368434012,3.1461397276295884,4.83885171400988,4.392760659522731,5.668522919116519,3.1169735147522952,3.3109057439633127,3.5541713305747327,2.265568917008712,2.1918626545956625,2.572785402658398
SELENOV,0.0,0.0,0.0,0.0,0.0,0.0,0.0,0.0,0.0,0.0,0.0,0.0,0.0,0.0,0.0,0.0,0.0,0.014249529555052928,0.01495624311773772,0.010052995613942507,0.009673415222207772,0.0
SELENOW,4.126460480438361,5.405930438591006,4.854378396058844,4.489502651776809,2.833123706396149,4.736401943716262,4.64869441767262,3.105906934592934,3.4474593820188515,4.921493474804476,3.4895265110466736,5.55816747233245,3.274925153291889,4.144526442981042,3.3243775578242607,4.835230293167997,3.850989396795199,4.757060593898625,4.580272136873328,3.436153842091393,4.2875240089878135,3.55933272864524
SLC10A1,0.0,0.0,0.0,0.0,0.0,0.0,0.0,0.0,0.0,0.0,0.0,0.0,0.0,0.0,0.0,0.0,0.4143152496528294,0.5794804369252947,0.8143231836608897,0.1858728868140598,0.286786541732789,0.30044240047788195
SLC10A2,0.0,0.0,0.0,0.0,0.0,0.0,0.0,0.0,0.0,0.0,0.0,0.0,0.0,0.0,0.0,0.0,0.0,0.01769219841141026,0.0037329007975533887,0.0,0.014406143510061493,0.018052278991690332
SLC11A1,3.4624002997678582,4.702184202118619,4.854378396058844,5.382196764886758,3.5680321860667448,2.699944212963963,4.682914849920994,4.619943117255641,3.9418750042766586,3.543054901661274,4.423829864782095,5.401300615282924,4.165557763872931,3.430470000315899,4.4496799454678975,5.566065131751082,7.338620516697963,7.862190998320533,6.640172618868969,5.781349221158935,7.1782365846048055,6.070067261802129
SLC11A2,1.2820295279109681,1.959119175305102,1.0245737803502888,2.232839243769332,0.3544087781919574,0.9383194081038021,2.296794183886463,1.3344956937165007,0.5805842079483328,0.0,1.188390806094169,3.7154520670374778,0.49907505514643524,1.4468522188078796,1.0889042054110372,2.5562129137112657,1.452279135134776,1.6068354214702332,2.0109015498260243,1.1700340009499166,1.0853974609908765,0.9375274483664602
SLC12A1,0.0,0.0,0.0,0.0,0.0,0.0,0.0,0.0,0.0,0.0,0.0,0.0,0.0,0.0,0.0,0.0,0.10050016781480199,0.17732720255185416,0.1469901178674956,0.13328561250079932,0.2369321715899044,0.20653320491537233
SLC12A2,0.0,0.0,0.0,0.0,0.0,0.9383194081038021,1.4886685059552254,0.0,0.5805842079483328,1.2216015423540714,0.8216207607735451,3.7154520670374778,0.49907505514643524,1.1048402634756607,0.0,1.6285971008511562,0.2724377176423519,0.2923435744851207,0.4589908735621322,0.222897276256301,0.11200213316740264,0.14302502399206113
SLC12A3,0.0,0.0,1.0245737803502888,0.0,0.0,0.0,0.0,0.8163429357535725,0.0,0.0,0.0,0.0,0.49907505514643524,0.0,0.0,0.0,0.11516511762892777,0.1092377830053703,0.12816443705238115,0.055543303245331174,0.07391974497598101,0.08736969106220675
SLC12A4,0.0,0.0,2.361047706483753,0.7991837328165563,0.3544087781919574,0.0,1.3249538882172842,0.0,0.5805842079483328,1.2216015423540714,0.5960703215538553,1.7770288060001032,0.49907505514643524,0.6556955771400196,0.8838890586853935,1.6285971008511562,2.373659346419868,2.4836120124246928,2.2634971962574175,1.899713156633156,2.1497113564801253,1.7557421793453896
SLC12A5,0.0,0.0,0.0,0.0,0.0,0.0,0.0,0.0,0.0,0.0,0.0,0.0,0.0,0.0,0.0,0.0,0.012092416151711192,0.01855840573664979,0.015171827233760336,0.00292109507008612,0.019559737045298047,0.00422951792986763
SLC12A6,3.6385913422068916,4.196093227507299,5.047237649708024,4.171741248147674,2.5879189180672224,3.345246833575333,4.986732914884073,3.105906934592934,3.7951250470733062,2.6617993554754262,4.160483717521591,5.630636261234761,3.004721035493838,3.644722279250974,3.9940722781296905,4.521507967468859,3.5134781124764065,3.5192147828152107,3.4623272163420418,2.8465033450923087,3.1704138319367905,2.892231689177674
SLC12A7,0.778968982516326,1.5486816174546332,3.365863908016573,0.7991837328165563,1.079870427683663,1.9064611676220895,2.0037812511297397,1.3344956937165007,0.9934275680204352,1.2216015423540714,2.728471223848147,3.7154520670374778,1.1634481756933626,2.154535221217732,1.9327454013123002,3.2278160406405423,2.804063887503125,2.584510385439917,2.6744267532522206,2.149369937527778,2.1185723599431454,1.6564963705534952
SLC12A8,0.0,0.0,0.0,0.0,0.0,0.0,0.0,0.0,0.0,0.0,0.0,0.0,0.0,0.0,0.0,0.0,0.022368239178311274,0.016454814182304656,0.015361543159523672,0.02737291679858639,0.009523352335376966,0.013075540696906607
SLC12A9,1.9499519661523377,3.534837558101131,3.5038044720555637,3.4089172367881933,2.022572745181773,1.9064611676220895,2.8116755438058414,2.4765422453574897,2.689299537324389,2.9373957716654355,3.238984682575517,4.659465795490252,2.762625283789231,2.4862001462110053,3.681989253517653,4.499437147787416,4.639249531062564,5.168778404868082,4.238274795376813,3.8214653238058256,4.998958178439631,3.965433378556231
SLC17A1,0.0,0.0,0.0,0.0,0.0,0.0,0.0,0.0,0.0,0.0,0.0,0.0,0.0,0.0,0.0,0.0,0.014859148358762824,0.044781304234407925,0.04367262643291484,0.011398353829697231,0.014242429814794665,0.007440336839950062
SLC17A2,0.0,0.0,0.0,0.0,0.0,0.0,0.0,0.0,0.0,0.0,0.0,0.0,0.0,0.0,0.0,0.0,0.003714697750605737,0.0,0.013947309701372132,0.003131344767710314,0.003012834737339139,0.0
SLC17A3,0.0,0.0,0.0,0.0,0.0,0.0,0.0,0.0,0.0,0.0,0.0,0.0,0.0,0.0,0.35814981818366254,0.0,0.03614248298064347,0.09415984488101721,0.09391938549072154,0.004562456942770373,0.02722016761227466,0.028673673080615792
SLC17A4,0.0,0.0,0.0,0.0,0.0,0.0,0.0,0.0,0.0,0.0,0.0,0.0,0.0,0.0,0.0,0.0,0.0025154528952496726,0.0060114171259937335,0.0031586818877834353,0.0,0.010171372856876072,0.0
SLC17A7,0.0,0.0,0.0,0.0,0.0,0.0,0.0,0.0,0.0,0.0,0.0,0.0,0.0,0.0,0.0,0.0,0.08010489953385512,0.15738655208376648,0.09991564861756577,0.025800766511211763,0.10075917554297543,0.1744281514769936
SLC17A8,0.0,0.0,0.0,0.0,0.0,0.0,0.0,0.0,0.0,0.0,0.0,0.0,0.0,0.0,0.0,0.0,0.003076956897811461,0.001227823999306357,0.0,0.002593667047517279,0.006645076445955222,0.0012529572118831216
SLC17A9,0.0,0.9728752321750834,1.0245737803502888,0.0,0.0,0.0,1.1402545070427756,0.0,0.5805842079483328,0.0,0.3286030448632194,0.0,0.0,0.0,0.6448364740609659,0.763304398099488,1.5009345913896353,1.6449360755625422,1.796722333733275,1.2901530620299002,1.4527851811629007,1.1059126978791687
SLC20A1,2.404746480548279,3.1213448643359447,4.570212874819176,3.506097696069994,1.5603387724303865,1.5021214401172056,3.862673479157744,2.4765422453574897,0.9934275680204352,2.9373957716654355,3.4562903822601454,3.420722897812127,2.3598224076432173,3.267630140916396,3.5836947744374292,4.231358246245434,4.455149646910172,4.558359483532602,4.960794327597,4.073023275448713,3.915167115054041,3.839687545319219
SLC20A2,0.0,1.5486816174546332,2.0367054680925434,1.6872170042245511,1.079870427683663,1.5021214401172056,1.3249538882172842,0.8163429357535725,0.0,0.0,0.8216207607735451,0.0,0.8691720616623014,0.6556955771400196,0.6448364740609659,1.6285971008511562,0.9423118100413949,1.1156658652062734,1.4446352657190236,0.6955582672016734,0.7319712940136698,0.6507599645393922
SLC22A1,0.778968982516326,0.0,1.0245737803502888,0.0,0.0,0.0,0.0,0.8163429357535725,0.5805842079483328,1.2216015423540714,0.5960703215538553,0.0,0.49907505514643524,0.0,0.35814981818366254,1.0328490506344752,1.1735560197813633,1.5290812976811,1.5398536194453898,0.8926187303116061,1.5411926627214432,1.2294648731400921
SLC22A7,0.0,0.0,0.0,0.0,0.0,0.0,0.0,0.0,0.0,0.0,0.0,0.0,0.0,0.0,0.0,0.0,0.07268550673490774,0.21083270233257959,0.1609201881811029,0.06696126207856934,0.10080464846483667,0.056783965820346095
SLC22A8,0.0,0.0,0.0,0.0,0.0,0.0,0.0,0.0,0.0,0.0,0.0,0.0,0.0,0.0,0.0,0.0,0.0024978393645652764,0.005969378784746852,0.0062663506957890336,0.0,0.00606869706359922,0.0015252474143878014
SLC24A1,0.0,0.0,0.0,0.7991837328165563,0.0,0.0,0.3796761410528195,0.0,0.0,1.2216015423540714,0.0,0.0,0.0,0.0,0.35814981818366254,0.0,1.3795211564869287,1.6303215914252696,1.8087680708678018,1.151339301042281,0.95826659555937,0.9267577730725144
SLC24A2,0.0,0.0,0.0,0.0,0.0,0.0,0.0,0.0,0.0,0.0,0.0,0.0,0.0,0.0,0.0,0.0,0.0050046890493196895,0.003708121573613039,0.01164684195678259,0.0028140724835314895,0.0011610060978905392,0.0032024432344252437
SLC24A3,0.778968982516326,0.0,1.0245737803502888,0.0,0.3544087781919574,0.0,0.3796761410528195,0.8163429357535725,0.5805842079483328,0.0,0.5960703215538553,0.0,0.49907505514643524,0.6556955771400196,0.0,0.0,0.07154727848206513,0.06902540525501127,0.04621918906467103,0.026531958683343584,0.04539725673474721,0.04424931797146756
SLC24A4,0.778968982516326,2.760538253857838,2.6256892999462913,2.937541518793577,0.0,0.9383194081038021,2.296794183886463,1.714931113429805,2.159688238940048,2.320820742876321,2.4865451154611953,3.049907561866346,1.7990222214011768,1.1048402634756607,2.1313828111221738,3.603831928634998,1.9506662345771488,1.4772265768391493,1.7112261659040071,0.98149686639223,0.771481651855031,0.7928528541870951
SLC24A5,0.0,0.0,0.0,0.0,0.0,0.0,0.0,0.0,0.0,0.0,0.0,0.0,0.0,0.0,0.0,0.0,0.301566576663742,0.385372499862675,0.7557139830755708,0.2118657172867487,0.22587582480297705,0.34278341954836244
SLC25A28,0.778968982516326,2.2782802488562335,2.6256892999462913,2.6277968769031386,1.5603387724303865,1.5021214401172056,3.190353086689236,2.2644411900445665,2.159688238940048,2.6617993554754262,2.195711453318644,3.9600647363637895,2.762625283789231,2.4862001462110053,2.6021856789205122,3.8677769952612713,4.2365997641667725,4.581441638763111,4.325738985586388,3.5329153603814283,4.125370072737156,3.6100267418298198
SLC25A31,0.0,0.0,0.0,0.0,0.0,0.0,0.0,0.0,0.0,0.0,0.0,0.0,0.0,0.0,0.0,0.0,0.003036920472185897,0.0036324717975922943,0.0,0.005115301371637879,0.0,0.006480594517535538
SLC25A37,8.831621236857313,9.08488101564817,8.710395757031854,8.819319561946381,9.27357694529132,9.569270763718885,9.647084865734039,9.625875407137997,8.951192421791028,9.27706736560142,9.143494300224916,9.09571125849911,9.066715611684804,9.314673248503905,9.197473583765058,9.225567599394235,6.668062378170764,6.852585686808506,6.610109447216421,6.225826325209047,6.370844307705426,6.209316888021309
SLC25A4,0.0,0.0,1.6176353973877058,0.0,0.6386976985362087,1.5021214401172056,0.6799637694923305,0.0,0.0,0.0,1.188390806094169,0.0,0.49907505514643524,1.1048402634756607,0.35814981818366254,2.048997287629237,1.5020555824503423,1.9691007458808927,2.159842280809449,0.9656291577515185,1.0493659008445113,0.8616505204432172
SLC25A5,4.780753877671132,6.193892520267677,6.092403835695217,6.1257919276935064,3.6975344131238255,5.234646396760621,5.730140185253952,4.267721363252273,4.157485164877406,5.689804387638136,5.231852577437995,6.542775863357607,4.778821421626257,5.842646548832759,5.244632673975489,6.518198453295023,6.956463282653512,7.404920147807518,7.137667457054002,6.149220744595828,6.6921342325101385,6.037961995093629
SLC25A6,7.012868603373468,8.249188081005721,7.625913895727677,7.747478782050001,5.361012571221332,7.334063751272267,7.364319148101551,6.102728540888977,6.335715598394451,7.6781025326544,6.662096479417264,8.272648088836009,6.777416891218494,7.589463748142686,6.605392258863075,8.222933273838194,7.799016050518335,8.307378430744738,7.86461950725484,7.195770816035253,7.475490259624267,6.94320636386946
SLC26A3,0.0,0.0,0.0,0.0,0.0,0.0,0.0,0.0,0.0,0.0,0.0,0.0,0.0,0.0,0.0,0.0,0.1284044037411385,0.1254488986087828,0.13547314184353962,0.04110669789612111,0.05206248101161396,0.10602570406199055
SLC26A6,0.778968982516326,0.0,0.0,1.3104754272824715,0.0,0.0,0.3796761410528195,1.3344956937165007,0.0,0.0,0.8216207607735451,2.5495194718428094,0.8691720616623014,0.6556955771400196,1.0889042054110372,1.2598737271842533,2.717113765099935,3.04204016991423,2.7353835332735694,2.188457896955093,2.957914598632985,2.050822067289321
SLC26A9,0.0,0.0,0.0,0.0,0.0,0.0,0.0,0.0,0.0,0.0,0.0,0.0,0.0,0.0,0.0,0.0,0.006566435369841485,0.0,0.005500308153760235,0.0018477309380170752,0.0,0.0
SLC27A5,0.778968982516326,0.9728752321750834,1.0245737803502888,0.7991837328165563,0.3544087781919574,1.5021214401172056,1.1402545070427756,0.8163429357535725,0.5805842079483328,0.0,0.3286030448632194,0.0,1.4077490220026418,1.1048402634756607,0.6448364740609659,2.048997287629237,0.8724001218843968,1.0988170324640654,0.9249337086457442,0.5699868116821415,0.8016660974356848,0.5991311359286751
SLC2A1,3.2616586857345657,2.9521916457892705,3.5038044720555637,3.59714312921981,4.052576494025729,3.9690781224458176,4.206399897905,3.719729411091365,3.0758441510216397,3.543054901661274,3.3151152252057954,3.420722897812127,2.671971118458802,3.771701478568492,2.84783310192576,3.4740364122708227,2.598722499676622,2.6915319316434148,2.7521919547928246,2.0744746092171655,1.9057359776670264,1.6766014103792328
SLC30A1,1.2820295279109681,3.6499580469104904,3.5038044720555637,2.4437917000551366,1.079870427683663,2.221932315030708,2.8722466344687336,1.714931113429805,2.689299537324389,2.320820742876321,2.835746914352368,5.225272759650194,1.7990222214011768,3.267630140916396,2.30595136818803,3.5618509884068086,3.8587170792670795,3.1964858702472974,4.245442420244866,2.9550151564370704,1.942735936169471,2.7415036600519436
SLC30A10,0.0,0.0,0.0,0.0,0.0,0.0,0.0,0.0,0.0,0.0,0.0,0.0,0.0,0.0,0.0,0.0,0.004875721682767865,0.002335274903879272,0.004593347854753414,0.003289170270591413,0.0011875791001716004,0.0023830653120362104
SLC30A2,0.0,0.0,0.0,0.0,0.0,0.0,0.0,0.0,0.0,0.0,0.0,0.0,0.0,0.0,0.0,0.0,0.02978856266351925,0.03556591926213969,0.009419957362261198,0.006327714204933651,0.01818890654903504,0.009157179818324018
SLC30A3,0.0,0.0,0.0,0.0,0.0,0.0,0.0,0.0,0.0,0.0,0.0,0.0,0.0,0.0,0.0,0.0,0.017973772842253665,0.007194510896821025,0.0075522551541221125,0.007601394281896248,0.007314156397374327,0.010998224057454249
SLC30A4,0.778968982516326,0.9728752321750834,0.0,0.0,0.0,0.0,1.4886685059552254,0.8163429357535725,1.3140375758440468,1.2216015423540714,0.0,0.0,0.0,0.0,1.0889042054110372,0.0,0.4763256896918273,0.465521086740541,0.7108092984274716,0.2744823357134387,0.32626696129301747,0.23627952768510105
SLC30A5,1.6543037799267732,2.9521916457892705,3.213326474361309,2.6277968769031386,0.3544087781919574,0.9383194081038021,3.1419712115854304,0.8163429357535725,1.79795654173978,1.2216015423540714,2.4191466555702945,4.169153252948675,0.8691720616623014,2.6272281056900177,1.427974120830572,3.2278160406405423,2.006718112875532,1.9575580585080015,2.5201833511376464,1.330627234732535,1.2017154024979895,1.3491387770770844
SLC30A6,0.0,2.5394670210513364,3.213326474361309,2.4437917000551366,0.8760824601886417,1.9064611676220895,3.0400497510186075,2.015692466669394,0.0,3.1686945578360515,2.4191466555702945,4.659465795490252,0.8691720616623014,2.154535221217732,0.8838890586853935,2.46804376135426,1.272918994765638,1.3510459326112114,1.6102181385144512,0.8965198663930878,0.7410087028886676,0.8906848198545823
SLC30A7,1.2820295279109681,1.5486816174546332,1.6176353973877058,2.79096599955042,1.079870427683663,2.221932315030708,3.369123403337608,2.2644411900445665,1.5761925874697504,3.3679835115927603,2.024873399877407,4.659465795490252,2.3598224076432173,1.7231222006017402,1.9327454013123002,3.3313986310618082,1.4074669656419145,1.246207403378271,1.8638710702359738,0.8452074055730486,0.6449729804488297,0.7792857790132265
SLC30A8,0.0,0.0,0.0,0.0,0.0,0.0,0.0,0.0,0.0,0.0,0.0,0.0,0.0,0.0,0.0,0.0,0.010275917256779047,0.004926562369071631,0.009222276620832612,0.0019852245576671293,0.005008556454506125,0.003951463323068774
SLC30A9,1.6543037799267732,2.760538253857838,2.361047706483753,2.6277968769031386,0.6386976985362087,2.8902642881649134,2.7484495217471303,0.0,0.9934275680204352,1.2216015423540714,1.6070932723624687,2.5495194718428094,0.8691720616623014,2.329877683566856,2.1313828111221738,2.995256381553502,0.8678268967463086,1.010464774170254,1.417493399428388,0.5814650191336007,0.4845588881249525,0.5908051105432269
SLC31A1,1.2820295279109681,2.2782802488562335,3.5038044720555637,2.232839243769332,1.079870427683663,0.9383194081038021,2.7484495217471303,1.3344956937165007,1.3140375758440468,1.873462469399275,2.274098235458651,0.0,1.9609379974868322,2.755689454691158,1.9327454013123002,3.2805367638464173,2.1704731214216486,1.8749464398498519,1.7891115664068586,1.3794767962399899,1.4519469459375196,1.354897820749917
SLC31A2,3.0283997123322948,4.035973459901941,4.631700357644683,4.489502651776809,2.653236514278847,3.6906216356885135,4.665906094127873,3.105906934592934,3.310076073762689,3.968330428818324,4.64644491733141,6.107719144635495,3.830440860781169,4.550878345506214,4.250505780352454,5.478514621284344,5.126716860869067,5.139256644163895,4.382598090251157,3.8255516029422583,4.403554051162605,4.180903709179382
SLC34A1,0.0,0.0,0.0,0.0,0.0,0.0,0.0,0.0,0.0,0.0,0.0,0.0,0.0,0.0,0.0,0.0,0.04025308569709467,0.03219466820425674,0.1500045871144269,0.0534676902659428,0.08567007030252743,0.04295945482090299
SLC34A2,0.0,0.0,0.0,0.0,0.0,0.0,0.0,0.0,0.0,0.0,0.0,0.0,0.0,0.0,0.0,0.0,0.02154439849725378,0.0103499876360885,0.002723688151769268,0.0036541008145473644,0.0035158450828147543,0.005290245320829575
SLC34A3,0.0,0.0,0.0,0.0,0.0,0.0,0.0,0.0,0.0,0.0,0.0,0.0,0.0,0.0,0.0,0.0,0.16301560618329658,0.29746143797615976,0.4963876946377922,0.057037628389552966,0.2242033093080706,0.11471056536857195
SLC39A1,0.0,0.0,0.0,0.0,0.0,0.0,0.0,0.0,0.0,0.0,0.0,0.0,0.0,0.0,0.0,0.0,4.668255307217964,5.122850767213338,4.39474048848377,3.7590386233858277,4.595157505840026,3.6565878946949257
SLC39A10,0.0,2.2782802488562335,2.849228617248894,1.6872170042245511,0.6386976985362087,0.9383194081038021,2.986255187113425,1.714931113429805,0.9934275680204352,1.2216015423540714,2.1128196935784125,3.7154520670374778,0.8691720616623014,0.6556955771400196,1.7023242894113075,2.930747184093644,0.8947626731278469,0.9730792812211265,1.5781175316239378,0.6571460662580898,0.46906595915931387,0.5469571656120117
SLC39A11,1.6543037799267732,0.9728752321750834,1.0245737803502888,0.7991837328165563,0.6386976985362087,0.9383194081038021,1.891204456093566,0.8163429357535725,0.5805842079483328,1.873462469399275,1.4805637768110693,0.0,1.1634481756933626,1.4468522188078796,1.427974120830572,2.273681915428579,0.5221662577797674,0.5707834943071931,0.6884829682282476,0.21228045966151535,0.26265564867150787,0.19385499159386874
SLC39A12,0.0,0.0,0.0,0.0,0.0,0.0,0.0,0.0,0.0,0.0,0.0,0.0,0.0,0.0,0.0,0.0,0.0,0.006965498819778502,0.0,0.0012291890686095487,0.0011826419269936152,0.003558271587857071
SLC39A13,1.2820295279109681,2.2782802488562335,3.0427332692291826,2.79096599955042,0.8760824601886417,1.9064611676220895,1.891204456093566,0.0,0.5805842079483328,0.0,1.3418610037648901,3.049907561866346,0.49907505514643524,1.4468522188078796,1.427974120830572,2.7178663814333084,3.2514843042301798,4.001072605610875,3.7026907848291652,2.8440742608205882,3.428997246760589,2.6538258871437956
SLC39A14,1.2820295279109681,0.0,0.0,1.3104754272824715,0.6386976985362087,0.9383194081038021,1.1402545070427756,0.0,0.0,0.0,1.0166298238559357,1.7770288060001032,0.0,0.0,0.35814981818366254,0.0,0.4440489394312939,0.41971685786879326,0.6020263734504369,0.24253543772262973,0.17075831786436826,0.16883455319018434
SLC39A2,0.0,0.0,0.0,0.0,0.0,0.0,0.0,0.0,0.0,0.0,0.0,0.0,0.0,0.0,0.0,0.0,0.14539051781877346,0.0,0.09300110803042601,0.16240083590965346,0.21116549116360173,0.09047855196801666
SLC39A3,0.778968982516326,1.5486816174546332,3.213326474361309,1.6872170042245511,0.3544087781919574,0.9383194081038021,1.891204456093566,0.8163429357535725,0.0,1.2216015423540714,1.0166298238559357,0.0,0.8691720616623014,1.7231222006017402,0.6448364740609659,1.6285971008511562,3.1054015124912824,3.5533850805542766,3.254591019779678,2.7459343049749965,3.2068291746398505,2.475116019915814
SLC39A4,1.2820295279109681,1.959119175305102,2.6256892999462913,1.3104754272824715,0.6386976985362087,0.0,2.4635561289458807,0.0,1.3140375758440468,2.320820742876321,2.195711453318644,3.049907561866346,1.7990222214011768,1.4468522188078796,1.8221301990800551,2.7923719044984896,1.1989152711161657,1.8517630311183222,1.582719772120465,1.3767404606526465,2.097115206441902,1.3001705930882181
SLC39A5,0.0,0.0,0.0,0.0,0.0,0.0,0.0,0.0,0.0,0.0,0.0,0.0,0.0,0.0,0.0,0.0,0.2142815033729814,0.3363028141223113,0.1909649833518696,0.12428657419780557,0.16996603751763184,0.11055554533407665
SLC39A6,1.9499519661523377,0.9728752321750834,2.361047706483753,1.6872170042245511,0.6386976985362087,0.9383194081038021,2.54022475023367,0.8163429357535725,1.5761925874697504,1.873462469399275,1.931215886788905,3.420722897812127,0.8691720616623014,2.154535221217732,1.427974120830572,2.273681915428579,2.4846460148468013,2.4786327642107002,2.857986964887804,1.982228800678254,1.5873217814528946,1.7134890723876104
SLC39A7,0.0,0.9728752321750834,2.0367054680925434,0.7991837328165563,0.3544087781919574,0.0,0.0,0.8163429357535725,0.0,0.0,0.8216207607735451,1.7770288060001032,0.0,0.0,0.35814981818366254,1.0328490506344752,5.536108865772644,6.0046699215314225,5.486147994413896,4.760119794559752,5.660509393334838,4.396529433716626
SLC39A8,0.778968982516326,2.5394670210513364,2.849228617248894,1.985669903319494,0.3544087781919574,1.9064611676220895,3.1419712115854304,0.8163429357535725,1.3140375758440468,2.320820742876321,1.3418610037648901,3.9600647363637895,0.49907505514643524,2.6272281056900177,1.2683775744302532,2.46804376135426,0.3595751439791196,0.3726423587020547,0.6067113165928484,0.24951451597194776,0.16759428939732504,0.19126321619208037
SLC39A9,2.750013302872432,1.959119175305102,3.213326474361309,2.6277968769031386,1.5603387724303865,1.9064611676220895,2.986255187113425,1.3344956937165007,2.311397783481028,2.320820742876321,2.783105938085808,3.7154520670374778,2.1065015418894144,2.329877683566856,2.1313828111221738,3.0570041272095145,2.2085515944152587,2.19467019163945,2.41854619160205,1.5153743674137734,1.5174671998401783,1.4020126591536768
SLC3A2,2.404746480548279,3.9487153667437527,3.95242824295153,3.98206502770723,2.022572745181773,3.0583783601290637,3.0400497510186075,2.015692466669394,2.159688238940048,3.1686945578360515,3.1993578937441893,2.5495194718428094,3.077162490921044,3.0840437003091448,3.1521621118224923,4.090819536835907,2.896062550799609,2.9428635249426103,2.6646899000298743,2.4721888036772595,2.9336915990468393,2.218347209278499
SLC40A1,2.1951966572272386,3.534837558101131,4.631700357644683,3.98206502770723,2.022572745181773,3.8820971442929006,5.027252483680816,3.6339017719752906,3.380402432882852,4.086159985917163,4.2211021334630345,4.9129542252686855,2.928448911844235,3.576779820277212,3.5836947744374292,4.8174995521185755,4.34737510397681,4.22642375357084,4.121728280974012,3.1329156799328945,3.347023528298707,3.2571298318036788
SLC41A1,0.0,0.9728752321750834,1.0245737803502888,0.0,0.0,0.0,0.6799637694923305,0.8163429357535725,0.5805842079483328,1.873462469399275,0.8216207607735451,0.0,0.0,0.0,0.8838890586853935,1.0328490506344752,1.8509234087770428,2.1830513377247587,2.248127958197638,1.3589925726900491,1.5710408647805976,1.1948939285584135
SLC41A2,0.0,0.0,0.0,0.0,0.0,0.0,0.3796761410528195,0.0,0.0,0.0,0.5960703215538553,0.0,0.0,0.0,0.0,0.43155551601218267,0.10262642195546186,0.12569897030869018,0.12481578938505437,0.03555944445351305,0.04970450358678991,0.05976116886893675
SLC41A3,1.9499519661523377,2.760538253857838,3.0427332692291826,2.232839243769332,0.8760824601886417,1.9064611676220895,2.2055792899224067,2.2644411900445665,1.5761925874697504,1.873462469399275,2.195711453318644,0.0,1.1634481756933626,1.4468522188078796,1.7023242894113075,2.639302615833334,0.8592818189224463,1.1481661977604167,1.1157923563764818,0.6540340234602052,0.6354377296515492,0.48267896938639093
SLC46A1,0.0,0.9728752321750834,1.0245737803502888,0.0,0.6386976985362087,0.0,0.6799637694923305,0.0,0.0,0.0,0.3286030448632194,0.0,0.0,0.0,0.6448364740609659,1.0328490506344752,3.1521055211568125,3.6870382860690527,3.8670661813991725,2.746686829607313,2.816577180247694,2.369095118121346
SLC4A10,0.0,1.959119175305102,2.361047706483753,1.985669903319494,0.3544087781919574,0.9383194081038021,2.2055792899224067,1.3344956937165007,0.5805842079483328,0.0,1.0166298238559357,1.7770288060001032,1.1634481756933626,1.1048402634756607,1.2683775744302532,2.5562129137112657,0.04415809263089449,0.07553824448945506,0.11440474110532654,0.048010275967174366,0.03327258337726853,0.062239444285338376
SLC4A2,0.778968982516326,1.5486816174546332,3.213326474361309,2.4437917000551366,1.079870427683663,0.9383194081038021,2.0037812511297397,1.714931113429805,0.0,0.0,2.4191466555702945,2.5495194718428094,1.4077490220026418,1.1048402634756607,1.9327454013123002,3.116217167394099,3.660757519935721,3.9609657243420364,3.5542081755328945,2.732835744988771,3.3817000601226317,2.4189212319036253
SLC4A4,0.0,0.0,1.0245737803502888,0.0,0.0,0.0,0.3796761410528195,0.0,0.0,1.2216015423540714,0.3286030448632194,0.0,0.0,0.6556955771400196,0.0,0.43155551601218267,0.03685242194281453,0.035595618555453845,0.06229706332050531,0.014825163649270601,0.00931550858992369,0.014081954937268378
SLC4A5,0.0,0.0,0.0,0.0,0.0,0.0,0.0,0.8163429357535725,0.0,0.0,0.5960703215538553,1.7770288060001032,0.8691720616623014,0.0,0.0,0.763304398099488,0.3985659922616138,0.5293931958650304,0.6099166181558404,0.29885652590071066,0.2791598419656927,0.26304161929096453
SLC4A7,0.0,1.5486816174546332,2.6256892999462913,2.232839243769332,1.079870427683663,1.9064611676220895,3.4105571584071974,1.714931113429805,0.5805842079483328,3.1686945578360515,2.274098235458651,4.3517392679306965,0.0,1.7231222006017402,2.1313828111221738,2.639302615833334,0.7796219773276658,0.7792462705671304,1.4855762414192295,0.4723016387985629,0.2891380271080739,0.5023326387001589
SLC4A8,0.0,0.0,1.0245737803502888,0.0,0.0,0.0,0.0,0.0,0.0,1.2216015423540714,0.0,0.0,0.0,0.6556955771400196,0.35814981818366254,1.2598737271842533,0.36763274008619157,0.28906482256609034,0.55078642625117,0.2526130593045692,0.17846862117809725,0.20042525477868847
SLC4A9,0.0,0.0,0.0,0.0,0.0,0.0,0.0,0.0,0.0,0.0,0.0,0.0,0.0,0.0,0.0,0.0,0.07395099516307632,0.057574347286725766,0.02776172427433559,0.014969236185332942,0.049800257011774776,0.03233038625779896
SLC51A,0.0,0.0,0.0,0.0,0.0,0.0,0.0,0.0,0.0,0.0,0.0,0.0,0.49907505514643524,0.0,0.0,0.0,4.003395351610522,4.190520046905134,4.021470843792947,3.3210463388134586,3.7752191446377057,3.33959635123728
SLC51B,0.0,0.0,0.0,0.0,0.0,0.0,0.0,0.0,0.0,0.0,0.0,0.0,0.0,0.0,0.0,0.0,0.008304615113497404,0.009929608195343269,0.0,0.027807151438053755,0.006737556083581492,0.0
SLC5A1,0.0,0.0,0.0,0.0,0.0,0.0,0.0,0.0,0.0,0.0,0.0,0.0,0.0,0.0,0.0,0.0,0.009531449909893935,0.002286316180513203,0.004796437693216051,0.0,0.0023244145361232156,0.0005836295285254352
SLC6A19,0.0,0.0,0.0,0.0,0.3544087781919574,0.0,0.6799637694923305,0.8163429357535725,0.0,1.2216015423540714,0.3286030448632194,0.0,0.49907505514643524,0.0,0.6448364740609659,0.0,0.01972425736412706,0.0,0.06956318283361398,0.021360753465574405,0.013737372937533484,0.013788559628484428
SLC7A11,0.0,0.0,0.0,0.0,0.0,0.0,0.3796761410528195,0.8163429357535725,0.0,1.2216015423540714,0.0,0.0,0.0,0.0,0.0,0.0,0.04532204212621211,0.04716213620820304,0.05154166498257442,0.061888429711964205,0.043581924524234615,0.06114106465013953
SLC8A1,0.0,2.2782802488562335,2.849228617248894,1.985669903319494,0.0,2.221932315030708,1.6356839719296479,2.2644411900445665,2.311397783481028,0.0,2.5509349493943185,3.7154520670374778,2.1065015418894144,1.954894810214772,2.30595136818803,3.3313986310618082,0.6751664593493978,0.7040760499543752,0.5069227987683788,0.3055071503755106,0.604105492357307,0.44010918406645905
SLC8A2,0.0,0.0,0.0,0.0,0.0,0.0,0.0,0.0,0.0,0.0,0.0,0.0,0.0,0.0,0.0,0.0,0.021133154701216746,0.021666768159580106,0.0189735164857326,0.0051171558599944645,0.020810389085647776,0.0046336431061263905
SLC8A3,0.778968982516326,0.0,1.0245737803502888,0.7991837328165563,0.0,0.9383194081038021,0.0,0.0,0.5805842079483328,0.0,0.0,0.0,0.0,0.0,0.0,0.0,0.013752134668203558,0.009337281916576096,0.010375698665504307,0.01390744521399286,0.0299390618814949,0.013432873193920105
SLC9A1,2.404746480548279,2.760538253857838,2.6256892999462913,1.985669903319494,0.6386976985362087,0.9383194081038021,2.682325116560312,1.714931113429805,1.5761925874697504,1.873462469399275,1.931215886788905,2.5495194718428094,1.7990222214011768,1.1048402634756607,1.571660878857015,2.639302615833334,2.391949145043261,2.42107784399141,2.1617587206318465,1.6690267655096307,2.3657261269122265,1.728739019785335
SLC9A2,0.0,0.0,0.0,0.0,0.0,0.0,0.0,0.0,0.0,0.0,0.0,0.0,0.0,0.0,0.0,0.0,0.024501104066457596,0.018144457710547283,0.015435195892993116,0.002447993203524182,0.002355339002213346,0.0039872445665812715
SLC9A3,0.0,0.0,0.0,0.0,0.0,0.0,0.0,0.0,0.0,0.0,0.0,0.0,0.0,0.0,0.0,0.0,0.9563964637473742,1.345475860531691,1.3578953955429092,0.6786056035496432,0.7982313848204201,0.6588119759912524
SLC9A4,0.0,0.0,0.0,0.0,0.0,0.0,0.0,0.0,0.0,0.0,0.0,0.0,0.0,0.0,0.0,0.0,0.007667881564622223,0.0052463747637852285,0.008253305202214659,0.0027743167465058495,0.0035579837595977578,0.004685498936214677
SLC9A5,0.0,0.0,1.0245737803502888,0.0,0.0,0.0,0.0,0.0,0.0,0.0,0.0,0.0,0.0,0.0,0.0,0.0,1.2208004567894557,1.5698896251603467,1.3022137515734995,0.8007885169758173,1.0679484225466978,0.6621626512025169
SLC9A6,1.9499519661523377,2.5394670210513364,2.361047706483753,1.985669903319494,0.3544087781919574,0.0,2.4635561289458807,2.015692466669394,0.9934275680204352,1.2216015423540714,2.6125733248662963,3.7154520670374778,0.49907505514643524,1.7231222006017402,1.0889042054110372,2.273681915428579,1.0064560204303972,1.0940603679477134,1.3516452885843009,0.7575148741777701,0.5591628559187526,0.5880868779673166
SLC9A7,0.778968982516326,0.9728752321750834,0.0,1.3104754272824715,0.6386976985362087,1.5021214401172056,2.1082057292064054,0.0,1.3140375758440468,0.0,1.0166298238559357,2.5495194718428094,0.8691720616623014,0.0,0.6448364740609659,2.165709222598074,0.4807283647910209,0.5853798601112394,0.6861194933249587,0.4003958389842164,0.34907081998713163,0.3428175468983004
SLC9A8,1.6543037799267732,0.9728752321750834,2.361047706483753,0.7991837328165563,0.3544087781919574,1.9064611676220895,1.6356839719296479,0.8163429357535725,0.5805842079483328,0.0,2.024873399877407,3.420722897812127,1.9609379974868322,0.6556955771400196,2.1313828111221738,3.2278160406405423,2.805544234480431,3.0646311165786884,2.653566820928877,2.0740052701950407,2.522515308953781,2.141282366106739
SLC9A9,0.0,1.959119175305102,1.0245737803502888,1.985669903319494,0.6386976985362087,1.9064611676220895,2.2055792899224067,1.3344956937165007,0.5805842079483328,1.873462469399275,1.931215886788905,1.7770288060001032,0.8691720616623014,1.954894810214772,0.6448364740609659,1.9220058302027458,0.17626659581064227,0.23116203140248007,0.29426843098976746,0.1256710691632278,0.1293537155136389,0.1042992163598713
SLC9B1,0.0,0.0,0.0,0.0,0.0,0.0,0.0,0.0,0.0,0.0,0.0,0.0,0.49907505514643524,0.0,0.0,0.43155551601218267,0.2821444152078533,0.36097662469865355,0.48079659780366407,0.18473096702602076,0.2194467304453994,0.20437238097657934
SLC9B2,0.0,0.9728752321750834,2.0367054680925434,0.7991837328165563,0.0,0.0,1.3249538882172842,0.0,0.0,0.0,0.5960703215538553,1.7770288060001032,0.0,0.0,0.6448364740609659,1.0328490506344752,0.6597611045785094,0.7457897753174033,0.9445766243428458,0.47077319523352457,0.4386303282138335,0.37376623886500193
SLCO1A2,0.0,0.0,0.0,0.0,0.0,0.0,0.0,0.0,0.0,0.0,0.0,0.0,0.0,0.0,0.0,0.0,0.0038690062624259446,0.004627459396900716,0.0016210820761511282,0.0014504343088310508,0.0013955203752121627,0.0015757451484122954
SLCO1B1,0.0,0.0,0.0,0.0,0.0,0.0,0.0,0.0,0.0,0.0,0.0,0.0,0.0,0.0,0.0,0.0,0.0024553096505188516,0.0014691992010622966,0.0,0.0005176744922444898,0.002488607657114237,0.00037496397446436973
SLCO1B3,0.0,0.0,0.0,0.0,0.0,0.0,0.0,0.0,0.0,0.0,0.0,0.0,0.0,0.0,0.0,0.0,0.0031375348929254822,0.0,0.004726266146201981,0.001058477637927274,0.0020360663594008216,0.00038341161870791466
SLCO1B3-SLCO1B7,0.0,0.0,0.0,0.0,0.0,0.0,0.0,0.0,0.0,0.0,0.0,0.0,0.0,0.0,0.0,0.0,0.0029130178990603374,0.0008718629652881656,0.0021348346561878714,0.0006142553260077097,0.00177224291059007,0.0005932007909964062
SLN,0.0,0.0,0.0,0.0,0.0,0.0,0.0,0.0,0.0,0.0,0.0,0.0,0.0,0.0,0.0,0.0,0.0,0.0,0.0,0.0,0.0,0.0
SOD1,4.184415198162076,5.561079314223434,5.176649156816874,4.625488026476303,2.9416842752382046,4.464326956983078,5.079566869340711,2.4765422453574897,3.9418750042766586,4.71748651807887,4.4409217137744115,5.946728666464157,3.7879048797403967,4.7490992096459665,3.9421233794581974,5.259630426961824,4.488733504668151,5.020644428169711,4.880372074774377,3.849839173464947,4.463674765368456,3.5551535409106227
SOD3,0.0,0.0,0.0,0.0,0.0,0.0,0.0,0.0,0.0,0.0,0.0,0.0,0.0,0.0,0.0,0.0,0.024210728199433384,0.0,0.1035230188274232,0.010251851801426667,0.00986480121723283,0.02218384658426951
SP7,0.0,0.9728752321750834,0.0,0.0,0.0,0.0,0.0,0.0,0.0,0.0,0.0,0.0,0.0,0.0,0.0,0.0,0.07288975481183065,0.1379952677895385,0.15662701517312602,0.06454393016069222,0.051047815651495645,0.053331443644075126
SPHK1,0.0,0.0,1.0245737803502888,0.0,0.3544087781919574,0.0,0.6799637694923305,0.8163429357535725,0.5805842079483328,0.0,0.0,0.0,1.1634481756933626,0.0,0.35814981818366254,1.9220058302027458,1.237214933083959,1.769327439231144,1.4383301162834286,1.0482292093543513,1.5238078205213443,0.8225466132266154
SPHK2,1.2820295279109681,1.959119175305102,1.0245737803502888,1.985669903319494,0.3544087781919574,0.9383194081038021,0.3796761410528195,1.714931113429805,1.3140375758440468,1.873462469399275,1.0166298238559357,2.5495194718428094,0.8691720616623014,0.6556955771400196,1.2683775744302532,2.273681915428579,2.765445635976132,3.2275316172897184,2.7932903852699806,2.381967175252596,2.6799236776250157,1.9736186221336922
SPP1,0.0,0.0,0.0,0.7991837328165563,0.3544087781919574,1.5021214401172056,1.4886685059552254,0.8163429357535725,1.3140375758440468,2.320820742876321,0.5960703215538553,0.0,0.0,0.6556955771400196,0.6448364740609659,1.9220058302027458,1.2362354360249845,1.9485709467681473,1.1243876945772096,0.5068933560435207,1.2238302776365144,0.8114956917727473
STEAP1,0.0,0.0,0.0,0.0,0.0,0.0,0.0,0.0,0.0,0.0,0.0,0.0,0.0,0.0,0.0,0.0,0.0,0.045442411576934356,0.016065943208714524,0.0,0.05122994835965246,0.05394181161936592
STEAP2,0.0,0.0,0.0,0.0,0.0,0.0,0.0,0.0,0.0,0.0,0.0,0.0,0.0,0.0,0.0,0.0,0.00472097438294776,0.0033903140388416467,0.0023737320474978255,0.00794867868193722,0.002298761273861103,0.0011541414942615369
STEAP3,0.0,0.9728752321750834,1.0245737803502888,1.3104754272824715,0.3544087781919574,0.0,0.3796761410528195,0.8163429357535725,0.5805842079483328,0.0,1.0166298238559357,0.0,0.49907505514643524,0.0,1.2683775744302532,0.0,0.9294471333569834,1.0915982919095304,1.1556002932759113,0.44530294213651317,0.501869150690419,0.35095317981815
STIM1,3.1497383185906034,3.1213448643359447,4.43876960606843,3.304714818680092,2.022572745181773,2.699944212963963,3.565328031896477,2.015692466669394,1.990130089653629,2.320820742876321,3.584873836910438,4.169153252948675,3.077162490921044,2.329877683566856,3.057676693215325,3.6842976897533113,0.6216613455124024,0.6966749249626752,0.9000355762194607,0.3629983359432417,0.45433700268697613,0.3421610226056306
STIM2,2.1951966572272386,2.2782802488562335,3.5038044720555637,2.232839243769332,0.6386976985362087,1.5021214401172056,3.0919103444320526,1.714931113429805,0.5805842079483328,1.873462469399275,2.1128196935784125,3.049907561866346,0.49907505514643524,1.7231222006017402,1.8221301990800551,2.995256381553502,0.9541561005195826,1.1346875219252308,1.3461456327651011,0.6409827131767808,0.6880120156902764,0.60046863377354
SULT2A1,0.0,0.0,0.0,0.0,0.0,0.0,0.0,0.0,0.0,0.0,0.0,0.0,0.0,0.0,0.0,0.0,0.004203610821638612,0.0,0.0,0.0,0.006810932447725212,0.01024244038022997
TACR1,0.0,0.0,0.0,0.0,0.0,0.0,0.0,0.0,0.0,0.0,0.0,0.0,0.0,0.0,0.0,0.0,0.04843597252465158,0.06525437357543856,0.11416949881612928,0.04663074794016192,0.03077450627806001,0.03496307445064914
TACR2,0.0,0.0,0.0,0.0,0.0,0.0,0.0,0.0,0.5805842079483328,0.0,0.0,0.0,0.0,0.0,0.0,0.0,0.3408254336146539,0.35676020523725577,0.32182190862465054,0.14770004822434002,0.12722887227581106,0.22280950600693505
TACR3,0.0,0.0,0.0,0.0,0.0,0.0,0.0,0.0,0.0,0.0,0.0,0.0,0.0,0.0,0.0,0.0,0.000995814085317356,0.0011912578237709276,0.003124535599296537,0.0,0.0008075201594273558,0.0006079490923781233
TBXA2R,0.0,0.0,0.0,1.985669903319494,0.8760824601886417,0.9383194081038021,0.9283887299237805,1.714931113429805,0.5805842079483328,0.0,1.0166298238559357,1.7770288060001032,0.8691720616623014,0.0,0.0,1.6285971008511562,0.7837617149126401,1.2276917942103716,0.9020921074491477,0.900383430209145,1.2209118689813554,0.7407160502539258
TCIRG1,0.0,0.0,0.0,0.7991837328165563,0.0,1.9064611676220895,0.0,1.714931113429805,0.5805842079483328,2.320820742876321,1.3418610037648901,0.0,0.8691720616623014,0.0,0.0,1.2598737271842533,7.349055599991786,7.7597550564301105,6.8418473555098585,6.380755418442631,7.548636985093682,6.597124409176503
TF,0.0,0.0,0.0,0.0,0.0,0.0,0.0,0.0,0.0,0.0,0.0,0.0,0.0,0.0,0.0,0.0,0.041587701696394926,0.04656300107240989,0.07737823670700109,0.06305377315979088,0.030676775514071785,0.042820531538356424
TFEB,3.1497383185906034,3.6499580469104904,3.8526638448021586,3.9128615342720674,2.2923287832847583,2.221932315030708,3.369123403337608,2.6614203334475666,3.4474593820188515,3.6991619288169963,3.3874289549242067,3.7154520670374778,3.448817985553542,3.178755179854226,3.283212363641803,4.204324445013549,3.4568784135656254,3.9155782632314753,3.1515243999575615,2.6405445807039283,3.7660014251528247,2.6984074166662735
TFR2,0.778968982516326,0.9728752321750834,1.0245737803502888,0.7991837328165563,0.6386976985362087,0.0,0.6799637694923305,0.0,0.0,1.2216015423540714,1.4805637768110693,1.7770288060001032,0.49907505514643524,0.0,0.6448364740609659,1.4559832619066744,0.856486185906904,0.9055842691713746,0.9031084744201049,0.8577047672068757,0.6963624547403694,0.5665112429462231
TFRC,1.2820295279109681,2.2782802488562335,2.0367054680925434,1.3104754272824715,0.6386976985362087,0.0,2.8116755438058414,0.8163429357535725,0.0,1.873462469399275,1.0166298238559357,2.5495194718428094,0.8691720616623014,1.7231222006017402,0.6448364740609659,2.863217932099475,1.0208612970055162,1.1597712526439232,1.6994361412285388,0.9335174975538861,0.6770688834688109,0.9623461614816886
TGFA,0.778968982516326,1.959119175305102,3.0427332692291826,2.232839243769332,0.6386976985362087,0.9383194081038021,2.8116755438058414,2.015692466669394,1.5761925874697504,2.320820742876321,1.6070932723624687,1.7770288060001032,1.7990222214011768,1.1048402634756607,1.9327454013123002,2.863217932099475,1.1134538065563353,1.0114097615771185,0.8416930036603109,0.5165800078932938,0.7236572860515096,0.7572289652745199
TNFRSF11A,0.778968982516326,0.9728752321750834,1.0245737803502888,0.7991837328165563,0.0,0.0,0.9283887299237805,0.0,0.0,1.2216015423540714,0.0,0.0,0.0,0.0,0.0,0.0,0.0995918606196313,0.16979932120015387,0.1698852466312281,0.1426539214648152,0.16919000157229255,0.1659428018309562
TNFRSF11B,0.0,0.0,0.0,0.0,0.0,0.0,0.0,0.0,0.0,0.0,0.0,0.0,0.0,0.0,0.0,0.0,0.009390129960849921,0.0028148788181842892,0.0,0.023624691735116287,0.03397209909398076,0.0014369456306798747
TNFSF11,0.0,0.0,0.0,0.0,0.0,0.0,0.0,0.0,0.0,0.0,0.0,0.0,0.0,0.0,0.0,0.0,0.06905194820173714,0.05023908041101056,0.06866943503150731,0.04041161579755994,0.02370147180562585,0.02142798845366035
TNNC1,0.0,0.0,0.0,0.0,0.0,0.0,0.0,0.0,0.0,0.0,0.0,0.0,0.0,0.6556955771400196,0.35814981818366254,0.43155551601218267,0.4452489036339607,0.9701961950295689,1.0469519784375896,0.48279460039377176,1.0852070798030116,0.4485108951461074
TNNC2,0.0,0.0,1.0245737803502888,0.0,0.3544087781919574,0.0,0.0,0.0,0.5805842079483328,0.0,0.0,0.0,0.49907505514643524,0.0,0.0,0.43155551601218267,0.22263271309808616,0.10238347251635126,0.3134397462599982,0.1851408933401249,0.3971348421150943,0.29611670022308023
TP53,3.868111786194997,3.7565674132255027,4.1333771324307795,4.489502651776809,2.1182064330134267,2.480645978223324,3.0919103444320526,2.015692466669394,2.796069496231372,2.6617993554754262,3.4562903822601454,4.5137917748669985,1.6166098130615996,2.6272281056900177,2.84783310192576,3.644625729855377,3.525893473490812,3.9187583101833168,3.801003407958869,3.188647788547418,3.427898436409459,2.675228799649725
TPCN1,1.2820295279109681,2.5394670210513364,2.361047706483753,1.6872170042245511,1.079870427683663,1.9064611676220895,2.0037812511297397,0.8163429357535725,0.9934275680204352,1.873462469399275,1.8310535482077521,1.7770288060001032,1.9609379974868322,0.6556955771400196,2.2213058670245185,3.2278160406405423,2.037016669521267,2.1072928314416983,2.2489051774794473,1.6410049169823282,1.7699748022657664,1.3090830322488773
TPCN2,0.778968982516326,0.0,1.0245737803502888,0.7991837328165563,0.0,0.0,0.9283887299237805,0.0,0.5805842079483328,0.0,0.8216207607735451,0.0,0.49907505514643524,0.0,0.6448364740609659,0.763304398099488,2.104256135053602,1.9502257671542462,1.9266636646485458,1.2025869795052921,1.3380763573889103,1.1093672462718895
TRDN,0.0,0.0,0.0,0.0,0.0,0.0,0.0,0.0,0.0,0.0,0.0,0.0,0.0,0.0,0.0,0.0,0.0036425596229625453,0.0028428122761424753,0.003779191622166604,0.0006680612457872181,0.0012852307513279988,0.0007741617007480354
TRHR,0.0,0.0,0.0,0.0,0.0,0.0,0.0,0.0,0.0,0.0,0.0,0.0,0.0,0.0,0.0,0.0,0.011398797545523729,0.0,0.004783237650538609,0.003211368082945403,0.0,0.0023266759191725235
TRPM6,0.0,0.0,1.6176353973877058,0.7991837328165563,0.6386976985362087,0.0,0.9283887299237805,0.0,0.9934275680204352,0.0,0.8216207607735451,0.0,0.8691720616623014,0.6556955771400196,1.0889042054110372,1.4559832619066744,0.974025566126067,0.9710082205289665,0.9860271364270492,0.4568923404578311,0.6699610389644846,0.6735084841107835
TRPM7,0.778968982516326,1.959119175305102,2.849228617248894,1.6872170042245511,0.0,1.5021214401172056,2.7484495217471303,2.2644411900445665,0.5805842079483328,1.2216015423540714,2.1128196935784125,3.420722897812127,0.49907505514643524,1.954894810214772,1.2683775744302532,2.7178663814333084,1.107982403431631,1.1219172180114363,1.6732759983286642,0.8002236026671039,0.5790410864815763,0.7358479383143198
TRPV1,0.0,0.0,1.0245737803502888,0.7991837328165563,0.0,0.0,0.3796761410528195,0.0,0.5805842079483328,0.0,1.188390806094169,1.7770288060001032,0.0,0.0,0.0,0.43155551601218267,0.8601030807556317,1.1262129953349602,1.0770515385454957,0.6917226409376773,0.703613704470602,0.5526515161221722
TRPV2,1.6543037799267732,1.959119175305102,2.361047706483753,1.6872170042245511,0.6386976985362087,2.221932315030708,2.613023774659753,1.3344956937165007,1.79795654173978,2.320820742876321,1.0166298238559357,2.5495194718428094,1.4077490220026418,0.6556955771400196,1.2683775744302532,3.0570041272095145,4.01245246662024,4.358459561344929,4.274067797735883,3.3050191080810936,3.7578126712631814,2.9737379993716835
TRPV3,0.0,0.0,0.0,0.0,0.0,0.0,0.0,0.0,0.0,0.0,0.0,0.0,0.0,0.0,0.0,0.0,0.14351488993851946,0.09941074998787174,0.21363594740708824,0.06506862453941255,0.020437768054957707,0.05240893803484685
TRPV4,0.0,0.0,0.0,0.0,0.0,0.0,0.3796761410528195,0.0,0.0,0.0,0.0,0.0,0.0,0.6556955771400196,0.35814981818366254,0.0,0.18048271090663257,0.13179662229155023,0.14108613624260383,0.11590365943305443,0.09566913319590524,0.09171811097874183
TRPV5,0.0,0.0,0.0,0.0,0.0,0.0,0.0,0.0,0.0,0.0,0.0,0.0,0.0,0.0,0.0,0.0,0.5792747796379357,0.8992498906196386,0.6802928467798296,0.21926084999026504,0.46637862362058424,0.3013078595440334
TRPV6,0.0,0.0,0.0,0.0,0.0,0.0,0.0,0.0,0.0,0.0,0.0,0.0,0.0,0.0,0.0,0.0,0.18091929934893014,0.2650791785580055,0.24341317486084751,0.10082563548382983,0.1212817608900983,0.06838946629870199
TXNRD1,2.404746480548279,2.5394670210513364,5.134788671714505,3.7636216032436143,1.258403008772257,2.699944212963963,4.004725017419963,2.8252753004922777,2.311397783481028,3.1686945578360515,3.422270483592289,4.5137917748669985,2.1065015418894144,2.755689454691158,3.283212363641803,3.7229078624275482,1.8389840281155572,2.0281235452118755,1.8463167919036443,1.4091356413931362,1.4109434587194756,1.3063264099361656
TXNRD2,2.404746480548279,2.9521916457892705,2.361047706483753,2.6277968769031386,2.447680985490052,3.0583783601290637,3.190353086689236,1.3344956937165007,2.159688238940048,1.2216015423540714,2.195711453318644,3.420722897812127,1.6166098130615996,1.7231222006017402,2.1313828111221738,2.930747184093644,1.3196930726101619,1.6281343291917587,1.566318343097879,1.1469744824420223,1.2194194694772948,0.9472359956419008
TXNRD3,0.0,0.0,1.0245737803502888,0.0,0.0,0.0,0.0,0.0,0.0,0.0,0.0,0.0,0.0,0.0,0.0,0.0,0.022242235386877144,0.07556001301978962,0.07445898987819924,0.06077152476589096,0.03969374214767934,0.0309398708589275
TYR,0.0,0.0,0.0,0.0,0.0,0.0,0.0,0.0,0.0,0.0,0.0,0.0,0.0,0.0,0.0,0.0,0.0016969238530015224,0.0,0.001421023956742723,0.0009536826835904829,0.0,0.0
UGT1A1,0.0,0.0,0.0,0.0,0.0,0.0,0.0,0.0,0.0,0.0,0.0,0.0,0.0,0.0,0.0,0.0,0.0,0.030306553147072108,0.0,0.0,0.0,0.0
UGT1A10,0.0,0.0,0.0,0.0,0.0,0.0,0.0,0.0,0.0,0.0,0.0,0.0,0.0,0.0,0.0,0.0,0.003895020096311533,0.0,0.003058457644693352,0.0008215453333660601,0.002369987202160083,0.0005950827328294915
UGT1A3,0.0,0.0,0.0,0.0,0.0,0.0,0.0,0.0,0.0,0.0,0.0,0.0,0.0,0.0,0.0,0.0,0.004522245993847804,0.009002948451630167,0.0,0.0,0.0036680019277209024,0.0
UGT1A4,0.0,0.0,0.0,0.0,0.0,0.0,0.0,0.0,0.0,0.0,0.0,0.0,0.0,0.0,0.0,0.0,0.004882781398759773,0.007295768813962399,0.0,0.0,0.004948962758968568,0.0007462097896999739
UGT1A5,0.0,0.0,0.0,0.0,0.0,0.0,0.0,0.0,0.0,0.0,0.0,0.0,0.0,0.0,0.0,0.0,0.004418520732578892,0.0,0.0,0.0,0.002688725161287037,0.0006751675380033529
UGT1A6,0.0,0.0,0.0,0.0,0.0,0.0,0.0,0.0,0.0,0.0,0.0,0.0,0.0,0.0,0.0,0.0,0.004891940286355193,0.0,0.001025414757227032,0.0,0.001985339814556992,0.0004984515808246307
UGT1A7,0.0,0.0,0.0,0.0,0.0,0.0,0.0,0.0,0.0,0.0,0.0,0.0,0.0,0.0,0.0,0.0,0.004375055157112004,0.0,0.0009169394291515459,0.0,0.002366688849561237,0.0004457123688417678
UGT1A8,0.0,0.0,0.0,0.0,0.0,0.0,0.0,0.0,0.0,0.0,0.0,0.0,0.0,0.0,0.0,0.0,0.0017134231985162728,0.0,0.0026891571638685005,0.0007222775632482418,0.0045110137652980085,0.0007846876862829991
UGT1A9,0.0,0.0,0.0,0.0,0.0,0.0,0.0,0.0,0.0,0.0,0.0,0.0,0.0,0.0,0.0,0.0,0.003942427951155404,0.0,0.0008261694150058482,0.0,0.0021325153498498103,0.0004015846314190112
UGT2A1,0.0,0.0,0.0,0.0,0.0,0.0,0.0,0.0,0.0,0.0,0.0,0.0,0.0,0.0,0.0,0.0,0.0010287406860614995,0.01225946384991596,0.0025827942235816105,0.003465127365630983,0.0,0.0062682755271595775
UGT2A2,0.0,0.0,0.0,0.0,0.0,0.0,0.0,0.0,0.0,0.0,0.0,0.0,0.0,0.0,0.0,0.0,0.0013018789451876647,0.0031130477539461957,0.003268068371277588,0.004384159735842451,0.0,0.005554676602184893
UGT2A3,0.0,0.0,0.0,0.0,0.0,0.0,0.0,0.0,0.0,0.0,0.0,0.0,0.0,0.0,0.0,0.0,0.0,0.0,0.0,0.0,0.013839873106326726,0.013891441955796929
UGT2B10,0.0,0.0,0.0,0.0,0.0,0.0,0.0,0.0,0.0,0.0,0.0,0.0,0.0,0.0,0.0,0.0,0.0,0.0,0.0,0.0,0.0,0.0
UGT2B11,0.0,0.0,0.0,0.0,0.0,0.0,0.0,0.0,0.0,0.0,0.0,0.0,0.0,0.0,0.0,0.0,0.5235910605677412,0.2472494393127913,0.945875093836533,0.33730005813869446,0.1590724073466511,0.32402252121959035
UGT2B15,0.0,0.0,0.0,0.0,0.0,0.0,0.0,0.0,0.0,0.0,0.0,0.0,0.0,0.0,0.0,0.0,0.0,0.0,0.006950308543635953,0.0,0.0,0.0
UGT2B17,0.0,0.0,0.0,0.0,0.0,0.0,0.0,0.0,0.0,0.0,0.3286030448632194,1.7770288060001032,0.0,0.0,0.0,0.43155551601218267,0.02741028763102577,0.005084220367041191,0.047338756770265465,0.014281056551005766,0.02056520958749198,0.018077496938952782
UGT2B28,0.0,0.0,0.0,0.0,0.0,0.0,0.0,0.0,0.0,0.0,0.0,0.0,0.0,0.0,0.0,0.0,0.01819432009606806,0.04315731337693718,0.05637584856557201,0.0380710366768299,0.022099739824559483,0.038597158898426846
UGT2B4,0.0,0.0,0.0,0.0,0.0,0.0,0.0,0.0,0.0,0.0,0.0,0.0,0.0,0.0,0.0,0.0,0.0,0.003477619863284471,0.0036507766154650523,0.0,0.0,0.0008880040884183915
UGT2B7,0.0,0.0,0.0,0.0,0.0,0.0,0.0,0.0,0.0,0.0,0.0,0.0,0.0,0.0,0.0,0.0,0.0021637320361831674,0.0,0.0,0.0,0.0,0.0
UQCR10,4.742682657170154,5.701151567525935,5.720221378795554,5.35636499833502,3.3089971172901773,4.5230018072212745,5.20261054479636,3.6339017719752906,4.345022540999842,5.490499550625051,4.555209916803111,6.685691304661716,4.13194227341281,5.054024367738601,4.271707033548224,5.9465327150678995,4.581881463691334,5.237311316382229,4.827453224574002,3.826202707485581,5.007635061654977,4.265046763530229
UQCR11,1.2820295279109681,2.5394670210513364,2.361047706483753,1.3104754272824715,0.8760824601886417,2.699944212963963,2.1082057292064054,1.3344956937165007,0.9934275680204352,1.873462469399275,0.5960703215538553,0.0,1.6166098130615996,1.4468522188078796,1.0889042054110372,2.273681915428579,3.520359384627837,4.097206245974366,4.008379317475236,2.9986919648261927,3.647038148833522,3.3062972420134913
UQCRB,2.750013302872432,4.946974081036191,4.0457377516248485,2.937541518793577,0.8760824601886417,4.464326956983078,4.05784772079458,1.3344956937165007,3.1582198967632786,5.100194042461717,2.274098235458651,6.685691304661716,2.4715461643723966,4.361962070946811,2.385904598926052,4.7995481857282885,3.0816072102931673,3.493941888295887,3.605257262939004,2.8821206502833285,3.036037305783029,3.0018904946874816
UQCRC1,4.5794778670040275,4.647815820920166,4.905063555258249,5.131151122830382,3.042644415415308,3.4697871666946534,4.18267929646747,3.800736500702485,3.8945977353584196,4.5634588153136955,4.031025316417159,5.315969739290511,4.062266146304907,4.4017762649419465,3.915430192381738,5.397291633224088,4.755640712919126,5.084421491735768,4.628703616380436,4.012979791945471,4.707657304260161,3.8021208218259024
UQCRC2,4.240131441008542,4.8051353066608335,4.747331375901955,3.98206502770723,2.2078929212058513,3.5844256957629343,4.48378566550651,2.8252753004922777,3.51153744870796,5.259179357002168,4.160483717521591,5.765490124694861,3.6039875051989676,4.4017762649419465,4.019361689859469,5.4557708870988115,3.7328335747409285,3.9585921533895623,4.003017484913525,3.008798800937048,3.443228690125893,2.9541330165708843
UQCRFS1,3.3655181657234947,4.471217660077241,4.631700357644683,4.900361390985446,1.5603387724303865,4.4031642429521405,4.48378566550651,3.6339017719752906,3.7426926178053495,5.1551589937047915,4.053424610223746,5.828466916293876,3.335248518904519,4.096810762655655,3.832252878779589,5.192433628623007,3.9142966242111084,4.475688042093822,4.024842685461759,3.1829989170703232,3.757097940322993,3.077176332573931
UQCRH,3.868111786194997,5.268553666438929,4.905063555258249,3.8401704789538367,2.1182064330134267,4.965217412719567,4.48378566550651,2.6614203334475666,4.345022540999842,4.921493474804476,2.6125733248662963,6.205859457065175,3.448817985553542,5.003164465913528,3.6499628171802234,5.178610354890313,2.7757838216793527,3.327083720061229,3.4313929658976976,2.2247904534903054,2.801048949143285,2.384574830135345
UQCRHL,0.0,1.959119175305102,0.0,1.6872170042245511,0.6386976985362087,2.221932315030708,1.6356839719296479,0.8163429357535725,1.3140375758440468,1.2216015423540714,0.8216207607735451,1.7770288060001032,1.4077490220026418,1.4468522188078796,0.8838890586853935,2.374133452792312,1.9341314799218579,2.2802704253931196,2.313269074056049,1.9286621490504317,2.2479214389253617,1.6787164654508084
UQCRQ,3.4624002997678582,4.946974081036191,4.631700357644683,3.59714312921981,1.9201467576335653,4.27246317536943,4.134034990046426,2.8252753004922777,3.310076073762689,4.479804379887264,2.835746914352368,5.946728666464157,3.6039875051989676,4.478252655244306,2.730231379638207,5.420968539092721,4.295759752561276,4.881997359992097,4.853836004037922,3.7084631650721165,4.316073316025569,4.074334166102743
VDAC1,3.2616586857345657,3.534837558101131,4.1333771324307795,4.111244915733874,2.447680985490052,3.4697871666946534,4.206399897905,3.228095571802689,1.79795654173978,4.086159985917163,3.553786334703628,4.659465795490252,2.4715461643723966,3.178755179854226,3.514235642132786,4.521507967468859,2.9443149907844437,3.068730993350726,3.084333043778545,2.1924845691906323,2.43829551337566,2.1253965248520705
VDAC2,3.4624002997678582,4.532517243877272,5.001385600617666,4.536269851348431,2.2923287832847583,3.208931071539349,4.48378566550651,3.445220200067669,2.5739917539361548,3.968330428818324,3.9616620140975556,5.765490124694861,3.274925153291889,3.771701478568492,3.617209252814423,5.1505600017443625,3.0212860521456792,3.3967842292974653,3.263905770889301,2.5151825827557506,2.8313928844520078,2.4236937970784056
VDAC3,3.0283997123322948,3.9487153667437527,4.294139085579917,4.111244915733874,1.9201467576335653,3.345246833575333,3.862673479157744,2.2644411900445665,3.51153744870796,2.320820742876321,3.584873836910438,4.3517392679306965,2.5752363254798323,3.351346359410304,3.1056927727587196,4.359413580991339,3.7984445832405096,4.195977458642588,4.349138777077084,3.0503118795773756,3.839072742595877,3.1290851480566104
VDR,0.0,1.5486816174546332,2.6256892999462913,2.232839243769332,0.8760824601886417,0.9383194081038021,1.1402545070427756,1.3344956937165007,0.5805842079483328,1.2216015423540714,0.5960703215538553,1.7770288060001032,0.8691720616623014,1.1048402634756607,1.8221301990800551,1.6285971008511562,1.7616639842959552,1.7598801959607442,1.271037159916463,0.9157579842328029,1.3694218131562474,0.973300479472103
VEGFA,0.0,1.5486816174546332,1.0245737803502888,0.7991837328165563,0.0,0.0,0.9283887299237805,0.0,0.9934275680204352,1.873462469399275,1.188390806094169,0.0,0.0,0.6556955771400196,1.0889042054110372,1.2598737271842533,1.8754576810207793,1.9677625361607838,2.1040111779416413,1.319918464362875,1.2935588286676762,1.1419885727029437
VEGFB,2.750013302872432,3.272730234058528,4.0457377516248485,3.8401704789538367,2.2078929212058513,2.699944212963963,3.4105571584071974,2.8252753004922777,1.5761925874697504,3.1686945578360515,2.1128196935784125,3.049907561866346,2.3598224076432173,3.0840437003091448,2.6676286425376645,3.5186117390979774,3.8575530979758357,4.771373256890052,4.362378709225636,3.572816925660283,4.298203736371272,3.2890686599932066
VEGFC,0.778968982516326,0.0,0.0,0.0,0.0,0.0,0.0,0.0,0.0,0.0,0.0,0.0,0.0,0.0,0.0,0.0,0.0030465661707487005,0.01740786077240209,0.0015313867880785577,0.0030811030013786875,0.009366752071004979,0.005574192981354572
VEGFD,0.0,0.0,0.0,0.0,0.0,0.0,0.0,0.0,0.0,0.0,0.0,0.0,0.0,0.0,0.0,0.0,0.011981665039567723,0.0020548092295925085,0.004311134506410825,0.0,0.004175070747987631,0.005236441893472443
XIAP,0.778968982516326,2.760538253857838,2.0367054680925434,0.0,0.3544087781919574,1.9064611676220895,3.0919103444320526,1.3344956937165007,1.5761925874697504,2.6617993554754262,1.3418610037648901,1.7770288060001032,1.1634481756933626,2.154535221217732,1.2683775744302532,2.46804376135426,2.371377643158024,2.2369884834929215,2.572530768545382,1.6445577460379581,1.6341378532105628,1.6286802893523762
XPR1,2.404746480548279,0.9728752321750834,2.849228617248894,1.6872170042245511,1.417255380068077,0.0,2.1082057292064054,0.8163429357535725,0.5805842079483328,2.6617993554754262,2.024873399877407,1.7770288060001032,1.1634481756933626,1.7231222006017402,1.7023242894113075,2.46804376135426,0.558864183898176,0.4924459542208306,0.6359512250571727,0.31187740035618655,0.29542093782305906,0.2962059967734096
