Gene,logFC,AveExpr,t,P.Value,adj.P.Val,B,_sheet,_comparison
PF4,1.44567063619363,18.6302855610587,7.95798103347458,2.58994739825387e-07,0.000457125715791809,7.04396592906646,I4-FP1,"(R+1) vs (L-92, L-44, L-3)"
QPCT,-1.60475886695016,10.6993377077025,-6.98144383714984,1.58453062856961e-06,0.00104492259978838,5.37302182787428,I4-FP1,"(R+1) vs (L-92, L-44, L-3)"
TGFB1,1.48319205302781,16.085805185587,6.92215156517944,1.77607240757233e-06,0.00104492259978838,5.26677947531492,I4-FP1,"(R+1) vs (L-92, L-44, L-3)"
APP,1.32034624915781,12.910695262034,6.72554354163857,2.60184139558651e-06,0.00114806251580254,4.9105777676218,I4-FP1,"(R+1) vs (L-92, L-44, L-3)"
CCN2,1.2772076280883,13.223741692126,6.36699034025712,5.29094118760671e-06,0.00186770223922517,4.24564260062534,I4-FP1,"(R+1) vs (L-92, L-44, L-3)"
A2M,1.13154244702262,15.8650375054216,6.19903188720763,7.42165420026075e-06,0.00218320327724337,3.92746849845018,I4-FP1,"(R+1) vs (L-92, L-44, L-3)"
LTBP1,1.3075919825134,16.9264414167195,6.10761271692049,8.93665225449633e-06,0.00225331303274086,3.75252945380659,I4-FP1,"(R+1) vs (L-92, L-44, L-3)"
PF4V1,1.75597565127006,14.3475886099841,5.98497295405055,1.1485338989898e-05,0.00253395291464625,3.51593396804834,I4-FP1,"(R+1) vs (L-92, L-44, L-3)"
SNCA,1.79340561529807,14.0307403206731,5.9209398116189,1.31031015337638e-05,0.00256966380078814,3.39154364110729,I4-FP1,"(R+1) vs (L-92, L-44, L-3)"
LPL,-1.43732308160865,17.2133410755601,-5.81852862793438,1.61948395376356e-05,0.00285838917839269,3.19139800032437,I4-FP1,"(R+1) vs (L-92, L-44, L-3)"
COL4A2,-1.74319995255833,11.949166093547,-5.46434904022776,3.40328976471343e-05,0.00502542469537337,2.4882474761343,I4-FP1,"(R+1) vs (L-92, L-44, L-3)"
PRDX2,1.09522150081175,14.348860607886,5.46248967028842,3.41671933963062e-05,0.00502542469537337,2.48451302914457,I4-FP1,"(R+1) vs (L-92, L-44, L-3)"
FN1,-1.33698763061133,17.1097123842713,-5.37707228096769,4.09608308688148e-05,0.00556122049872754,2.31249478232853,I4-FP1,"(R+1) vs (L-92, L-44, L-3)"
AIDA,1.16827626048096,10.2384526238118,5.31290926857361,4.69642184397755e-05,0.00592084611044312,2.18269656171241,I4-FP1,"(R+1) vs (L-92, L-44, L-3)"
UGT8,0.95587032311344,13.5440743092941,5.24822201933081,5.39326171306024e-05,0.00599509900131895,2.05134616094363,I4-FP1,"(R+1) vs (L-92, L-44, L-3)"
SPARC,1.34964486673191,12.4052356035722,5.23766503152366,5.51665872420571e-05,0.00599509900131895,2.02986382658486,I4-FP1,"(R+1) vs (L-92, L-44, L-3)"
FBLN5,-2.10320760112062,10.853406825591,-5.21637984092133,5.77431631855083e-05,0.00599509900131895,1.98651219206053,I4-FP1,"(R+1) vs (L-92, L-44, L-3)"
PDGFA,1.05994113105643,12.9064226151924,5.15766628412309,6.55078717854105e-05,0.00642341076118052,1.86666681279291,I4-FP1,"(R+1) vs (L-92, L-44, L-3)"
FN1.1,-1.14206298847594,17.6230372426241,-5.08380991605333,7.6813912969998e-05,0.00713560823116034,1.7153780864669,I4-FP1,"(R+1) vs (L-92, L-44, L-3)"
SRGN,1.43887172853598,16.6035681532192,4.89692210822756,0.000115202093945078,0.00982343123957048,1.33005988623108,I4-FP1,"(R+1) vs (L-92, L-44, L-3)"
MMRN1,1.08872072736526,17.4433387826127,4.89028518978239,0.000116879351858912,0.00982343123957048,1.31631429223524,I4-FP1,"(R+1) vs (L-92, L-44, L-3)"
H4-16,-0.955038848733913,18.7824356595297,-4.74832502614755,0.000159372728848819,0.0126504220005841,1.02137488346913,I4-FP1,"(R+1) vs (L-92, L-44, L-3)"
ICAM3,-1.94201347830611,11.8126749664636,-4.73290458782146,0.000164849691792315,0.0126504220005841,0.989235523491234,I4-FP1,"(R+1) vs (L-92, L-44, L-3)"
CARHSP1,1.38461526149042,11.6423935994408,4.69144912385841,0.000180542214088546,0.0128781819352399,0.902741662991178,I4-FP1,"(R+1) vs (L-92, L-44, L-3)"
AQR,-1.12378733721544,11.5310048587466,-4.68675950670008,0.000182410508997732,0.0128781819352399,0.892948845515726,I4-FP1,"(R+1) vs (L-92, L-44, L-3)"
SERPINE2,0.927266230224416,11.3820450790264,4.63102982021665,0.000206176541357837,0.013996215211407,0.77645103411397,I4-FP1,"(R+1) vs (L-92, L-44, L-3)"
BMP1,-0.724170101112312,14.3023168340012,-4.57503316194352,0.000233230273381917,0.0151047947100869,0.659176629223705,I4-FP1,"(R+1) vs (L-92, L-44, L-3)"
SFPQ,-0.985441447601347,12.7632093659859,-4.5627660438555,0.000239622805599113,0.0151047947100869,0.633457843941799,I4-FP1,"(R+1) vs (L-92, L-44, L-3)"
THBS1,0.844625301376563,16.8016326451886,4.53710057488895,0.000253578367233274,0.0152713404191699,0.579617921682966,I4-FP1,"(R+1) vs (L-92, L-44, L-3)"
AHSP,1.06534953248914,10.0909888345266,4.51840328944164,0.000264261516079683,0.0152713404191699,0.540370213258423,I4-FP1,"(R+1) vs (L-92, L-44, L-3)"
FN3K,1.2318134476738,12.5529582274378,4.5036586060993,0.000273007208528878,0.0152713404191699,0.50940488108718,I4-FP1,"(R+1) vs (L-92, L-44, L-3)"
NCF1,-1.07123607157825,13.5781972368694,-4.4875789642693,0.000282879550441763,0.0152713404191699,0.475621758581231,I4-FP1,"(R+1) vs (L-92, L-44, L-3)"
ANTXR1,-0.817024700816924,16.0298238327634,-4.48336437589992,0.000285526478092129,0.0152713404191699,0.466764555562997,I4-FP1,"(R+1) vs (L-92, L-44, L-3)"
ABCF2,-1.86020269911609,11.5886086653005,-4.43284594108674,0.000319276925331075,0.0165742286238043,0.360522716653388,I4-FP1,"(R+1) vs (L-92, L-44, L-3)"
CAMP,-0.866773023239872,20.1228763928453,-4.41249795419157,0.000333987293694083,0.0168425020962873,0.317693373999512,I4-FP1,"(R+1) vs (L-92, L-44, L-3)"
PPBP,0.720938048176137,21.9380595292075,4.34391622747288,0.000388811164405854,0.0187088543458684,0.17319888631425,I4-FP1,"(R+1) vs (L-92, L-44, L-3)"
BDNF,1.24622510336199,12.1888687290876,4.34000741199413,0.000392196946627271,0.0187088543458684,0.164957378574911,I4-FP1,"(R+1) vs (L-92, L-44, L-3)"
PPIC,-0.769132150946763,12.5499978273672,-4.28338954599253,0.000444716389899827,0.020232046702143,0.0455172923764237,I4-FP1,"(R+1) vs (L-92, L-44, L-3)"
NDST1,-1.05739401161865,10.8011120070677,-4.27848623890946,0.000449586238014966,0.020232046702143,0.0351680556634095,I4-FP1,"(R+1) vs (L-92, L-44, L-3)"
FBXO7,1.36402762652939,13.9412012754616,4.26115352217971,0.000467236185850851,0.020232046702143,-0.00142166770820306,I4-FP1,"(R+1) vs (L-92, L-44, L-3)"
MNDA,-1.04210828463662,16.3345624160601,-4.25721013984996,0.000471348420292391,0.020232046702143,-0.0097475284974644,I4-FP1,"(R+1) vs (L-92, L-44, L-3)"
PRDX6,0.840304061111243,14.7137847105744,4.24514788350915,0.000484155249904567,0.020232046702143,-0.0352180336846537,I4-FP1,"(R+1) vs (L-92, L-44, L-3)"
SKP1,1.73435010135967,10.293875055563,4.23709013394414,0.000492905387077705,0.020232046702143,-0.0522349945855289,I4-FP1,"(R+1) vs (L-92, L-44, L-3)"
FXYD2,-0.930624030242224,11.9515558081748,-4.16156440550139,0.000583083126400238,0.0233895845021913,-0.211813678385503,I4-FP1,"(R+1) vs (L-92, L-44, L-3)"
CSE1L,-1.49217019734179,12.3098044784175,-4.11124013074603,0.000652226599472564,0.0255817766237572,-0.318203975402606,I4-FP1,"(R+1) vs (L-92, L-44, L-3)"
CXCL2,1.36287132980349,11.0739915947469,4.08177612875562,0.0006964792740498,0.0261890439813659,-0.380507867391916,I4-FP1,"(R+1) vs (L-92, L-44, L-3)"
RPL27,1.64856072760038,11.0466119447728,4.08119274133859,0.000697385307152522,0.0261890439813659,-0.381741558798874,I4-FP1,"(R+1) vs (L-92, L-44, L-3)"
TARS1,2.51874053977707,10.8517937787739,4.03832095336082,0.000767314926539098,0.0282148092779481,-0.472407402097707,I4-FP1,"(R+1) vs (L-92, L-44, L-3)"
EIF2S1,1.6449781914381,10.7240679155561,4.00033109858134,0.000835147487162944,0.0299633220878811,-0.552750765654578,I4-FP1,"(R+1) vs (L-92, L-44, L-3)"
CALU,2.66172071200099,10.8136833784413,3.9846285647569,0.00086491394557513,0.0299633220878811,-0.585958056875159,I4-FP1,"(R+1) vs (L-92, L-44, L-3)"
THBS4,-0.599598177458187,16.8542731486251,-3.98417172341305,0.000865795709054921,0.0299633220878811,-0.58692415029836,I4-FP1,"(R+1) vs (L-92, L-44, L-3)"
LEAP2,-1.01229950940625,13.286813879333,-3.96424348586633,0.000905150211301718,0.0307228869797602,-0.629065291802897,I4-FP1,"(R+1) vs (L-92, L-44, L-3)"
SFRP4,-0.871582700101013,12.6912728155441,-3.94504412536395,0.000944760976114647,0.0314623230724972,-0.669661449525063,I4-FP1,"(R+1) vs (L-92, L-44, L-3)"
ANXA1,-0.751153897165901,14.9413502724278,-3.92368200021644,0.000990879094102024,0.031780838086943,-0.714825126211166,I4-FP1,"(R+1) vs (L-92, L-44, L-3)"
EIF5A,0.838462848212884,15.0704355989824,3.91941649809128,0.00100035446884765,0.031780838086943,-0.723842401058918,I4-FP1,"(R+1) vs (L-92, L-44, L-3)"
LMNA,0.44535362865909,12.6325398089297,3.91585125994277,0.00100834387131377,0.031780838086943,-0.731379085980458,I4-FP1,"(R+1) vs (L-92, L-44, L-3)"
MYH10,-0.78566102602595,14.2072990830274,-3.87553819438098,0.00110325183472186,0.0341620962856857,-0.816581462296476,I4-FP1,"(R+1) vs (L-92, L-44, L-3)"
FGA.1,-2.43651304844875,11.0011131754123,-3.72563319676581,0.00154144971243439,0.0469079093525294,-1.1329888416686,I4-FP1,"(R+1) vs (L-92, L-44, L-3)"
FUCA1,-0.912252770448528,13.202181074741,-3.71407718358837,0.00158169418474074,0.0473167836621595,-1.157342493896,I4-FP1,"(R+1) vs (L-92, L-44, L-3)"
FBN2,-0.67712260604093,14.9347853063572,-3.66461930029321,0.00176609547396374,0.0519526418591001,-1.26149271617502,I4-FP1,"(R+1) vs (L-92, L-44, L-3)"
MBL2,0.74187265937855,14.9532526709687,3.65098045753372,0.00182060897916914,0.0520589910981477,-1.29018930630619,I4-FP1,"(R+1) vs (L-92, L-44, L-3)"
PAFAH1B1,1.05493366772484,11.5718734972669,3.6431421613474,0.00185269198336597,0.0520589910981477,-1.30667617963009,I4-FP1,"(R+1) vs (L-92, L-44, L-3)"
PYGM,2.0189422547312,11.5843270670078,3.63993982490161,0.00186596068063612,0.0520589910981477,-1.31341078065515,I4-FP1,"(R+1) vs (L-92, L-44, L-3)"
CYBB,-0.799565490198226,12.2355605223892,-3.63474378683615,0.00188769146191583,0.0520589910981477,-1.32433679620819,I4-FP1,"(R+1) vs (L-92, L-44, L-3)"
UBE2V1,1.16404714563,10.0435120577968,3.61429859948093,0.00197566639342886,0.0531364014752157,-1.36731087960803,I4-FP1,"(R+1) vs (L-92, L-44, L-3)"
ST13,0.901829987687104,15.5041661456665,3.6117374387709,0.00198697025346415,0.0531364014752157,-1.37269223983549,I4-FP1,"(R+1) vs (L-92, L-44, L-3)"
HEXB,-0.641031559179893,13.8134600878277,-3.60337935262258,0.00202430804114091,0.0533269207852792,-1.39025059282823,I4-FP1,"(R+1) vs (L-92, L-44, L-3)"
HLA-A.1,-0.717395712789842,12.920967623239,-3.58721093152612,0.00209852537144205,0.054469077655812,-1.4242025106414,I4-FP1,"(R+1) vs (L-92, L-44, L-3)"
TLL2,-0.665607384592803,11.753777644228,-3.5751716148372,0.00215553767658027,0.0547264988838915,-1.44947130005486,I4-FP1,"(R+1) vs (L-92, L-44, L-3)"
RPL32,-0.671619908227517,15.3011869701983,-3.57207345141691,0.00217045604638663,0.0547264988838915,-1.45597213098171,I4-FP1,"(R+1) vs (L-92, L-44, L-3)"
CON_sp|LEP_HUMAN|,-1.14050878983019,13.4296537337115,-3.53262787356773,0.00236958941632111,0.0589059904198135,-1.53867403716318,I4-FP1,"(R+1) vs (L-92, L-44, L-3)"
APLP2,-0.901684721829477,13.0055508245073,-3.45548982931766,0.00281275422885331,0.0684006537044383,-1.70001250744612,I4-FP1,"(R+1) vs (L-92, L-44, L-3)"
ANKRD28,-1.76293713638239,13.7820834903188,-3.45289054725696,0.00282903553565099,0.0684006537044383,-1.705439245377,I4-FP1,"(R+1) vs (L-92, L-44, L-3)"
LOX,-0.72025741482918,14.0098604363792,-3.43899998995256,0.00291763444746939,0.0695895243213985,-1.73442815900148,I4-FP1,"(R+1) vs (L-92, L-44, L-3)"
SAR1A,1.15291983719005,15.4101092719541,3.42248179008555,0.00302656686192447,0.0712252068172893,-1.76887491028863,I4-FP1,"(R+1) vs (L-92, L-44, L-3)"
PEBP4,-0.641162563710594,15.4165949460965,-3.40857444273818,0.00312138805622196,0.0718198490046152,-1.79785454943843,I4-FP1,"(R+1) vs (L-92, L-44, L-3)"
NSF,0.63654979810922,12.3420885405266,3.40215344179863,0.00316615047447841,0.0718198490046152,-1.81122729947663,I4-FP1,"(R+1) vs (L-92, L-44, L-3)"
DEFB1,-0.567950109653912,14.5011249033093,-3.4010497195568,0.00317390834128044,0.0718198490046152,-1.81352551730289,I4-FP1,"(R+1) vs (L-92, L-44, L-3)"
CCL5,0.744962555545406,16.480808319696,3.38904739918991,0.00325949074800273,0.0724865742990302,-1.83850847508103,I4-FP1,"(R+1) vs (L-92, L-44, L-3)"
ANGPTL8,-0.731808084727699,13.8479035649297,-3.38429221798705,0.0032940235108356,0.0724865742990302,-1.84840193292943,I4-FP1,"(R+1) vs (L-92, L-44, L-3)"
ENO2,-2.38325417017061,11.8297860458867,-3.37182260160681,0.00338630209123651,0.0724865742990302,-1.87433340605227,I4-FP1,"(R+1) vs (L-92, L-44, L-3)"
"coy_tr|A0A3B3ISV5|A0A3B3ISV5_HUMAN readthrough, Uncharacterized protein OS=Homo sapiens OX=9606",0.447827849062628,11.2700203001037,3.37024608177872,0.00339814873331055,0.0724865742990302,-1.87761060449994,I4-FP1,"(R+1) vs (L-92, L-44, L-3)"
ANGPTL3,-0.583159762751652,17.0808222778145,-3.36884423748533,0.00340871709168244,0.0724865742990302,-1.88052444995275,I4-FP1,"(R+1) vs (L-92, L-44, L-3)"
CILP2,-0.761491390369899,12.0390476532749,-3.30403367740316,0.00393431602555442,0.0826674736321852,-2.01497568290485,I4-FP1,"(R+1) vs (L-92, L-44, L-3)"
LSP1,-1.09286645492817,9.82937962404413,-3.28275790580803,0.00412365270160596,0.085626435509818,-2.05899484901327,I4-FP1,"(R+1) vs (L-92, L-44, L-3)"
CPB2,-0.536393561033015,20.5388787060954,-3.23822298849182,0.00454941155735344,0.0933687371945212,-2.15093366945071,I4-FP1,"(R+1) vs (L-92, L-44, L-3)"
OGN,-0.672691357872075,13.7898592096149,-3.23166854132822,0.00461560907715651,0.093638505990589,-2.16444068627563,I4-FP1,"(R+1) vs (L-92, L-44, L-3)"
LMAN2,-0.644065871220311,13.7545587752085,-3.2198622212247,0.00473723930167272,0.0943801858279476,-2.18875431352274,I4-FP1,"(R+1) vs (L-92, L-44, L-3)"
GCA,-0.810250054810627,11.7017292892632,-3.21777044988305,0.00475911418622512,0.0943801858279476,-2.19305986542068,I4-FP1,"(R+1) vs (L-92, L-44, L-3)"
NUDC,1.39739621004294,11.2527196692471,3.1981554649663,0.00496911403847974,0.0974498475324083,-2.23340135063597,I4-FP1,"(R+1) vs (L-92, L-44, L-3)"
GCLM,1.04779005871933,11.3585548251711,3.17126210126565,0.00527184618108274,0.102250642962758,-2.28861391158097,I4-FP1,"(R+1) vs (L-92, L-44, L-3)"
GABARAPL2,1.46211266423657,10.5216585784046,3.13806194057546,0.0056705289323331,0.107845252639605,-2.35661162087261,I4-FP1,"(R+1) vs (L-92, L-44, L-3)"
ABCF1,-0.726749322227091,11.7020506032746,-3.13710089657628,0.00568249773115203,0.107845252639605,-2.35857718889227,I4-FP1,"(R+1) vs (L-92, L-44, L-3)"
PCOLCE2,-0.459340017059922,15.153026031331,-3.11873254939196,0.00591605530145838,0.110035816091131,-2.39611431560598,I4-FP1,"(R+1) vs (L-92, L-44, L-3)"
NCF4,-0.914165119124977,11.6176993759204,-3.11822750335929,0.00592260766496177,0.110035816091131,-2.39714558678314,I4-FP1,"(R+1) vs (L-92, L-44, L-3)"
TPPP3,1.05326087468508,15.8682691638557,3.11070131047515,0.00602109406738606,0.110700323218087,-2.41250826056662,I4-FP1,"(R+1) vs (L-92, L-44, L-3)"
GLOD4,4.29407470951581,13.9844446909117,3.10444607865935,0.00610416311617776,0.11107059690777,-2.42526897121496,I4-FP1,"(R+1) vs (L-92, L-44, L-3)"
GRIK1,-0.814891035726518,14.9733498836291,-3.08839164265697,0.00632251321234605,0.111515268028998,-2.45798792604683,I4-FP1,"(R+1) vs (L-92, L-44, L-3)"
NUDT2,-0.509489695528584,14.6708852834766,-3.08280396519167,0.00640028045961843,0.111515268028998,-2.46936460933869,I4-FP1,"(R+1) vs (L-92, L-44, L-3)"
FGB,-0.462611788042366,23.3753396396546,-3.0818369310836,0.00641383356747886,0.111515268028998,-2.47133293758466,I4-FP1,"(R+1) vs (L-92, L-44, L-3)"
STC2,-0.495888747504901,14.0460616744361,-3.06759834041445,0.00661665529526318,0.111515268028998,-2.50029446325894,I4-FP1,"(R+1) vs (L-92, L-44, L-3)"
CORO1B,1.33531383321541,11.9054416588841,3.06309617252984,0.00668207633988492,0.111515268028998,-2.50944404368897,I4-FP1,"(R+1) vs (L-92, L-44, L-3)"
ITGB2,-0.581679707488175,12.4309175833618,-3.05609977420164,0.00678499246519246,0.111515268028998,-2.5236549298284,I4-FP1,"(R+1) vs (L-92, L-44, L-3)"
SOD3,-0.440631448009625,16.8287402217593,-3.05555382098947,0.00679308794200882,0.111515268028998,-2.52476346232783,I4-FP1,"(R+1) vs (L-92, L-44, L-3)"
ANTXR2,-0.560808154478422,15.4901624599685,-3.05457232952011,0.00680766529132907,0.111515268028998,-2.52675619158772,I4-FP1,"(R+1) vs (L-92, L-44, L-3)"
MPST,-1.03409460265665,10.3789272658529,-3.05292153088998,0.00683225203626785,0.111515268028998,-2.53010740401205,I4-FP1,"(R+1) vs (L-92, L-44, L-3)"
MGLL,0.872288466962862,13.6518031007689,3.05221061875175,0.00684286685176341,0.111515268028998,-2.53155043394878,I4-FP1,"(R+1) vs (L-92, L-44, L-3)"
CILP,-1.00409403277288,10.1299256843061,-3.05188300987866,0.0068477638652947,0.111515268028998,-2.5322153912164,I4-FP1,"(R+1) vs (L-92, L-44, L-3)"
MYO5A,1.99786818504014,11.0198661481325,3.04928104827579,0.00688677859215914,0.111515268028998,-2.5374959355308,I4-FP1,"(R+1) vs (L-92, L-44, L-3)"
PRPS1,1.00695381414563,13.5673947794325,3.04084204446736,0.00701480973270993,0.112555810711209,-2.55461344677475,I4-FP1,"(R+1) vs (L-92, L-44, L-3)"
PLOD1,-1.26087677252992,10.4405492642534,-3.03206621879088,0.00715040541941669,0.113697887975409,-2.57239943569249,I4-FP1,"(R+1) vs (L-92, L-44, L-3)"
ITGAM,-0.836931548428218,11.4653964856934,-3.02230453949729,0.00730422733567999,0.115106796852457,-2.5921656109482,I4-FP1,"(R+1) vs (L-92, L-44, L-3)"
OLA1,0.675893948498423,13.4194298508824,3.01252603818384,0.00746153604521061,0.116545231148643,-2.61194677387599,I4-FP1,"(R+1) vs (L-92, L-44, L-3)"
LCAT,0.768195660753241,12.9661752837433,2.99508892538267,0.00775025268194527,0.119992947224854,-2.64717259443261,I4-FP1,"(R+1) vs (L-92, L-44, L-3)"
IDH1,-0.667087497724542,12.2878528850462,-2.98609122225765,0.00790344461723009,0.120275755404805,-2.66532493158277,I4-FP1,"(R+1) vs (L-92, L-44, L-3)"
IGHV3-21,-0.802226089626037,11.5960257410655,-2.98601185659495,0.00790480885380025,0.120275755404805,-2.66548497212185,I4-FP1,"(R+1) vs (L-92, L-44, L-3)"
CON_sp|PRDX1_HUMAN|,0.496698678819283,13.6397248550972,2.98178947360629,0.00797771871455455,0.120347637018707,-2.67399748840221,I4-FP1,"(R+1) vs (L-92, L-44, L-3)"
JAM3,1.97964303046434,11.54202262785,2.94695962230485,0.00860452723507698,0.12779892036965,-2.74407129042082,I4-FP1,"(R+1) vs (L-92, L-44, L-3)"
VCAN,0.550001691841803,13.3437153381138,2.94109897368696,0.0087145823252496,0.12779892036965,-2.75583641400272,I4-FP1,"(R+1) vs (L-92, L-44, L-3)"
NBEAL2,-0.531593015198453,14.3606236693386,-2.9374175841769,0.00878440926186375,0.12779892036965,-2.76322284557467,I4-FP1,"(R+1) vs (L-92, L-44, L-3)"
GSTO1,0.472407564710346,13.2208768047266,2.93668512727881,0.00879836660888362,0.12779892036965,-2.76469210702612,I4-FP1,"(R+1) vs (L-92, L-44, L-3)"
ERP44,-0.443937125380724,14.6485136999641,-2.93353843556002,0.0088585729537571,0.12779892036965,-2.7710028113795,I4-FP1,"(R+1) vs (L-92, L-44, L-3)"
TUBB8,-1.0107127546719,14.6032864001104,-2.9275611465466,0.00897403723933929,0.12779892036965,-2.78298420466774,I4-FP1,"(R+1) vs (L-92, L-44, L-3)"
HPSE,0.748680331307159,13.6068978441844,2.92371914429942,0.00904902093367558,0.12779892036965,-2.79068121281923,I4-FP1,"(R+1) vs (L-92, L-44, L-3)"
RTCA,0.951316348249484,11.6065116910612,2.92362249356864,0.00905091504034349,0.12779892036965,-2.79087479852999,I4-FP1,"(R+1) vs (L-92, L-44, L-3)"
PCOLCE,-0.415909221938143,20.2547624890119,-2.91135189270458,0.00929452653480334,0.128141642677574,-2.81543488558708,I4-FP1,"(R+1) vs (L-92, L-44, L-3)"
PLA2G7,0.570113900526571,10.6308900534199,2.91071540304004,0.00930733432931558,0.128141642677574,-2.81670790845549,I4-FP1,"(R+1) vs (L-92, L-44, L-3)"
C1QTNF3,-0.757698949669524,11.9495032622798,-2.9086981231325,0.0093480399293358,0.128141642677574,-2.82074199268492,I4-FP1,"(R+1) vs (L-92, L-44, L-3)"
RAB5C,-0.323400567458055,13.3603015030702,-2.90783084234977,0.00936559314753942,0.128141642677574,-2.82247606265167,I4-FP1,"(R+1) vs (L-92, L-44, L-3)"
TCP1,-0.671328362948241,14.4747038092438,-2.90013768558964,0.00952269817082861,0.129288940550096,-2.83785042537322,I4-FP1,"(R+1) vs (L-92, L-44, L-3)"
H2AC20,-0.563331529234691,19.4550558815019,-2.88160020374124,0.00991178440622618,0.132504265409585,-2.8748399539257,I4-FP1,"(R+1) vs (L-92, L-44, L-3)"
ATP2C1,1.63033938676951,12.2375582600171,2.87799768498831,0.00998915860534087,0.132504265409585,-2.88201898957013,I4-FP1,"(R+1) vs (L-92, L-44, L-3)"
CD74,-0.508967101826094,10.7871631471084,-2.87236322947828,0.0101113439566864,0.132504265409585,-2.89324103397072,I4-FP1,"(R+1) vs (L-92, L-44, L-3)"
FKBP1B,-2.9679727647883,18.5052207464999,-2.87197047500304,0.0101199145220735,0.132504265409585,-2.89402299305235,I4-FP1,"(R+1) vs (L-92, L-44, L-3)"
FCGR3B,-0.729384978039963,11.7363979724154,-2.8704465383613,0.0101532357699321,0.132504265409585,-2.89705674220312,I4-FP1,"(R+1) vs (L-92, L-44, L-3)"
PA2G4,0.652723975721732,13.472800715311,2.86786331514112,0.0102099603941663,0.132504265409585,-2.90219797262532,I4-FP1,"(R+1) vs (L-92, L-44, L-3)"
IGHV3-23,-1.76589859121079,13.0471040527975,-2.86078703735562,0.0103669166269879,0.13355918136229,-2.91627320911376,I4-FP1,"(R+1) vs (L-92, L-44, L-3)"
STXBP5,5.60497416486282,19.0541677277311,2.85041323751823,0.010601224382075,0.133877083302104,-2.93688545834335,I4-FP1,"(R+1) vs (L-92, L-44, L-3)"
FKBP2,-0.489351037580716,14.6428928701139,-2.84658785497272,0.0106889072553816,0.133877083302104,-2.94447965748479,I4-FP1,"(R+1) vs (L-92, L-44, L-3)"
EIF2S2,0.656079828557977,12.1761346718242,2.84521721472339,0.0107204938041092,0.133877083302104,-2.94719979261988,I4-FP1,"(R+1) vs (L-92, L-44, L-3)"
CES1,0.825832414349351,9.57515204675471,2.84477815402678,0.0107306309999304,0.133877083302104,-2.94807104233444,I4-FP1,"(R+1) vs (L-92, L-44, L-3)"
AK1,0.789729051198484,16.2451512001703,2.84032349769709,0.0108340050409677,0.133877083302104,-2.95690793713106,I4-FP1,"(R+1) vs (L-92, L-44, L-3)"
CHID1,-0.663312686059105,14.9186924867441,-2.8397793257806,0.0108466985338248,0.133877083302104,-2.95798709711303,I4-FP1,"(R+1) vs (L-92, L-44, L-3)"
RNASE1,-0.619598733643298,15.1270453458941,-2.83457084417257,0.0109689194359019,0.134313930283506,-2.96831242717615,I4-FP1,"(R+1) vs (L-92, L-44, L-3)"
MGP,-0.415139695142141,18.6390134614494,-2.83180798787286,0.0110342888901464,0.134313930283506,-2.97378678154948,I4-FP1,"(R+1) vs (L-92, L-44, L-3)"
LTBP1.1,1.83594624671641,11.240255882094,2.82571391362655,0.0111798032728304,0.134346491195749,-2.9858548706611,I4-FP1,"(R+1) vs (L-92, L-44, L-3)"
H2BC18,-0.566509344168373,18.992868911252,-2.82532310012341,0.0111891978502975,0.134346491195749,-2.98662847890471,I4-FP1,"(R+1) vs (L-92, L-44, L-3)"
KIAA0513,-1.84476604784059,14.2194160889075,-2.80098906859962,0.0117893421555638,0.140595870976825,-3.03472057213291,I4-FP1,"(R+1) vs (L-92, L-44, L-3)"
GAPVD1,-1.52258692672972,12.3156236778493,-2.78538383639413,0.0121903591910391,0.143766818877363,-3.06548105222496,I4-FP1,"(R+1) vs (L-92, L-44, L-3)"
TIMP3,0.467264673864157,14.5279856548111,2.77737049509457,0.0124013390278516,0.143766818877363,-3.08125175512359,I4-FP1,"(R+1) vs (L-92, L-44, L-3)"
SHOC2,1.07279274873607,11.2227642386231,2.77428600346761,0.0124834794447602,0.143766818877363,-3.08731765771047,I4-FP1,"(R+1) vs (L-92, L-44, L-3)"
TNC,-0.606009802450286,13.0799144731198,-2.77367554911074,0.0124997976730774,0.143766818877363,-3.08851786462837,I4-FP1,"(R+1) vs (L-92, L-44, L-3)"
ADSL,-0.746213978615724,18.6998088519615,-2.77268460951695,0.0125263303318216,0.143766818877363,-3.09046592683438,I4-FP1,"(R+1) vs (L-92, L-44, L-3)"
GCN1,2.57320907784349,11.2870749290141,2.7720272757994,0.0125439604006311,0.143766818877363,-3.09175801703133,I4-FP1,"(R+1) vs (L-92, L-44, L-3)"
WARS1,-0.479518306655261,16.1246690041336,-2.76344044073012,0.0127764611712999,0.145486799789318,-3.10862609937456,I4-FP1,"(R+1) vs (L-92, L-44, L-3)"
GK,5.67601875427711,15.0040927050746,2.75715869712184,0.0129491589368289,0.146508112330147,-3.12095342143011,I4-FP1,"(R+1) vs (L-92, L-44, L-3)"
ATP6AP1,-0.930772115037882,10.7911369456574,-2.74666411865426,0.0132426767970077,0.148783014173559,-3.14152404345945,I4-FP1,"(R+1) vs (L-92, L-44, L-3)"
KRTDAP,-0.52268906879128,13.9029213484861,-2.7439780793573,0.0133188193991061,0.148783014173559,-3.14678414339154,I4-FP1,"(R+1) vs (L-92, L-44, L-3)"
SSB,-0.983640960212273,12.1531667156905,-2.73257495995948,0.0136467619137886,0.150613320317044,-3.16909276599143,I4-FP1,"(R+1) vs (L-92, L-44, L-3)"
ITGB5,-0.988325088060932,12.9185552721868,-2.73234919188817,0.0136533321533864,0.150613320317044,-3.169534084837,I4-FP1,"(R+1) vs (L-92, L-44, L-3)"
IGFBP4,-0.423369642880025,19.781967968676,-2.72525627960367,0.0138612960518765,0.151866462330159,-3.18339164857179,I4-FP1,"(R+1) vs (L-92, L-44, L-3)"
APOA1,-0.43494042505624,23.2735125264594,-2.72263155978803,0.0139390180722299,0.151866462330159,-3.18851603340932,I4-FP1,"(R+1) vs (L-92, L-44, L-3)"
NAA50,0.546467495596704,10.4619949465501,2.71577086032423,0.0141441471587617,0.152907086264171,-3.20190136132241,I4-FP1,"(R+1) vs (L-92, L-44, L-3)"
NUP205,-0.566837743653888,15.4344342897701,-2.71366136347867,0.0142077972506085,0.152907086264171,-3.20601433762474,I4-FP1,"(R+1) vs (L-92, L-44, L-3)"
ZYX,0.521955651720826,14.9246924134748,2.70531365896874,0.0144623686871068,0.154703519592384,-3.22227775957019,I4-FP1,"(R+1) vs (L-92, L-44, L-3)"
A1BG,0.513817237177828,15.6791607764596,2.69339957489173,0.0148332587548695,0.157715070496052,-3.24545467557488,I4-FP1,"(R+1) vs (L-92, L-44, L-3)"
ITGA7,-3.42417992380703,20.3103198404759,-2.6824838480969,0.0151810256265004,0.160446169046546,-3.26665323712914,I4-FP1,"(R+1) vs (L-92, L-44, L-3)"
DMTN,0.623488709938945,13.8389743647644,2.6779985785463,0.0153261660905814,0.161015971130215,-3.27535358992253,I4-FP1,"(R+1) vs (L-92, L-44, L-3)"
PLA1A,0.478620199335663,14.2625365856258,2.66825840458874,0.0156459220606268,0.16340267714205,-3.29422670933607,I4-FP1,"(R+1) vs (L-92, L-44, L-3)"
PIN1,0.787959286971135,12.5658950529445,2.65868806258847,0.0159662889274912,0.164729981935287,-3.31274319872939,I4-FP1,"(R+1) vs (L-92, L-44, L-3)"
S100A8,-0.531235156183914,20.1353304556696,-2.65815650431708,0.0159842647845081,0.164729981935287,-3.3137708401879,I4-FP1,"(R+1) vs (L-92, L-44, L-3)"
ILF3,-0.619229172394973,16.9213159397046,-2.65612899637458,0.0160530067381696,0.164729981935287,-3.31768976258234,I4-FP1,"(R+1) vs (L-92, L-44, L-3)"
S100A12,-0.997096554698888,13.9064673059217,-2.65313568415955,0.0161550088139875,0.164818442524208,-3.32347319644025,I4-FP1,"(R+1) vs (L-92, L-44, L-3)"
IGLV2-11,-0.450588124793085,17.4422327199735,-2.63838314201339,0.0166668049739429,0.16906270562649,-3.35193707312538,I4-FP1,"(R+1) vs (L-92, L-44, L-3)"
S100A9,-0.518936934026779,19.9021080836589,-2.63356444831033,0.016837291625166,0.169816112676674,-3.36121992787395,I4-FP1,"(R+1) vs (L-92, L-44, L-3)"
ARL6IP5,-2.26395932717341,10.8212040564479,-2.62695933042828,0.0170736786538053,0.170122096571102,-3.37393254442835,I4-FP1,"(R+1) vs (L-92, L-44, L-3)"
DNAJB1,0.644323896508645,12.3940124593308,2.62376448375971,0.0171891461345322,0.170122096571102,-3.38007668529405,I4-FP1,"(R+1) vs (L-92, L-44, L-3)"
HSP90AA1,0.465312327537276,14.8229384201814,2.62079088208315,0.0172972839277042,0.170122096571102,-3.38579248307446,I4-FP1,"(R+1) vs (L-92, L-44, L-3)"
SBSN,0.688499445435267,11.8042507145691,2.62030391355093,0.017315054475065,0.170122096571102,-3.38672826114576,I4-FP1,"(R+1) vs (L-92, L-44, L-3)"
EIF4E,0.51971526305798,11.9584774500527,2.618951794839,0.0173644872375247,0.170122096571102,-3.38932615729483,I4-FP1,"(R+1) vs (L-92, L-44, L-3)"
ATP6V0D1,-0.579514034873994,13.4778186949132,-2.61435482912146,0.0175335545804717,0.170122096571102,-3.39815426150865,I4-FP1,"(R+1) vs (L-92, L-44, L-3)"
FBLN7,-0.447677304692856,14.1591134187707,-2.61364909319371,0.0175596481944515,0.170122096571102,-3.39950898308032,I4-FP1,"(R+1) vs (L-92, L-44, L-3)"
CON_sp|LYSC_HUMAN|,-0.320351501490506,21.411281757888,-2.60653259677925,0.0178248397567252,0.170122096571102,-3.41316094028099,I4-FP1,"(R+1) vs (L-92, L-44, L-3)"
PLIN4,-0.731445498770945,12.4525112732143,-2.60635381021746,0.0178315508325833,0.170122096571102,-3.41350370995313,I4-FP1,"(R+1) vs (L-92, L-44, L-3)"
FGG,-0.364036288226156,23.2669839775081,-2.60519392876547,0.0178751473615453,0.170122096571102,-3.41572718903873,I4-FP1,"(R+1) vs (L-92, L-44, L-3)"
CON_sp|RS27A_HUMAN|,0.409651415569447,14.5691149229577,2.60379453832223,0.0179278809984277,0.170122096571102,-3.41840923582968,I4-FP1,"(R+1) vs (L-92, L-44, L-3)"
ERN1,0.907228253543959,10.8259506234363,2.59979857998888,0.0180792757884757,0.170641292869838,-3.42606439062538,I4-FP1,"(R+1) vs (L-92, L-44, L-3)"
STIP1,0.602748978481876,15.6401638662218,2.59508582220002,0.0182593869348449,0.171408094374767,-3.43508618915661,I4-FP1,"(R+1) vs (L-92, L-44, L-3)"
LOXL1,-0.463574689036264,12.9350733711382,-2.59260845112401,0.0183547477829071,0.171408094374767,-3.43982585661546,I4-FP1,"(R+1) vs (L-92, L-44, L-3)"
ITIH1,0.38836421082696,17.4775278930484,2.58892928724689,0.0184972409327036,0.171829632874851,-3.44686113667856,I4-FP1,"(R+1) vs (L-92, L-44, L-3)"
HMGB2,-0.733864055822058,14.6367483607804,-2.58282000672637,0.0187361711982859,0.173137917094108,-3.45853363086279,I4-FP1,"(R+1) vs (L-92, L-44, L-3)"
TTR,-0.40993195572107,20.5814012448943,-2.57608849402543,0.0190028226190317,0.174687405846828,-3.47138095965929,I4-FP1,"(R+1) vs (L-92, L-44, L-3)"
KRT5,-1.27393038259785,11.8898247712914,-2.57297261035534,0.0191274638550302,0.174922143544707,-3.47732273391227,I4-FP1,"(R+1) vs (L-92, L-44, L-3)"
DBN1,0.705556874885603,11.953860747395,2.56590975119521,0.0194128641167842,0.176617036938784,-3.49077934078856,I4-FP1,"(R+1) vs (L-92, L-44, L-3)"
LRRC47,1.06078199348005,10.8043205321268,2.55634209002582,0.0198059136969374,0.179076995948477,-3.50898202887755,I4-FP1,"(R+1) vs (L-92, L-44, L-3)"
MARCO,-0.441092876965925,15.2122365412256,-2.55173960363245,0.0199976595516641,0.179076995948477,-3.51772754024304,I4-FP1,"(R+1) vs (L-92, L-44, L-3)"
LPA,0.69151966338849,17.1826862277204,2.54947976892404,0.0200924487090384,0.179076995948477,-3.52201902636642,I4-FP1,"(R+1) vs (L-92, L-44, L-3)"
ITIH3,0.403352487826538,16.3442745449087,2.5479835430546,0.0201554417534348,0.179076995948477,-3.52485945930515,I4-FP1,"(R+1) vs (L-92, L-44, L-3)"
COL18A1,-0.475337123934487,16.4445473303539,-2.54715154181364,0.0201905508179869,0.179076995948477,-3.52643860484092,I4-FP1,"(R+1) vs (L-92, L-44, L-3)"
CSNK1A1,1.08050199146389,10.1003036583357,2.5389395569484,0.0205401979206675,0.180585982381395,-3.5420125457701,I4-FP1,"(R+1) vs (L-92, L-44, L-3)"
RHOG,-0.573625245262336,14.2507474112392,-2.53835472220783,0.0205653158406008,0.180585982381395,-3.54312081167239,I4-FP1,"(R+1) vs (L-92, L-44, L-3)"
PMM2,0.612362888125172,11.0830930040757,2.53584194487972,0.0206735670466051,0.180637850679495,-3.54788122604488,I4-FP1,"(R+1) vs (L-92, L-44, L-3)"
DUSP3.1,-0.414772351129943,16.5199313298042,-2.52514498235197,0.0211404460742545,0.182861490881713,-3.56812244629897,I4-FP1,"(R+1) vs (L-92, L-44, L-3)"
H2AZ1,-0.716839044098048,11.7679295507646,-2.52434172050984,0.0211759040622718,0.182861490881713,-3.56964083502272,I4-FP1,"(R+1) vs (L-92, L-44, L-3)"
FGD3,1.11322010873175,13.0855034469802,2.52291841887462,0.0212388700457514,0.182861490881713,-3.5723307291197,I4-FP1,"(R+1) vs (L-92, L-44, L-3)"
UBE2N,0.550344771438625,12.433269621499,2.51761647551126,0.0214749831245345,0.183996821431084,-3.58234473884874,I4-FP1,"(R+1) vs (L-92, L-44, L-3)"
KIF13B,-0.598000364809935,14.7106891210701,-2.51226096631667,0.0217159941032875,0.18516294489035,-3.59245008912959,I4-FP1,"(R+1) vs (L-92, L-44, L-3)"
NOTCH3,-0.516516220508357,12.3858677228345,-2.5083473697101,0.0218937261325798,0.185780897230785,-3.59982840739252,I4-FP1,"(R+1) vs (L-92, L-44, L-3)"
DNASE1L3,-0.516811489874008,11.592637007079,-2.50253769924413,0.0221600969828742,0.186489968073091,-3.61077158216585,I4-FP1,"(R+1) vs (L-92, L-44, L-3)"
CON_sp|IGF2_HUMAN|,-0.400423482008992,20.4937310938186,-2.50175188105099,0.0221963600233276,0.186489968073091,-3.61225085633659,I4-FP1,"(R+1) vs (L-92, L-44, L-3)"
RAN,0.683077974728792,16.6038257550403,2.49963624407265,0.0222942681379163,0.186489968073091,-3.61623239283414,I4-FP1,"(R+1) vs (L-92, L-44, L-3)"
PRSS1,0.930380536981072,14.9376416938537,2.49563084945849,0.0224807463848381,0.187107211929358,-3.6237660754998,I4-FP1,"(R+1) vs (L-92, L-44, L-3)"
CNBP,0.944780346644464,11.5276176019384,2.49196912760245,0.0226525088868929,0.187107211929358,-3.63064841648934,I4-FP1,"(R+1) vs (L-92, L-44, L-3)"
FIS1,0.479904579157263,13.578541768181,2.48966025815235,0.0227614468056818,0.187107211929358,-3.6349855920666,I4-FP1,"(R+1) vs (L-92, L-44, L-3)"
SLK,1.23883150297592,11.0158197506013,2.4890125298871,0.0227920966372873,0.187107211929358,-3.63620200141735,I4-FP1,"(R+1) vs (L-92, L-44, L-3)"
RELN,-0.419281357466356,16.2531465009248,-2.47985030379842,0.0232298260476531,0.189817791546795,-3.65339238784263,I4-FP1,"(R+1) vs (L-92, L-44, L-3)"
COASY,0.697217463759006,11.7553366968929,2.47741883110433,0.0233473118967904,0.189898642847166,-3.65794936019133,I4-FP1,"(R+1) vs (L-92, L-44, L-3)"
COMP,-0.49680807734428,15.170044676639,-2.47307344691918,0.0235586687046137,0.190738762677262,-3.66608804830824,I4-FP1,"(R+1) vs (L-92, L-44, L-3)"
IGLC2,0.455168451327686,21.6245637334886,2.46404366982329,0.0240036377527216,0.1926802107286,-3.68297868280228,I4-FP1,"(R+1) vs (L-92, L-44, L-3)"
NUDCD2,0.454363635463607,11.2288192720926,2.46377903464313,0.024016796804698,0.1926802107286,-3.68347325221718,I4-FP1,"(R+1) vs (L-92, L-44, L-3)"
DECR1,2.4034194994177,10.564755256346,2.45326931001169,0.0245449080815964,0.196026075855283,-3.7030940510016,I4-FP1,"(R+1) vs (L-92, L-44, L-3)"
QDPR,0.56534050757711,13.6958864798914,2.44721336834132,0.0248541495435077,0.197601684433743,-3.71438171528211,I4-FP1,"(R+1) vs (L-92, L-44, L-3)"
IGKV1D-33,0.42658581653918,17.7656886805626,2.4319564664065,0.0256495126000655,0.202334533276938,-3.74275921862126,I4-FP1,"(R+1) vs (L-92, L-44, L-3)"
SVIP,-0.781560260848399,9.83577446998732,-2.42931779964493,0.0257894672771639,0.202334533276938,-3.7476583327173,I4-FP1,"(R+1) vs (L-92, L-44, L-3)"
SMC3,-0.741259942026847,11.5802403358815,-2.42924471024051,0.0257933541004596,0.202334533276938,-3.74779399817494,I4-FP1,"(R+1) vs (L-92, L-44, L-3)"
CHRDL2,-0.784499081652221,11.1977550596883,-2.42479041987623,0.0260312676520297,0.202687531509621,-3.75605809988283,I4-FP1,"(R+1) vs (L-92, L-44, L-3)"
LZIC,-0.349298876817375,22.4275960240355,-2.42410558309914,0.0260680281318323,0.202687531509621,-3.75732802848815,I4-FP1,"(R+1) vs (L-92, L-44, L-3)"
IGFBP6,-0.38829785249538,17.0420284868856,-2.41930035067782,0.026327332784747,0.203214169318698,-3.76623367704206,I4-FP1,"(R+1) vs (L-92, L-44, L-3)"
KRT6B,1.41876300623006,11.61657737175,2.41858702854407,0.0263660310334175,0.203214169318698,-3.76755495428815,I4-FP1,"(R+1) vs (L-92, L-44, L-3)"
CLIC1,0.679901202477317,14.0661260793067,2.41497063286349,0.0265630438855183,0.203842488947564,-3.77425060867495,I4-FP1,"(R+1) vs (L-92, L-44, L-3)"
ABCB6,2.79395695180832,12.751939805003,2.40514810924941,0.0271051276386722,0.206871322237009,-3.79241177934052,I4-FP1,"(R+1) vs (L-92, L-44, L-3)"
HMGA1,0.65654420040655,12.9369712533132,2.40358839358464,0.0271921511382357,0.206871322237009,-3.79529221581828,I4-FP1,"(R+1) vs (L-92, L-44, L-3)"
ADIPOQ,0.443520845034704,12.9854851281189,2.40061893725729,0.0273585530368945,0.20724397472154,-3.800773555492,I4-FP1,"(R+1) vs (L-92, L-44, L-3)"
MIA,-0.380419651086684,13.5036540341564,-2.39641018480814,0.0275960338606044,0.208149571640884,-3.80853674654853,I4-FP1,"(R+1) vs (L-92, L-44, L-3)"
CHRDL1,-0.405813560567803,13.8557681522377,-2.39415566626918,0.0277240372366079,0.208225215840906,-3.81269249251372,I4-FP1,"(R+1) vs (L-92, L-44, L-3)"
TAC3,-0.404852481530886,13.6298433656592,-2.39094519578484,0.0279072738919294,0.208558230163383,-3.8186069698798,I4-FP1,"(R+1) vs (L-92, L-44, L-3)"
AXL,-0.633281079167538,11.6334804863704,-2.38924616369463,0.0280047028604657,0.208558230163383,-3.82173539934853,I4-FP1,"(R+1) vs (L-92, L-44, L-3)"
GRAP2,-1.32469048841832,10.4409962818466,-2.38180489502559,0.0284351678063156,0.20997493230615,-3.83542387262019,I4-FP1,"(R+1) vs (L-92, L-44, L-3)"
RGS10,0.540950109535385,14.4908769774003,2.37993043844703,0.0285445718561205,0.20997493230615,-3.8388686163192,I4-FP1,"(R+1) vs (L-92, L-44, L-3)"
FH,1.45666132071289,11.062814069422,2.3798062826879,0.0285518321549439,0.20997493230615,-3.83909673276648,I4-FP1,"(R+1) vs (L-92, L-44, L-3)"
HUWE1,-0.885253415396702,11.8800123620874,-2.37608676264574,0.028770140686024,0.210007446982667,-3.84592797593875,I4-FP1,"(R+1) vs (L-92, L-44, L-3)"
CFH.1,1.09234847915143,12.5301316129222,2.3731800653612,0.0289418255509932,0.210007446982667,-3.85126263852512,I4-FP1,"(R+1) vs (L-92, L-44, L-3)"
PFKL,0.600270902735845,14.1051967824266,2.37298230702358,0.0289535408568694,0.210007446982667,-3.85162546451151,I4-FP1,"(R+1) vs (L-92, L-44, L-3)"
APOF,0.514440746023655,17.231514381959,2.37131921890905,0.0290522382194608,0.210007446982667,-3.85467611635677,I4-FP1,"(R+1) vs (L-92, L-44, L-3)"
FGA,-0.334182721617501,23.6016211484219,-2.36788163308136,0.029257240041293,0.210007446982667,-3.86097834612337,I4-FP1,"(R+1) vs (L-92, L-44, L-3)"
LIMS1,0.731222429087043,16.0303123131382,2.36766574125001,0.0292701597494256,0.210007446982667,-3.86137399233826,I4-FP1,"(R+1) vs (L-92, L-44, L-3)"
TPP2,1.06219797086386,10.4815277310898,2.36185799625769,0.0296197177128369,0.211655067867033,-3.872010458705,I4-FP1,"(R+1) vs (L-92, L-44, L-3)"
NOTUM,-0.591380867126543,14.8899010108538,-2.35862610143042,0.0298159208478966,0.212197985066684,-3.87792367768604,I4-FP1,"(R+1) vs (L-92, L-44, L-3)"
LCN2,-0.557798700575197,14.0560131597054,-2.35408114022327,0.0300938874685124,0.213167108286116,-3.88623234220609,I4-FP1,"(R+1) vs (L-92, L-44, L-3)"
BTK.1,-1.07943810862326,8.84194179924645,-2.35098183848057,0.030284820612864,0.213167108286116,-3.89189348419367,I4-FP1,"(R+1) vs (L-92, L-44, L-3)"
H3-3B,-0.608303444132637,17.2236150377019,-2.3486606474875,0.0304285561280345,0.213167108286116,-3.89613083374653,I4-FP1,"(R+1) vs (L-92, L-44, L-3)"
ACP1,0.598155560852671,15.0578050683954,2.34717845653866,0.0305206700536501,0.213167108286116,-3.89883545818234,I4-FP1,"(R+1) vs (L-92, L-44, L-3)"
MAN1A1,-0.40722687344893,17.4853759674845,-2.34639384305367,0.0305695365357976,0.213167108286116,-3.90026682441042,I4-FP1,"(R+1) vs (L-92, L-44, L-3)"
IGLV9-49,-0.394950912359988,13.9525279292971,-2.34467664191995,0.0306767396627045,0.213167108286116,-3.90339864599155,I4-FP1,"(R+1) vs (L-92, L-44, L-3)"
CORO1A,-0.65154898376339,15.3697520107887,-2.340498243077,0.0309390558354335,0.21414679823349,-3.91101424912458,I4-FP1,"(R+1) vs (L-92, L-44, L-3)"
SBDS,0.598682352880027,13.713725944357,2.32788377470868,0.0317436914549601,0.21885787272658,-3.93396287143555,I4-FP1,"(R+1) vs (L-92, L-44, L-3)"
CYB5R3,0.610783662469979,13.8445500614027,2.32166227191971,0.0321476625627508,0.220780639779203,-3.94525746283788,I4-FP1,"(R+1) vs (L-92, L-44, L-3)"
CON_sp|CAS2_BOVIN|,-0.389133287780405,13.9001149941727,-2.31097788187859,0.0328525730115972,0.223716499441342,-3.96461712258253,I4-FP1,"(R+1) vs (L-92, L-44, L-3)"
PKHD1L1,-0.418443220520647,13.8993305615243,-2.3104113339069,0.0328903489723656,0.223716499441342,-3.96564237461844,I4-FP1,"(R+1) vs (L-92, L-44, L-3)"
GPX1,0.54539825854815,15.9588965871483,2.30943706430726,0.0329554050168549,0.223716499441342,-3.9674051497704,I4-FP1,"(R+1) vs (L-92, L-44, L-3)"
GMPR,0.719528463183939,11.9638066607711,2.30525363118636,0.0332361093167088,0.224757597486556,-3.97496990871434,I4-FP1,"(R+1) vs (L-92, L-44, L-3)"
MMP1,0.665431418764118,12.1502711335501,2.30221921930564,0.0334411011101627,0.224824895300519,-3.9804524029482,I4-FP1,"(R+1) vs (L-92, L-44, L-3)"
TNFSF12,-0.545661247693068,10.1552659633815,-2.29971797719905,0.0336109549406589,0.224824895300519,-3.98496870965699,I4-FP1,"(R+1) vs (L-92, L-44, L-3)"
FKBP8,2.15430062817833,11.5754533013506,2.29946468994161,0.0336281996370182,0.224824895300519,-3.9854259067313,I4-FP1,"(R+1) vs (L-92, L-44, L-3)"
RPL13A,-1.13506168675516,12.6645986649849,-2.29430704246541,0.0339811390418891,0.226327209090318,-3.9947299294425,I4-FP1,"(R+1) vs (L-92, L-44, L-3)"
PDCD5,1.13973111605529,10.2382772227871,2.29192263740511,0.0341454619734744,0.226566693169858,-3.99902747351351,I4-FP1,"(R+1) vs (L-92, L-44, L-3)"
HCLS1,-0.491617637673252,12.4763306617321,-2.28331391664746,0.0347448823702995,0.229546449449607,-4.01452362290019,I4-FP1,"(R+1) vs (L-92, L-44, L-3)"
SYNCRIP,0.636806628538366,14.3895547287532,2.28122727993146,0.0348916330387417,0.229546449449607,-4.01827498809166,I4-FP1,"(R+1) vs (L-92, L-44, L-3)"
MPP1,0.504743499429615,12.7438930054518,2.27990817695476,0.0349846996611583,0.229546449449607,-4.02064553032331,I4-FP1,"(R+1) vs (L-92, L-44, L-3)"
URB1,0.691179268916975,15.9228567825988,2.27647412452117,0.0352280605305604,0.229927927311985,-4.02681337195122,I4-FP1,"(R+1) vs (L-92, L-44, L-3)"
MTHFD1,0.426766155107031,14.1772499695482,2.27541572104176,0.0353033814739649,0.229927927311985,-4.0287133460365,I4-FP1,"(R+1) vs (L-92, L-44, L-3)"
SERPINA5,-0.586676368855631,18.2899126768793,-2.26364125418386,0.036151409556276,0.231883938867197,-4.04981796455687,I4-FP1,"(R+1) vs (L-92, L-44, L-3)"
TSPAN9,0.870528052405235,12.2747591795942,2.26270727400297,0.0362194767234042,0.231883938867197,-4.05148950452815,I4-FP1,"(R+1) vs (L-92, L-44, L-3)"
H2BC20P,-0.523022872496962,14.9453979251962,-2.26121026917829,0.0363288233332214,0.231883938867197,-4.05416790808827,I4-FP1,"(R+1) vs (L-92, L-44, L-3)"
COTL1,1.10025523951016,12.1037553932938,2.26120224717624,0.0363294101095702,0.231883938867197,-4.05418225826752,I4-FP1,"(R+1) vs (L-92, L-44, L-3)"
DNM1L,0.67936155646305,13.1266556614536,2.25887705414876,0.0364998578395293,0.231883938867197,-4.05834052265584,I4-FP1,"(R+1) vs (L-92, L-44, L-3)"
C8G,-0.418463091863856,19.5197598837041,-2.25726989954369,0.0366181012280572,0.231883938867197,-4.06121332489846,I4-FP1,"(R+1) vs (L-92, L-44, L-3)"
PFKL.1,0.590075122249961,12.6485726648548,2.25600740405781,0.0367112349020209,0.231883938867197,-4.06346926743363,I4-FP1,"(R+1) vs (L-92, L-44, L-3)"
CCN5,-0.446669833331188,14.9582049505271,-2.25540412661721,0.0367558155560425,0.231883938867197,-4.06454701666605,I4-FP1,"(R+1) vs (L-92, L-44, L-3)"
CR1,-0.366707009866591,12.0771419298067,-2.2534870371379,0.0368978154978331,0.231883938867197,-4.0679708377643,I4-FP1,"(R+1) vs (L-92, L-44, L-3)"
BLVRA,1.11626283550034,11.2691294500102,2.2518270858319,0.0370211779109214,0.231883938867197,-4.07093414357751,I4-FP1,"(R+1) vs (L-92, L-44, L-3)"
NME1-NME2,0.595856417652044,11.9645540485639,2.2512801839781,0.0370619052421369,0.231883938867197,-4.07191019936754,I4-FP1,"(R+1) vs (L-92, L-44, L-3)"
IGHV3-64D,-0.418690042423392,16.2509624209726,-2.24872445768991,0.0372527766712946,0.231883938867197,-4.07646969093613,I4-FP1,"(R+1) vs (L-92, L-44, L-3)"
DDX5,-0.454350998261102,17.9192583790414,-2.24793877298253,0.0373116366222573,0.231883938867197,-4.07787080793256,I4-FP1,"(R+1) vs (L-92, L-44, L-3)"
PSMD9,0.792657494778643,11.0631858814954,2.23599611404185,0.0382169517983367,0.234989389987394,-4.09913522325923,I4-FP1,"(R+1) vs (L-92, L-44, L-3)"
SERPINF2,0.47150846099992,19.105143536884,2.23482886563344,0.0383065128055443,0.234989389987394,-4.10121022375289,I4-FP1,"(R+1) vs (L-92, L-44, L-3)"
SEPTIN6,0.715508279145645,13.5361246426825,2.2343166597904,0.038345874512815,0.234989389987394,-4.10212057646324,I4-FP1,"(R+1) vs (L-92, L-44, L-3)"
MMRN2,0.536486076367582,13.6467087999131,2.23320643290425,0.0384313205561353,0.234989389987394,-4.10409340851658,I4-FP1,"(R+1) vs (L-92, L-44, L-3)"
SAA2-SAA4,-0.391685920160789,19.5961148525461,-2.23261362731374,0.038477016264225,0.234989389987394,-4.10514658098441,I4-FP1,"(R+1) vs (L-92, L-44, L-3)"
RBM3,0.423180358699879,12.6556338365807,2.23086207862644,0.0386123248552394,0.234993306823118,-4.10825746468775,I4-FP1,"(R+1) vs (L-92, L-44, L-3)"
CON_sp|TRYP_PIG|,-0.409160258318667,19.7292718392617,-2.22916376956577,0.0387439389719702,0.234993306823118,-4.11127250508123,I4-FP1,"(R+1) vs (L-92, L-44, L-3)"
IGHV2-5,-0.626541124132117,14.1255308721714,-2.22698697476869,0.0389132384566855,0.235211869438527,-4.11513515656034,I4-FP1,"(R+1) vs (L-92, L-44, L-3)"
NIBAN1,-0.41852685519616,13.1767671531393,-2.21931248893517,0.0395155665130511,0.237761019183828,-4.12873661731213,I4-FP1,"(R+1) vs (L-92, L-44, L-3)"
LECT2,-0.373145889988297,18.9341766029844,-2.21782217091569,0.0396335234102188,0.237761019183828,-4.13137488259765,I4-FP1,"(R+1) vs (L-92, L-44, L-3)"
MYO1G,-0.579984931694378,11.1158807064274,-2.21649180436767,0.0397390938579202,0.237761019183828,-4.13372915878472,I4-FP1,"(R+1) vs (L-92, L-44, L-3)"
OXSR1,0.634914057805122,11.8856632812103,2.20992401360352,0.0402640767546868,0.240088160378453,-4.14534028894581,I4-FP1,"(R+1) vs (L-92, L-44, L-3)"
MBNL1,1.00454469717727,10.708699649874,2.20053808810812,0.0410253902518242,0.243496258458412,-4.16190015022141,I4-FP1,"(R+1) vs (L-92, L-44, L-3)"
GSPT1,0.931746482053855,10.3092022650925,2.19948596251595,0.041111549586746,0.243496258458412,-4.16375398420903,I4-FP1,"(R+1) vs (L-92, L-44, L-3)"
PSAPL1,-0.344290685540233,11.8596071168355,-2.19482351474489,0.0414953637421128,0.244789022827628,-4.17196317144935,I4-FP1,"(R+1) vs (L-92, L-44, L-3)"
EXT1,-0.382530357884819,13.9442645234668,-2.19324016690794,0.0416264516715525,0.244789022827628,-4.174748747728,I4-FP1,"(R+1) vs (L-92, L-44, L-3)"
STXBP1,0.786828700190515,10.9536279745474,2.19180150736314,0.0417458900119638,0.244789022827628,-4.17727879250696,I4-FP1,"(R+1) vs (L-92, L-44, L-3)"
PMVK,0.415763698352792,12.3316508629776,2.1886936571511,0.0420049794601315,0.245136048781723,-4.18274110025769,I4-FP1,"(R+1) vs (L-92, L-44, L-3)"
ECM2,-0.346545849510766,13.6754939410694,-2.18776306514775,0.0420828457681938,0.245136048781723,-4.18437584243261,I4-FP1,"(R+1) vs (L-92, L-44, L-3)"
EIF3G,0.472039922007073,16.9167016659308,2.185506637698,0.0422721998947894,0.245429055310208,-4.18833800689052,I4-FP1,"(R+1) vs (L-92, L-44, L-3)"
RSU1,0.688238061662129,16.7691498793044,2.183816971199,0.0424145039411109,0.245447867069051,-4.19130345494687,I4-FP1,"(R+1) vs (L-92, L-44, L-3)"
SERPINA4,-0.313414897720722,17.1770473003265,-2.18112575291647,0.0426420658807061,0.245742932133279,-4.19602399266086,I4-FP1,"(R+1) vs (L-92, L-44, L-3)"
DAG1,0.503043699085528,11.35870325093,2.178681187952,0.0428497407691842,0.245742932133279,-4.20030902542659,I4-FP1,"(R+1) vs (L-92, L-44, L-3)"
S100A11,-0.469816826924512,14.9905592532373,-2.17828851694767,0.0428831858906799,0.245742932133279,-4.20099707683891,I4-FP1,"(R+1) vs (L-92, L-44, L-3)"
SND1,-0.798815623353975,15.3271637992195,-2.16555874838363,0.0439804615335194,0.251215257626737,-4.22326432326946,I4-FP1,"(R+1) vs (L-92, L-44, L-3)"
ICAM1,-0.540324220232312,11.0305365893003,-2.16383869463434,0.044130680884716,0.251260166972657,-4.22626736901985,I4-FP1,"(R+1) vs (L-92, L-44, L-3)"
AIMP1,0.885835330428888,12.0076214721938,2.16216221212269,0.0442775465655594,0.251285754624477,-4.22919302843617,I4-FP1,"(R+1) vs (L-92, L-44, L-3)"
LEFTY1,-0.445552377037786,13.291330429436,-2.15600310119796,0.0448209521808687,0.253554424997543,-4.23993022889599,I4-FP1,"(R+1) vs (L-92, L-44, L-3)"
DDX1.1,-1.20100345790785,11.4167872228805,-2.13804077286312,0.0464407213659383,0.261878189172144,-4.27114306022859,I4-FP1,"(R+1) vs (L-92, L-44, L-3)"
SNX5,0.897919670507096,11.9782331728047,2.12063200082112,0.0480613641416338,0.269747384283126,-4.30124901952664,I4-FP1,"(R+1) vs (L-92, L-44, L-3)"
TBCA,0.765899390184204,12.658566009767,2.11978108123263,0.0481418844471302,0.269747384283126,-4.30271687156912,I4-FP1,"(R+1) vs (L-92, L-44, L-3)"
TAF15,0.458188945844122,13.5822983604494,2.11556037248372,0.0485430978038693,0.271134707670346,-4.30999255979051,I4-FP1,"(R+1) vs (L-92, L-44, L-3)"
HMGN1,0.581547806707115,13.5585354932657,2.11392840677769,0.0486990439073933,0.271147673490691,-4.3128034691143,I4-FP1,"(R+1) vs (L-92, L-44, L-3)"
IGLV3-16,0.841836215074405,12.2559251142478,2.10545313445561,0.0495162724591293,0.272434754812579,-4.32738077423335,I4-FP1,"(R+1) vs (L-92, L-44, L-3)"
FCGBP,-0.507122100630098,11.8789599283356,-2.10414965503188,0.0496430612229921,0.272434754812579,-4.3296196653145,I4-FP1,"(R+1) vs (L-92, L-44, L-3)"
KLK10,-0.565072656754946,9.94774813765042,-2.103950461357,0.0496624626643805,0.272434754812579,-4.32996173346226,I4-FP1,"(R+1) vs (L-92, L-44, L-3)"
IL16,0.54721314310024,11.5815128893145,2.10394381833068,0.0496631098131479,0.272434754812579,-4.32997314096281,I4-FP1,"(R+1) vs (L-92, L-44, L-3)"
PFKM,-0.728330710703303,12.8381081205489,-2.10354497865854,0.0497019779318132,0.272434754812579,-4.3306579951522,I4-FP1,"(R+1) vs (L-92, L-44, L-3)"
CLDN5,1.28820290169672,10.7981867018421,2.09736818472408,0.0503074651341278,0.274899925578128,-4.34125444827675,I4-FP1,"(R+1) vs (L-92, L-44, L-3)"
NAA10,1.52005469660081,14.1447772087247,2.0857083904908,0.0514687217684276,0.279900850410821,-4.36120662034143,I4-FP1,"(R+1) vs (L-92, L-44, L-3)"
MCTS1,0.377176035469377,13.3570372037337,2.08500233202273,0.051539816647885,0.279900850410821,-4.3624126933867,I4-FP1,"(R+1) vs (L-92, L-44, L-3)"
ACTBL2,1.52174759658572,15.9555857110129,2.07957061270092,0.0520897361766432,0.281540483542919,-4.37168286465688,I4-FP1,"(R+1) vs (L-92, L-44, L-3)"
ADAMTSL4,-0.37910261706196,16.596362751009,-2.0782201579494,0.0522272824808759,0.281540483542919,-4.37398540187206,I4-FP1,"(R+1) vs (L-92, L-44, L-3)"
SEPTIN11,0.591952857532815,14.528786775866,2.07730900343753,0.0523202711626502,0.281540483542919,-4.37553842159661,I4-FP1,"(R+1) vs (L-92, L-44, L-3)"
RDX,0.730596672726857,11.9829934655777,2.0605037381899,0.0540624616214908,0.290031139094016,-4.40410865540741,I4-FP1,"(R+1) vs (L-92, L-44, L-3)"
CD151,1.65615030323163,11.9087444519807,2.05525073466775,0.0546177085994755,0.290904528422478,-4.41301038329404,I4-FP1,"(R+1) vs (L-92, L-44, L-3)"
IGHV3-74,-0.396038069391885,15.659483436459,-2.05487411534105,0.0546577149963128,0.290904528422478,-4.4136480721574,I4-FP1,"(R+1) vs (L-92, L-44, L-3)"
GPX4,0.451605010318081,13.4064283245,2.05350476576622,0.054803397552116,0.290904528422478,-4.4159660460699,I4-FP1,"(R+1) vs (L-92, L-44, L-3)"
MARCKS,-0.632225331312879,10.2741773160153,-2.05274351714081,0.0548845370904733,0.290904528422478,-4.41725424792439,I4-FP1,"(R+1) vs (L-92, L-44, L-3)"
SARS1,0.53520678931782,12.5960784597755,2.05059863594424,0.0551137387414183,0.29101716378554,-4.42088230214797,I4-FP1,"(R+1) vs (L-92, L-44, L-3)"
REG4,-0.386434181811623,13.9986404118031,-2.04946197610335,0.0552355523332328,0.29101716378554,-4.42280402048893,I4-FP1,"(R+1) vs (L-92, L-44, L-3)"
ANXA6,-0.371220833810159,15.9711397666256,-2.04258823389314,0.0559773943721702,0.293179290501286,-4.43441142127333,I4-FP1,"(R+1) vs (L-92, L-44, L-3)"
PI3,-0.438522585567312,11.8942441917383,-2.04258134673058,0.0559781421523702,0.293179290501286,-4.43442303940378,I4-FP1,"(R+1) vs (L-92, L-44, L-3)"
DPYSL2,0.645209726014378,10.6566193553835,2.04100104308032,0.0561499637331633,0.293209130145068,-4.43708826115397,I4-FP1,"(R+1) vs (L-92, L-44, L-3)"
TAGLN,-0.708783413661729,10.1543057580576,-2.03622311623241,0.0566723520064221,0.295064015608658,-4.44513867835468,I4-FP1,"(R+1) vs (L-92, L-44, L-3)"
UBE2D2,0.498651613821049,10.8587269721147,2.03346653496478,0.056975729762861,0.295771067739557,-4.44977803379096,I4-FP1,"(R+1) vs (L-92, L-44, L-3)"
DIPK2A,0.596901731125759,10.0605720308665,2.02802148962179,0.0575792954946461,0.298027731812464,-4.45893076011178,I4-FP1,"(R+1) vs (L-92, L-44, L-3)"
NAPA,0.496397198853095,12.2256627868671,2.02453235236232,0.0579690783148048,0.29916790416851,-4.46478780784731,I4-FP1,"(R+1) vs (L-92, L-44, L-3)"
SEC31A,-0.320325345492236,22.3754315094712,-2.02192791713492,0.0582615758492747,0.299800820332273,-4.46915569599206,I4-FP1,"(R+1) vs (L-92, L-44, L-3)"
TUBA8,0.681977180223517,12.0433611797065,2.01756404601843,0.0587546513949293,0.301459185209448,-4.47646654322883,I4-FP1,"(R+1) vs (L-92, L-44, L-3)"
YWHAH,0.760194853391421,13.4014821450716,2.01556022384745,0.0589823199275848,0.3017501294846,-4.4798202983141,I4-FP1,"(R+1) vs (L-92, L-44, L-3)"
NAMPT.1,-0.510943929200118,12.6975264865504,-2.01271037875925,0.0593074785471391,0.302148744842617,-4.48458646857207,I4-FP1,"(R+1) vs (L-92, L-44, L-3)"
SCFD1,0.485179830590174,11.972299240071,2.01161924381283,0.0594324000027452,0.302148744842617,-4.48641020997975,I4-FP1,"(R+1) vs (L-92, L-44, L-3)"
UBE2M,0.460700994254628,13.8563446236888,2.00963085087343,0.0596606551362533,0.302148744842617,-4.48973206525164,I4-FP1,"(R+1) vs (L-92, L-44, L-3)"
PKM,-0.282233682288165,13.7617424352081,-2.00889789457975,0.0597449926062739,0.302148744842617,-4.49095604442297,I4-FP1,"(R+1) vs (L-92, L-44, L-3)"
GANAB,-0.259265701987667,14.6382889801295,-2.00591525458277,0.0600892961704307,0.303021736402314,-4.49593395507278,I4-FP1,"(R+1) vs (L-92, L-44, L-3)"
ADH1B,0.602258359195593,13.5382722724204,2.00371391184208,0.0603445527973189,0.303071395128487,-4.49960495897839,I4-FP1,"(R+1) vs (L-92, L-44, L-3)"
HYOU1,0.298425512521999,12.8894602468421,2.00287085491312,0.0604425671870978,0.303071395128487,-4.50101019302979,I4-FP1,"(R+1) vs (L-92, L-44, L-3)"
DUSP22,0.774004290527615,9.60160870441726,1.99933655974958,0.0608550252977811,0.304275126488905,-4.5068972549835,I4-FP1,"(R+1) vs (L-92, L-44, L-3)"
MYL4,0.866855105792122,10.0040427327622,1.99634941811314,0.0612055988775319,0.305163508527807,-4.5118678633085,I4-FP1,"(R+1) vs (L-92, L-44, L-3)"
TPT1,0.422759293264151,13.1669013128342,1.99237125990626,0.061675293855703,0.306639137057227,-4.51848030715643,I4-FP1,"(R+1) vs (L-92, L-44, L-3)"
CD2AP,0.626959829126443,11.753439241295,1.99073839068736,0.0618690186766453,0.306738252708648,-4.52119205036236,I4-FP1,"(R+1) vs (L-92, L-44, L-3)"
EIF3A,0.725652013275725,12.4285641515161,1.98796923319761,0.0621988017672553,0.307509482126626,-4.52578766597088,I4-FP1,"(R+1) vs (L-92, L-44, L-3)"
LRPPRC,-0.377801580454846,13.124810648795,-1.98393318671099,0.0626822840388994,0.309034165722506,-4.53247857904952,I4-FP1,"(R+1) vs (L-92, L-44, L-3)"
RCN1,0.426125275927885,10.4503755578755,1.98102839834357,0.0630323336927515,0.309514916658013,-4.53728881126136,I4-FP1,"(R+1) vs (L-92, L-44, L-3)"
EPB41,0.497636765471733,14.5491854003491,1.9802162128737,0.0631305212446939,0.309514916658013,-4.53863296915156,I4-FP1,"(R+1) vs (L-92, L-44, L-3)"
ATP1A1,-0.452945915908982,15.9986986851524,-1.97415952883741,0.0638670632396695,0.311879337553239,-4.54864574700449,I4-FP1,"(R+1) vs (L-92, L-44, L-3)"
ATP6V1E1,0.368040108551483,16.3692905718742,1.97334920092245,0.0639661870789081,0.311879337553239,-4.54998389404755,I4-FP1,"(R+1) vs (L-92, L-44, L-3)"
PSMD4,0.811032860675846,10.8092090978315,1.97117261551732,0.0642331212658844,0.312318068964975,-4.5535765104643,I4-FP1,"(R+1) vs (L-92, L-44, L-3)"
PARK7,-0.712898860075837,10.9307765592767,-1.96515805318952,0.0649759313778119,0.315061865059994,-4.56349093161105,I4-FP1,"(R+1) vs (L-92, L-44, L-3)"
CUTA,0.503754023026816,12.8426549580989,1.96207064955368,0.0653602077370045,0.316056894947433,-4.56857274673805,I4-FP1,"(R+1) vs (L-92, L-44, L-3)"
SERPINF1,-0.276282046579993,19.5658252075749,-1.95832649599463,0.0658289518959939,0.31745382540008,-4.5747287428587,I4-FP1,"(R+1) vs (L-92, L-44, L-3)"
FGFBP2,-0.489377734907217,11.36742237155,-1.95012964651481,0.0668656441897384,0.321520334188744,-4.58817951442686,I4-FP1,"(R+1) vs (L-92, L-44, L-3)"
S100B,-0.669558120552281,20.9449561323115,-1.94878937114979,0.0670365342671149,0.321520334188744,-4.59037543506007,I4-FP1,"(R+1) vs (L-92, L-44, L-3)"
PAICS,0.553251649792112,11.6824537632327,1.94522746661523,0.0674925859285068,0.321656250767584,-4.59620659752666,I4-FP1,"(R+1) vs (L-92, L-44, L-3)"
SEPTIN2,0.611430134365974,13.9637862902762,1.94466056218912,0.0675654247874101,0.321656250767584,-4.59713404126802,I4-FP1,"(R+1) vs (L-92, L-44, L-3)"
CHGB,-0.59254059667996,10.6384115551408,-1.94430148488256,0.0676115971868407,0.321656250767584,-4.59772139455118,I4-FP1,"(R+1) vs (L-92, L-44, L-3)"
APOC2,-0.437311042508376,12.40533574868,-1.9375475889655,0.0684853125493509,0.324937034004313,-4.60875596489773,I4-FP1,"(R+1) vs (L-92, L-44, L-3)"
CHAD,-0.287959573997383,18.3850941294055,-1.93274731307371,0.0691124009825677,0.326605244766843,-4.61658367523897,I4-FP1,"(R+1) vs (L-92, L-44, L-3)"
MED30,-0.446250993089584,16.7395671124792,-1.93082747837591,0.0693646285047509,0.326605244766843,-4.61971080570872,I4-FP1,"(R+1) vs (L-92, L-44, L-3)"
GPX3,-0.400549884483133,17.8890431935427,-1.93061914018372,0.0693920491714257,0.326605244766843,-4.62005003760194,I4-FP1,"(R+1) vs (L-92, L-44, L-3)"
IQGAP1,-0.361882441282812,11.2843266225918,-1.92786068133458,0.069756017599148,0.327209206246298,-4.62453933893152,I4-FP1,"(R+1) vs (L-92, L-44, L-3)"
GNG2,-0.536610086603998,11.6217740670814,-1.92547161009905,0.0700726185794324,0.327209206246298,-4.62842412122515,I4-FP1,"(R+1) vs (L-92, L-44, L-3)"
DGKA,0.710960417382777,11.4987712696081,1.92544213537736,0.0700765325558644,0.327209206246298,-4.62847202954658,I4-FP1,"(R+1) vs (L-92, L-44, L-3)"
LIPG,-0.424817443283037,13.9221068691319,-1.92148451538655,0.0706038380949686,0.328801515138838,-4.63490044678055,I4-FP1,"(R+1) vs (L-92, L-44, L-3)"
RPL15,-0.6219860373628,12.2036067165777,-1.91757851317168,0.0711277225813537,0.330369553568656,-4.64123661078172,I4-FP1,"(R+1) vs (L-92, L-44, L-3)"
ALYREF,0.630906699549292,11.3079269642973,1.91575756415514,0.0713731322097822,0.33063931325529,-4.64418762171844,I4-FP1,"(R+1) vs (L-92, L-44, L-3)"
ARL13B,1.21578773400167,12.072892402472,1.91353123352467,0.0716741971556979,0.330957218694662,-4.64779311328429,I4-FP1,"(R+1) vs (L-92, L-44, L-3)"
SETD3,1.44414743662837,13.8957596650459,1.91247975985957,0.0718167789008815,0.330957218694662,-4.64949500251457,I4-FP1,"(R+1) vs (L-92, L-44, L-3)"
GALNT16,-0.387800797134927,11.0821854081881,-1.91108562141357,0.0720062149991343,0.330966066337166,-4.65175058136472,I4-FP1,"(R+1) vs (L-92, L-44, L-3)"
CEMIP,-0.902571543832813,10.7009670168086,-1.90675058357778,0.0725980993555641,0.332491732598486,-4.65875739522518,I4-FP1,"(R+1) vs (L-92, L-44, L-3)"
FLNC,1.83291832244534,14.6302550963565,1.90589878579014,0.0727149058260712,0.332491732598486,-4.6601329536575,I4-FP1,"(R+1) vs (L-92, L-44, L-3)"
CTSL,-0.34387645428856,14.8860673489427,-1.90304487464765,0.0731074769577012,0.333422989225691,-4.66473877537466,I4-FP1,"(R+1) vs (L-92, L-44, L-3)"
HLA-C,-0.449135883225743,16.6230892093275,-1.90011240883003,0.0735128107384018,0.333955643880243,-4.66946667138768,I4-FP1,"(R+1) vs (L-92, L-44, L-3)"
CTSF,-0.367972220948404,10.8366324644195,-1.89946411212706,0.0736026886512264,0.333955643880243,-4.67051124974754,I4-FP1,"(R+1) vs (L-92, L-44, L-3)"
LSM3,-0.658793208598041,10.7179913143849,-1.89787420071358,0.0738235217305416,0.33409875860104,-4.67307203116243,I4-FP1,"(R+1) vs (L-92, L-44, L-3)"
IFI16,0.872671934599266,11.1894337960523,1.89630435267614,0.0740421440669267,0.334231161836638,-4.67559911845246,I4-FP1,"(R+1) vs (L-92, L-44, L-3)"
CASS4,-0.378373015938345,15.1576749445026,-1.88728782824331,0.0753089588987278,0.338890190199072,-4.69008699979197,I4-FP1,"(R+1) vs (L-92, L-44, L-3)"
KLKB1.1,0.405924511192717,14.2175163018253,1.88449816050042,0.0757047725722599,0.338890190199072,-4.69456027036375,I4-FP1,"(R+1) vs (L-92, L-44, L-3)"
ADA2,-0.366140455690258,14.8577942459552,-1.88429458909525,0.0757337283505197,0.338890190199072,-4.6948865291187,I4-FP1,"(R+1) vs (L-92, L-44, L-3)"
CDH6,1.45877946460105,11.9442925530049,1.88353203365061,0.0758422805261381,0.338890190199072,-4.69610845082774,I4-FP1,"(R+1) vs (L-92, L-44, L-3)"
FKBP3,0.390162743751506,13.5701530566276,1.88118031314102,0.0761779225659445,0.338972452231843,-4.69987480067995,I4-FP1,"(R+1) vs (L-92, L-44, L-3)"
ITGA6,0.672284851622917,12.5300406989073,1.87993402653424,0.0763563269289727,0.338972452231843,-4.70186950555064,I4-FP1,"(R+1) vs (L-92, L-44, L-3)"
GBA,-0.30867210856659,15.977256905322,-1.87911305100773,0.0764740502688698,0.338972452231843,-4.70318301482047,I4-FP1,"(R+1) vs (L-92, L-44, L-3)"
THBS2,0.780484627096969,13.4796150614405,1.87803486439806,0.0766288999662921,0.338972452231843,-4.70490746939561,I4-FP1,"(R+1) vs (L-92, L-44, L-3)"
SEPTIN7,0.499821306616864,14.3027995963143,1.87405227682272,0.077203286166686,0.340659500210502,-4.71127155139462,I4-FP1,"(R+1) vs (L-92, L-44, L-3)"
SRPX,-0.32382578809004,14.2167491264216,-1.86221279780279,0.0789333440520199,0.34742481858308,-4.73013778760073,I4-FP1,"(R+1) vs (L-92, L-44, L-3)"
PLIN1,0.660182251225427,9.85556655397461,1.86077852317551,0.0791452345699968,0.347490893074737,-4.73241790374519,I4-FP1,"(R+1) vs (L-92, L-44, L-3)"
EIF4H,0.448703739662981,13.9212931466768,1.85661795109918,0.0797627307132262,0.34933305138671,-4.73902547817994,I4-FP1,"(R+1) vs (L-92, L-44, L-3)"
PPP1R14A,0.71922941898846,11.1280101224399,1.85155763972706,0.0805194813964054,0.351774466991722,-4.74704864281922,I4-FP1,"(R+1) vs (L-92, L-44, L-3)"
F10,-0.321942853540115,21.9082951669182,-1.84922836319873,0.0808699359479157,0.352433177649558,-4.75073680318146,I4-FP1,"(R+1) vs (L-92, L-44, L-3)"
CTRB1,0.808053630409592,12.4972287049162,1.84659627078067,0.0812675663097635,0.352870789701329,-4.7549006946618,I4-FP1,"(R+1) vs (L-92, L-44, L-3)"
DHX9,0.485362853571139,12.2597697723407,1.84264901902418,0.0818671022531506,0.352870789701329,-4.76113766626451,I4-FP1,"(R+1) vs (L-92, L-44, L-3)"
SPTAN1,-0.450199051454269,13.1584222135529,-1.84036585154147,0.0822156583108122,0.352870789701329,-4.76474115723051,I4-FP1,"(R+1) vs (L-92, L-44, L-3)"
PGRMC1,0.7149970833697,11.1220211837837,1.83903826715488,0.082418931119732,0.352870789701329,-4.76683508272883,I4-FP1,"(R+1) vs (L-92, L-44, L-3)"
HPCAL1,0.565691821824144,11.5019847031107,1.83844621030814,0.0825097261230486,0.352870789701329,-4.76776857328483,I4-FP1,"(R+1) vs (L-92, L-44, L-3)"
HTATIP2,-0.707465434005788,11.0922740846531,-1.83697895109609,0.0827351169340193,0.352870789701329,-4.77008111470922,I4-FP1,"(R+1) vs (L-92, L-44, L-3)"
ENPP2,-0.454579728316101,11.6098802139113,-1.83571776508885,0.0829292843036214,0.352870789701329,-4.7720678705199,I4-FP1,"(R+1) vs (L-92, L-44, L-3)"
PDGFD,0.385210581334813,11.0826333027003,1.83526641847325,0.082998869108833,0.352870789701329,-4.77277865671589,I4-FP1,"(R+1) vs (L-92, L-44, L-3)"
IGLV5-39,-0.458813041024313,14.8176554776225,-1.83526575455442,0.0829989715039939,0.352870789701329,-4.77277970217661,I4-FP1,"(R+1) vs (L-92, L-44, L-3)"
LMNB2,-0.544971545208191,9.70053582047053,-1.8343547484785,0.0831395791289855,0.352870789701329,-4.77421400628075,I4-FP1,"(R+1) vs (L-92, L-44, L-3)"
UBR1,1.88876659734108,14.3778734698641,1.83407898032494,0.0831821833107419,0.352870789701329,-4.77464808581976,I4-FP1,"(R+1) vs (L-92, L-44, L-3)"
CTSC,-0.268186252497006,12.9167189759386,-1.83215846495235,0.0834794211327138,0.352870789701329,-4.7776698978868,I4-FP1,"(R+1) vs (L-92, L-44, L-3)"
CPT2,-0.311862854857608,15.9487280162508,-1.83157828007044,0.0835693994873403,0.352870789701329,-4.77858236243139,I4-FP1,"(R+1) vs (L-92, L-44, L-3)"
ACO2,0.657164455107185,10.525335683069,1.82764477972404,0.0841816774186498,0.354607781966388,-4.78476347909735,I4-FP1,"(R+1) vs (L-92, L-44, L-3)"
SNRPG,-0.547708057515713,11.8279493426371,-1.82529986395992,0.0845485503954761,0.355305217733369,-4.78844400995348,I4-FP1,"(R+1) vs (L-92, L-44, L-3)"
IGKV3-20,-0.275206146547986,19.777389045218,-1.81944250468574,0.0854710941301705,0.356724145150187,-4.797623602495,I4-FP1,"(R+1) vs (L-92, L-44, L-3)"
PSMB5,1.94045590629125,11.4776114378412,1.81840929360805,0.085634738843163,0.356724145150187,-4.79924076212651,I4-FP1,"(R+1) vs (L-92, L-44, L-3)"
STOM,0.50281825111025,16.1607278647129,1.81819482594972,0.0856687416044264,0.356724145150187,-4.79957636404862,I4-FP1,"(R+1) vs (L-92, L-44, L-3)"
PDCD6IP,0.553796135396554,11.274129006934,1.81803153282365,0.0856946388349457,0.356724145150187,-4.79983186932689,I4-FP1,"(R+1) vs (L-92, L-44, L-3)"
FCN3,0.331793284075065,12.1631443845754,1.81077096755814,0.0868530705567286,0.360128508739172,-4.81117671387542,I4-FP1,"(R+1) vs (L-92, L-44, L-3)"
IGKV1-16,0.324905760959921,14.2403246488689,1.81011067553797,0.0869590978490748,0.360128508739172,-4.81220690518337,I4-FP1,"(R+1) vs (L-92, L-44, L-3)"
DCTN2,-1.1713159134199,9.42375657272107,-1.80741360369475,0.0873933609629735,0.360128508739172,-4.81641222978245,I4-FP1,"(R+1) vs (L-92, L-44, L-3)"
CON_sp|TRFL_HUMAN|,-0.441131929685642,19.8792559381168,-1.80710113462293,0.0874437949173514,0.360128508739172,-4.81689916071067,I4-FP1,"(R+1) vs (L-92, L-44, L-3)"
HNRNPDL,0.574110342325473,11.5981764904341,1.80655099607229,0.0875326516992097,0.360128508739172,-4.81775632016268,I4-FP1,"(R+1) vs (L-92, L-44, L-3)"
PRAP1,0.479584032162211,11.000890007697,1.80482750103068,0.087811537075292,0.360435727762535,-4.82044050769754,I4-FP1,"(R+1) vs (L-92, L-44, L-3)"
ANO10,0.849688850952661,12.3538927160229,1.80074963736125,0.0884744877194186,0.362012952690977,-4.82678443354665,I4-FP1,"(R+1) vs (L-92, L-44, L-3)"
AMPD2,1.24987318433061,10.7940054581532,1.79994385132165,0.0886060031515594,0.362012952690977,-4.8280368313174,I4-FP1,"(R+1) vs (L-92, L-44, L-3)"
LIMA1,0.450849111273093,11.6290477777526,1.79528832488034,0.0893691986934338,0.363691211555598,-4.83526518716753,I4-FP1,"(R+1) vs (L-92, L-44, L-3)"
GNAI3,-0.374057671232959,11.704882461654,-1.79274683312189,0.0897882509856774,0.363691211555598,-4.83920578692161,I4-FP1,"(R+1) vs (L-92, L-44, L-3)"
ALDH2,-1.5032324768611,10.7954069082124,-1.79117094915855,0.0900489501996453,0.363691211555598,-4.84164727875173,I4-FP1,"(R+1) vs (L-92, L-44, L-3)"
RPS9,0.775409091835696,12.7115593530129,1.79100717688785,0.090076080974885,0.363691211555598,-4.84190092384015,I4-FP1,"(R+1) vs (L-92, L-44, L-3)"
DNAJC9,0.687393805114567,10.5373638727124,1.78721620944472,0.0907060950136519,0.363691211555598,-4.84776778852927,I4-FP1,"(R+1) vs (L-92, L-44, L-3)"
ASPH.1,0.380691394113869,11.6841511506408,1.78717401963154,0.090713128031644,0.363691211555598,-4.84783303292288,I4-FP1,"(R+1) vs (L-92, L-44, L-3)"
IGF1,-0.306320000237663,16.1411747670887,-1.78645368348942,0.0908332810522432,0.363691211555598,-4.84894683230985,I4-FP1,"(R+1) vs (L-92, L-44, L-3)"
IGLV4-69,-0.544194172022978,12.6807371005766,-1.78612454857854,0.0908882273648524,0.363691211555598,-4.84945564488607,I4-FP1,"(R+1) vs (L-92, L-44, L-3)"
COL6A1,0.308887576644053,13.4268540418384,1.7850931247531,0.0910606026694311,0.363691211555598,-4.85104971360871,I4-FP1,"(R+1) vs (L-92, L-44, L-3)"
ARCN1,-0.486230360381338,10.7871172378754,-1.78499303080171,0.0910773458966427,0.363691211555598,-4.8512043753341,I4-FP1,"(R+1) vs (L-92, L-44, L-3)"
GAL3ST1,-0.345891651718975,12.1690270212468,-1.78223695598804,0.0915394240660378,0.364711249382746,-4.85546061703085,I4-FP1,"(R+1) vs (L-92, L-44, L-3)"
KHSRP,0.365750558334081,11.9749709470294,1.78053203998642,0.0918262886040297,0.364754039353266,-4.8580912679161,I4-FP1,"(R+1) vs (L-92, L-44, L-3)"
SMAP1,0.619280693205635,12.24715683803,1.77829251905703,0.0922042940909709,0.364754039353266,-4.86154416007815,I4-FP1,"(R+1) vs (L-92, L-44, L-3)"
VPS4A,0.698791681957663,11.8918338944941,1.77717928695565,0.0923926986461666,0.364754039353266,-4.86325942274544,I4-FP1,"(R+1) vs (L-92, L-44, L-3)"
BGN,-0.328535967040187,14.211785581914,-1.77643069064813,0.0925195802728017,0.364754039353266,-4.86441243851014,I4-FP1,"(R+1) vs (L-92, L-44, L-3)"
THSD7A,1.17561478596408,11.2373320608976,1.77605413201679,0.0925834615468914,0.364754039353266,-4.86499230099248,I4-FP1,"(R+1) vs (L-92, L-44, L-3)"
EWSR1,0.484122520812146,11.7513594700026,1.77431244990325,0.0928794288879999,0.364811829259179,-4.8676732094412,I4-FP1,"(R+1) vs (L-92, L-44, L-3)"
PEPCAL_19|PEPCAL_19|,-0.248490748350025,20.6673102332563,-1.77353672253693,0.0930115145420005,0.364811829259179,-4.86886667222834,I4-FP1,"(R+1) vs (L-92, L-44, L-3)"
MAN2A1,0.438658971762583,10.1493539259815,1.77231565749705,0.0932197604621192,0.364817909569047,-4.87074455794592,I4-FP1,"(R+1) vs (L-92, L-44, L-3)"
PTPRF,0.625137877691265,12.060734682231,1.76892066046897,0.0938008915719628,0.366044714575954,-4.8759610368758,I4-FP1,"(R+1) vs (L-92, L-44, L-3)"
ARHGDIB,0.377046698198993,12.7570341481046,1.76720182708034,0.0940963084851657,0.366044714575954,-4.87859941032618,I4-FP1,"(R+1) vs (L-92, L-44, L-3)"
DDX19B,0.404046082564626,12.6788547507504,1.76672375266166,0.094178619053586,0.366044714575954,-4.87933292790507,I4-FP1,"(R+1) vs (L-92, L-44, L-3)"
DOCK10,0.507908842942008,17.424383154525,1.7656553008826,0.0943628017745379,0.366044714575954,-4.88097177276984,I4-FP1,"(R+1) vs (L-92, L-44, L-3)"
SLPI,-0.285151162268281,17.3695549341482,-1.76385611503016,0.094673657932473,0.366445189146524,-4.88372989637412,I4-FP1,"(R+1) vs (L-92, L-44, L-3)"
PLEKHH3,-0.371368917006019,14.8905972903244,-1.75863330972814,0.0955810782428054,0.368726332175364,-4.89172528366933,I4-FP1,"(R+1) vs (L-92, L-44, L-3)"
POSTN,0.404807691049056,14.152013829425,1.75785464740844,0.0957170093465962,0.368726332175364,-4.89291589176579,I4-FP1,"(R+1) vs (L-92, L-44, L-3)"
CFHR1,-0.229933131978437,21.7470215425469,-1.75686658262176,0.0958897373759162,0.368726332175364,-4.89442615574905,I4-FP1,"(R+1) vs (L-92, L-44, L-3)"
SEPTIN7.1,0.609005415966008,12.5293854671706,1.75463822823185,0.0962802792313381,0.368935464067217,-4.89783003547983,I4-FP1,"(R+1) vs (L-92, L-44, L-3)"
IGKV1-5,-0.302806975132345,19.6534191430572,-1.75397302380431,0.0963971302453475,0.368935464067217,-4.89884557093521,I4-FP1,"(R+1) vs (L-92, L-44, L-3)"
IGFBP1,0.800788518095444,13.5980359920581,1.75298333014294,0.0965712092912489,0.368935464067217,-4.90035599049008,I4-FP1,"(R+1) vs (L-92, L-44, L-3)"
HSPA1B,-0.287376281804196,14.903838463534,-1.74834561412438,0.0973905824460926,0.371262155545039,-4.90742588984981,I4-FP1,"(R+1) vs (L-92, L-44, L-3)"
STK24,0.984832423661112,11.9473915757078,1.7407015892597,0.0987542484658072,0.375649242547736,-4.91905006096715,I4-FP1,"(R+1) vs (L-92, L-44, L-3)"
MYL3,-0.847865756894441,10.4054205759393,-1.73654844781137,0.099502060587011,0.377679864378654,-4.92535068849806,I4-FP1,"(R+1) vs (L-92, L-44, L-3)"
EEF1G,0.459123863968574,17.2212984680517,1.72980428684225,0.100726845151848,0.38150832981333,-4.93555950257607,I4-FP1,"(R+1) vs (L-92, L-44, L-3)"
MYL9,0.522832691365327,16.0297403227622,1.72657782875392,0.101317384042934,0.382923303716872,-4.94043356391708,I4-FP1,"(R+1) vs (L-92, L-44, L-3)"
CCT2,0.672166487225524,13.4948513962721,1.72515253725986,0.101579205934988,0.383092518109518,-4.94258463836314,I4-FP1,"(R+1) vs (L-92, L-44, L-3)"
PADI4,-0.575826999381794,13.8285474075637,-1.72249640996618,0.102068687557263,0.384117768738954,-4.94658995854123,I4-FP1,"(R+1) vs (L-92, L-44, L-3)"
LAMA2,-0.558910321733169,13.4249231169693,-1.71960004350462,0.102604759994315,0.384244212019439,-4.95095256793279,I4-FP1,"(R+1) vs (L-92, L-44, L-3)"
AK6,0.508142199937673,14.4930560620734,1.71858020835177,0.102794092890373,0.384244212019439,-4.95248744114867,I4-FP1,"(R+1) vs (L-92, L-44, L-3)"
MS4A1,-0.34814555327361,13.3447331605696,-1.71759396854905,0.102977475283831,0.384244212019439,-4.9539711385606,I4-FP1,"(R+1) vs (L-92, L-44, L-3)"
LRRFIP2,0.892002610712381,11.8520873057129,1.71730919253344,0.10303047927286,0.384244212019439,-4.95439944269644,I4-FP1,"(R+1) vs (L-92, L-44, L-3)"
SERPING1.1,-0.23346113291554,23.8456046975282,-1.71558981214319,0.103350999252112,0.384244212019439,-4.95698432621652,I4-FP1,"(R+1) vs (L-92, L-44, L-3)"
PTP4A2,-0.231294479283739,13.8151395498972,-1.71528184999964,0.103408498985401,0.384244212019439,-4.95744711652327,I4-FP1,"(R+1) vs (L-92, L-44, L-3)"
RANBP1,0.411191722742257,12.5734805684534,1.70924392395562,0.104541423899471,0.387637842820519,-4.96650868464813,I4-FP1,"(R+1) vs (L-92, L-44, L-3)"
PDIA5,0.496490892394119,13.3060166287562,1.70779883917263,0.104814151884228,0.387834335588394,-4.96867405997598,I4-FP1,"(R+1) vs (L-92, L-44, L-3)"
IGLV8-61,-0.307785087476116,19.5432612446599,-1.70512084895013,0.105321182982257,0.388895163103941,-4.97268342270898,I4-FP1,"(R+1) vs (L-92, L-44, L-3)"
RPL9P9,0.921698428768468,11.393177488202,1.69874989068638,0.106535901865921,0.392559220862945,-4.98220367862328,I4-FP1,"(R+1) vs (L-92, L-44, L-3)"
FBLN1,-0.428724047371245,15.1103450162972,-1.69307339678835,0.10762833535438,0.394671783339265,-4.99066471296141,I4-FP1,"(R+1) vs (L-92, L-44, L-3)"
C3orf85,-0.402819853013529,18.4727148806468,-1.69211522022264,0.10781368086832,0.394671783339265,-4.99209091159812,I4-FP1,"(R+1) vs (L-92, L-44, L-3)"
SAA2,-0.903531247269624,14.6820452673395,-1.69143395138829,0.107945629164155,0.394671783339265,-4.99310459471427,I4-FP1,"(R+1) vs (L-92, L-44, L-3)"
INHBE,-0.300140658618301,15.4348633034384,-1.69003083145573,0.108217822505987,0.394671783339265,-4.99519142242741,I4-FP1,"(R+1) vs (L-92, L-44, L-3)"
IGHV3-7,0.297431417147134,18.4264928033358,1.68908738112785,0.108401174843015,0.394671783339265,-4.99659389568376,I4-FP1,"(R+1) vs (L-92, L-44, L-3)"
EMILIN2,-0.400126995295357,10.174859584435,-1.6888318220823,0.108450886639968,0.394671783339265,-4.99697369677903,I4-FP1,"(R+1) vs (L-92, L-44, L-3)"
DYNC1H1,-0.38467968362417,14.9048541851287,-1.67727653732041,0.110719161550257,0.399887259477927,-5.01410348704017,I4-FP1,"(R+1) vs (L-92, L-44, L-3)"
VAT1,-0.283127069247495,12.9426925530534,-1.67667664472341,0.110838020431628,0.399887259477927,-5.01499046719733,I4-FP1,"(R+1) vs (L-92, L-44, L-3)"
CON_sp|K22E_HUMAN|,1.17863287196967,14.0604209532093,1.67624923539282,0.11092277120878,0.399887259477927,-5.01562228004181,I4-FP1,"(R+1) vs (L-92, L-44, L-3)"
CCT4,0.579667270099003,12.4848725921144,1.67585154509194,0.111001678832465,0.399887259477927,-5.01621005672092,I4-FP1,"(R+1) vs (L-92, L-44, L-3)"
FSCN1,0.434681328402817,11.4355084078978,1.67538225372574,0.111094854964205,0.399887259477927,-5.01690352862023,I4-FP1,"(R+1) vs (L-92, L-44, L-3)"
GZMM,0.87384502627718,16.469645707837,1.67463466358133,0.11124342459131,0.399887259477927,-5.01800795317001,I4-FP1,"(R+1) vs (L-92, L-44, L-3)"
HMCN1,-0.483488977425469,17.1332763948517,-1.67336019611282,0.111497093301853,0.399984491214983,-5.01988991995638,I4-FP1,"(R+1) vs (L-92, L-44, L-3)"
YWHAE,0.596449444572851,13.2536253556425,1.66743459637095,0.112683027627708,0.403418952865934,-5.02862646726549,I4-FP1,"(R+1) vs (L-92, L-44, L-3)"
MESD,0.277349921413064,13.7048753129372,1.66152185306937,0.113877118615219,0.406868652542233,-5.03732168672074,I4-FP1,"(R+1) vs (L-92, L-44, L-3)"
CTHRC1,-0.345194883472476,12.7404741484345,-1.6596764200685,0.114252013224677,0.407046537733026,-5.04003097362971,I4-FP1,"(R+1) vs (L-92, L-44, L-3)"
NAXD,0.535480466940915,9.8647617173401,1.65900756637713,0.114388148847354,0.407046537733026,-5.04101238042945,I4-FP1,"(R+1) vs (L-92, L-44, L-3)"
ETF1,0.315079147344402,13.293219265069,1.65635371343373,0.114929667769887,0.407291476060387,-5.04490353716236,I4-FP1,"(R+1) vs (L-92, L-44, L-3)"
SERPINA6,-0.264299270500002,12.8115964803464,-1.65574646962602,0.115053882902979,0.407291476060387,-5.04579325912185,I4-FP1,"(R+1) vs (L-92, L-44, L-3)"
PLEKHF2,0.698747085595192,11.5653187351683,1.65528057681257,0.115149261503758,0.407291476060387,-5.04647571547049,I4-FP1,"(R+1) vs (L-92, L-44, L-3)"
PIP4K2A,0.971542698340154,11.6845657555177,1.65050366876058,0.116131096289431,0.409942769901692,-5.05346503402367,I4-FP1,"(R+1) vs (L-92, L-44, L-3)"
ARF4,0.474693591954419,12.902974942371,1.64838094231835,0.116569680828259,0.410669634055644,-5.05656617122632,I4-FP1,"(R+1) vs (L-92, L-44, L-3)"
TEC,1.23733607329586,10.9900921711534,1.64640480123131,0.116979246064479,0.41087688022689,-5.05945054203035,I4-FP1,"(R+1) vs (L-92, L-44, L-3)"
SNRNP200,0.789255668133257,10.9879162142047,1.64585173485034,0.117094091078824,0.41087688022689,-5.06025734412122,I4-FP1,"(R+1) vs (L-92, L-44, L-3)"
hCG_2014768,0.447757220084495,13.8760097062106,1.64358090408845,0.117566638917568,0.411288764295225,-5.06356791106303,I4-FP1,"(R+1) vs (L-92, L-44, L-3)"
IFITM3,-0.475990203990896,10.8640272480842,-1.64298602787689,0.11769069743034,0.411288764295225,-5.06443460883211,I4-FP1,"(R+1) vs (L-92, L-44, L-3)"
RPL11,-0.596679965259744,10.9988637342954,-1.63946841881565,0.118426556238731,0.411288764295225,-5.06955485724945,I4-FP1,"(R+1) vs (L-92, L-44, L-3)"
PSMA3,0.563306275414605,10.1723084373056,1.63689523380429,0.11896732284579,0.411288764295225,-5.07329531010829,I4-FP1,"(R+1) vs (L-92, L-44, L-3)"
TUBB4B,0.486834657227715,15.7502974342983,1.63686359284281,0.118973985379975,0.411288764295225,-5.07334127750062,I4-FP1,"(R+1) vs (L-92, L-44, L-3)"
TMEM198,-0.301596182828252,16.2763412178021,-1.63685719664827,0.118975332244354,0.411288764295225,-5.07335056969236,I4-FP1,"(R+1) vs (L-92, L-44, L-3)"
TUBA4A,0.522852640728976,15.6630902168836,1.63645036465164,0.119061026612922,0.411288764295225,-5.07394154785277,I4-FP1,"(R+1) vs (L-92, L-44, L-3)"
MUC5B,0.463543901497153,16.8582234821524,1.63638086771164,0.119075670569325,0.411288764295225,-5.07404249073502,I4-FP1,"(R+1) vs (L-92, L-44, L-3)"
HMCN2,-0.472298899126492,12.3541330450529,-1.62672013556243,0.1211262643366,0.417554407332227,-5.08804388158984,I4-FP1,"(R+1) vs (L-92, L-44, L-3)"
LAP3,0.882668536956599,13.8423694953299,1.62373611958432,0.121765679325502,0.418940397679361,-5.09235632272188,I4-FP1,"(R+1) vs (L-92, L-44, L-3)"
C1QB,-0.234038483372504,22.778280455966,-1.62177952893416,0.122186489170476,0.419570337326636,-5.09518078383166,I4-FP1,"(R+1) vs (L-92, L-44, L-3)"
GP9,0.574376714616317,14.051078360252,1.61706320494746,0.123205911420052,0.421352606986104,-5.10197876988431,I4-FP1,"(R+1) vs (L-92, L-44, L-3)"
ORM1,-0.270151808350323,17.7450624370699,-1.61665748626354,0.123293942029564,0.421352606986104,-5.10256287966929,I4-FP1,"(R+1) vs (L-92, L-44, L-3)"
CAPN2,-0.230666383332254,15.3948537828715,-1.6152318692156,0.123603686996518,0.421352606986104,-5.10461447008491,I4-FP1,"(R+1) vs (L-92, L-44, L-3)"
ITIH4.1,-0.3844076530881,16.7078178592472,-1.61497105666372,0.12366042516646,0.421352606986104,-5.10498965798443,I4-FP1,"(R+1) vs (L-92, L-44, L-3)"
CON_sp|B2MG_HUMAN|,-0.284114014112052,16.096964542965,-1.61093343006746,0.124541601641925,0.422940298050668,-5.11079220883595,I4-FP1,"(R+1) vs (L-92, L-44, L-3)"
RPL5,-0.44985860721138,12.5359274022252,-1.61006468041022,0.124731891324006,0.422940298050668,-5.11203930078664,I4-FP1,"(R+1) vs (L-92, L-44, L-3)"
COL11A2,1.48484606139894,11.8347593993849,1.60954760957308,0.124845266450083,0.422940298050668,-5.11278132064165,I4-FP1,"(R+1) vs (L-92, L-44, L-3)"
ENSA,0.376427373134635,12.4204514036298,1.60424783425944,0.126012348220331,0.425660026933631,-5.12037655278892,I4-FP1,"(R+1) vs (L-92, L-44, L-3)"
RAC1,0.362341647353844,17.6578810108158,1.60371397023201,0.126130421578634,0.425660026933631,-5.12114061589408,I4-FP1,"(R+1) vs (L-92, L-44, L-3)"
TCOF1,-0.34065547970782,13.2081915287503,-1.59676086924656,0.127676771690374,0.43005630159067,-5.13107459823528,I4-FP1,"(R+1) vs (L-92, L-44, L-3)"
ZNF746,0.359392620979535,15.2613062103619,1.59447180768351,0.128189338790492,0.430960348505178,-5.13433798421891,I4-FP1,"(R+1) vs (L-92, L-44, L-3)"
HDGF,-0.429193629287878,11.3831655534008,-1.59148493148366,0.128860768166024,0.431770728594122,-5.13859096095826,I4-FP1,"(R+1) vs (L-92, L-44, L-3)"
RHCE,0.613906738418824,10.847904093405,1.58984176197693,0.12923140320973,0.431770728594122,-5.14092811510092,I4-FP1,"(R+1) vs (L-92, L-44, L-3)"
MDH1,2.20828251006615,16.8950143235956,1.58938276545487,0.129335095243699,0.431770728594122,-5.14158064477561,I4-FP1,"(R+1) vs (L-92, L-44, L-3)"
METAP2,1.07828348902922,13.8994564570719,1.58877765292683,0.129471903453301,0.431770728594122,-5.14244068455252,I4-FP1,"(R+1) vs (L-92, L-44, L-3)"
NAMPT,-0.340027448926891,10.3913827297761,-1.58797512272814,0.129653533232229,0.431770728594122,-5.14358093483372,I4-FP1,"(R+1) vs (L-92, L-44, L-3)"
LTBP3,-0.355088084061819,16.2899651352531,-1.5867923591991,0.129921608981962,0.43184866262366,-5.14526064380201,I4-FP1,"(R+1) vs (L-92, L-44, L-3)"
GSK3A,0.746944326704076,10.6196518432183,1.58158899726843,0.131106508184156,0.434376285098661,-5.15263912000472,I4-FP1,"(R+1) vs (L-92, L-44, L-3)"
ZNF83,-0.418725230932132,14.5816499492547,-1.5808665901101,0.13127172954075,0.434376285098661,-5.15366207533676,I4-FP1,"(R+1) vs (L-92, L-44, L-3)"
C1R,-0.225003964530372,23.7229588656567,-1.5797225212793,0.131533747024556,0.434376285098661,-5.1552814034465,I4-FP1,"(R+1) vs (L-92, L-44, L-3)"
FBN1,-0.273800865339397,14.4552971954874,-1.57834247356902,0.131850393780039,0.434376285098661,-5.15723357043005,I4-FP1,"(R+1) vs (L-92, L-44, L-3)"
KRAS,0.327981128942528,13.8013827285196,1.57807181012665,0.131912571565372,0.434376285098661,-5.15761629149533,I4-FP1,"(R+1) vs (L-92, L-44, L-3)"
RASGRP2,0.582936257149436,13.9654221173776,1.57279139904552,0.13313054339048,0.436972053410604,-5.16507300224335,I4-FP1,"(R+1) vs (L-92, L-44, L-3)"
MANF,0.287023702611399,15.1643278001713,1.57250870732276,0.13319601401411,0.436972053410604,-5.1654716752713,I4-FP1,"(R+1) vs (L-92, L-44, L-3)"
C5,-0.296443818666226,18.4665346207496,-1.57125138393487,0.133487534102899,0.437115951190386,-5.16724419481062,I4-FP1,"(R+1) vs (L-92, L-44, L-3)"
S100A4,0.372708393195834,14.1533524853851,1.56899567837276,0.134011878560596,0.438020306776764,-5.17042151969133,I4-FP1,"(R+1) vs (L-92, L-44, L-3)"
SEPTIN5,0.498979958318891,12.5913748884168,1.5651038400312,0.134920607100828,0.439430947793893,-5.17589538383122,I4-FP1,"(R+1) vs (L-92, L-44, L-3)"
ALDH1A1,0.491629277702653,12.8424876888409,1.56419439664485,0.135133701288676,0.439430947793893,-5.1771730393392,I4-FP1,"(R+1) vs (L-92, L-44, L-3)"
IGFBP3,-0.23357443693267,21.0263453339072,-1.56305369071697,0.135401381850184,0.439430947793893,-5.17877479925834,I4-FP1,"(R+1) vs (L-92, L-44, L-3)"
TDRP,0.70643051980684,11.3003972694092,1.56118951844196,0.135839788596536,0.439430947793893,-5.18139054271599,I4-FP1,"(R+1) vs (L-92, L-44, L-3)"
MECP2,0.751819074917566,12.1517449299478,1.56017506057698,0.136078862761564,0.439430947793893,-5.18281300672727,I4-FP1,"(R+1) vs (L-92, L-44, L-3)"
LTBP2,-0.28202637545395,12.8314443888341,-1.55808516157339,0.136572493251695,0.439430947793893,-5.18574124596583,I4-FP1,"(R+1) vs (L-92, L-44, L-3)"
HAMP,0.823109998825835,12.3561147410794,1.55722135733392,0.136776959547156,0.439430947793893,-5.18695069048012,I4-FP1,"(R+1) vs (L-92, L-44, L-3)"
TGFBR3,-0.396236254959648,11.5541970178819,-1.55716834262811,0.136789516700782,0.439430947793893,-5.18702490185134,I4-FP1,"(R+1) vs (L-92, L-44, L-3)"
RBMXL3,0.746102332685088,11.1836914585263,1.55264168780947,0.137865270147055,0.439430947793893,-5.19335438977714,I4-FP1,"(R+1) vs (L-92, L-44, L-3)"
LAMA5,-0.470722181075601,14.9596637431984,-1.55175776448719,0.13807615658412,0.439430947793893,-5.19458872758617,I4-FP1,"(R+1) vs (L-92, L-44, L-3)"
DSTN,0.355884377300641,15.5292319454771,1.55133776228735,0.138176455159372,0.439430947793893,-5.1951750452251,I4-FP1,"(R+1) vs (L-92, L-44, L-3)"
PYGB,0.326031512607219,12.8798511602586,1.55090862694281,0.138278997650468,0.439430947793893,-5.19577398855467,I4-FP1,"(R+1) vs (L-92, L-44, L-3)"
MTPN,0.351444166627155,13.5047750153641,1.54947173392346,0.138622808238794,0.439430947793893,-5.19777854399665,I4-FP1,"(R+1) vs (L-92, L-44, L-3)"
SACM1L,0.426092544912256,14.3290954623012,1.54935607451573,0.138650513509746,0.439430947793893,-5.19793983490829,I4-FP1,"(R+1) vs (L-92, L-44, L-3)"
PLEK,0.437888017030189,18.709245920327,1.54832676772208,0.138897279380654,0.439430947793893,-5.19937483593402,I4-FP1,"(R+1) vs (L-92, L-44, L-3)"
PTGES3,-0.564839760161138,13.0768483685167,-1.547622083,0.139066431823532,0.439430947793893,-5.20035685067542,I4-FP1,"(R+1) vs (L-92, L-44, L-3)"
MAPKAPK2,-0.348705892260042,12.7031235480621,-1.54632611280346,0.139377965415595,0.439430947793893,-5.20216196787572,I4-FP1,"(R+1) vs (L-92, L-44, L-3)"
NTAQ1,-0.297973006030131,13.3836034112376,-1.54610025500032,0.139432318127339,0.439430947793893,-5.20247644098696,I4-FP1,"(R+1) vs (L-92, L-44, L-3)"
FST,0.643969678612613,9.95929061903582,1.54590676847924,0.139478894755358,0.439430947793893,-5.20274581424425,I4-FP1,"(R+1) vs (L-92, L-44, L-3)"
VIM,-0.3347761370549,13.6285590114716,-1.5455138914333,0.139573509197842,0.439430947793893,-5.20329270169661,I4-FP1,"(R+1) vs (L-92, L-44, L-3)"
PRNP,-0.290476323987988,12.5813545906902,-1.54510590241266,0.139671819667067,0.439430947793893,-5.20386051353563,I4-FP1,"(R+1) vs (L-92, L-44, L-3)"
SKAP2,0.330714072500326,12.6470317107404,1.54351426854759,0.140055897987672,0.439855266811817,-5.20607455580154,I4-FP1,"(R+1) vs (L-92, L-44, L-3)"
USP14,0.284993295621282,12.8442015130276,1.54115962095165,0.140625715361075,0.440860368760741,-5.2093468113574,I4-FP1,"(R+1) vs (L-92, L-44, L-3)"
HNRNPUL2,-0.459151840786262,12.0824771948878,-1.53957469326351,0.141010350463128,0.441282391076988,-5.21154724973019,I4-FP1,"(R+1) vs (L-92, L-44, L-3)"
TOMM20,-1.19679645262165,11.2762030073889,-1.53834831057314,0.141308574253576,0.441432979747898,-5.21324872028078,I4-FP1,"(R+1) vs (L-92, L-44, L-3)"
AKR1A1,0.458466731353695,10.4921653087242,1.53698962083078,0.141639585163805,0.441685278823528,-5.21513254830271,I4-FP1,"(R+1) vs (L-92, L-44, L-3)"
SRSF6,-1.24733609817852,11.4824763044088,-1.53417332732321,0.142327762326598,0.443027012000346,-5.21903331480459,I4-FP1,"(R+1) vs (L-92, L-44, L-3)"
NID1,0.478572901385211,11.1731247812224,1.5327214838507,0.142683614634829,0.443027012000346,-5.22104209296137,I4-FP1,"(R+1) vs (L-92, L-44, L-3)"
NIFK,0.285126194256255,14.6338316985398,1.53215414583036,0.142822872423907,0.443027012000346,-5.2218266710346,I4-FP1,"(R+1) vs (L-92, L-44, L-3)"
APOE,-0.224269139844377,21.4430693975078,-1.52965361688038,0.143437996418429,0.443708901921334,-5.22528204154957,I4-FP1,"(R+1) vs (L-92, L-44, L-3)"
PDIA3,0.197933973209739,16.7306147675508,1.52900762137838,0.143597267466712,0.443708901921334,-5.22617401454647,I4-FP1,"(R+1) vs (L-92, L-44, L-3)"
SPON1,-0.291121802736116,14.4621907536734,-1.52803422151056,0.143837538275387,0.443708901921334,-5.22751751560545,I4-FP1,"(R+1) vs (L-92, L-44, L-3)"
F12,-0.238162402798867,24.1875075145272,-1.52569671665999,0.144415885729791,0.443708901921334,-5.23074110713171,I4-FP1,"(R+1) vs (L-92, L-44, L-3)"
HPRT1,0.386914612530517,10.4209200882386,1.52435488523696,0.144748755126411,0.443708901921334,-5.23258988848581,I4-FP1,"(R+1) vs (L-92, L-44, L-3)"
LUM,-0.227770015565628,16.0980876065485,-1.52340429206643,0.144984955256091,0.443708901921334,-5.23389886768844,I4-FP1,"(R+1) vs (L-92, L-44, L-3)"
CDH1,-0.300456680036003,20.2558129245318,-1.52177761102709,0.145389890068551,0.443708901921334,-5.23613738035621,I4-FP1,"(R+1) vs (L-92, L-44, L-3)"
OLFML1,-0.540264752383791,9.85224704170156,-1.52090821041298,0.14560669752967,0.443708901921334,-5.23733303210925,I4-FP1,"(R+1) vs (L-92, L-44, L-3)"
EIF3B,0.720710700774848,10.929371943934,1.52089175398497,0.145610803951554,0.443708901921334,-5.23735565893244,I4-FP1,"(R+1) vs (L-92, L-44, L-3)"
IGHV3-72.1,-0.548010481859751,15.4655271980159,-1.5191817490991,0.146038030967226,0.443708901921334,-5.2397058147088,I4-FP1,"(R+1) vs (L-92, L-44, L-3)"
GCG,-0.349972907686103,14.0378448631843,-1.5181942085151,0.146285231301514,0.443708901921334,-5.24106212511933,I4-FP1,"(R+1) vs (L-92, L-44, L-3)"
ST3GAL1,0.292994406442758,12.33696524805,1.51716272563682,0.146543801857377,0.443708901921334,-5.24247806554002,I4-FP1,"(R+1) vs (L-92, L-44, L-3)"
VCP,0.740821934426998,11.7488100817026,1.51716114814039,0.146544197591972,0.443708901921334,-5.24248023044124,I4-FP1,"(R+1) vs (L-92, L-44, L-3)"
SAMM50,0.781777920287725,13.0016587079091,1.51667702093242,0.146665688813874,0.443708901921334,-5.24314454828633,I4-FP1,"(R+1) vs (L-92, L-44, L-3)"
RBMXL2,0.700179788244794,10.8796338782625,1.5160880742174,0.146813597009665,0.443708901921334,-5.24395248006642,I4-FP1,"(R+1) vs (L-92, L-44, L-3)"
TJP2,0.582562597111117,12.203490502505,1.51144830867435,0.147983159563249,0.445556436417407,-5.25030900856747,I4-FP1,"(R+1) vs (L-92, L-44, L-3)"
PTPN1,0.494970641021016,11.7183524552812,1.51093419402725,0.148113228153933,0.445556436417407,-5.25101243088044,I4-FP1,"(R+1) vs (L-92, L-44, L-3)"
APOA2,-0.241106091845679,22.2285870385178,-1.51066162361739,0.148182225596044,0.445556436417407,-5.25138529282165,I4-FP1,"(R+1) vs (L-92, L-44, L-3)"
PRCP,-0.301135167972498,10.9225006966389,-1.50965263122916,0.148437869857698,0.445566054929997,-5.25276509152541,I4-FP1,"(R+1) vs (L-92, L-44, L-3)"
CD59,-0.293203221342997,11.8712239551569,-1.50811558651451,0.148828006518209,0.4459786612982,-5.25486564115419,I4-FP1,"(R+1) vs (L-92, L-44, L-3)"
ETFA,0.736804791543551,10.491265723158,1.50213704638672,0.150353575184504,0.449257018757913,-5.2630203539928,I4-FP1,"(R+1) vs (L-92, L-44, L-3)"
LCP2,0.413066668173428,13.727880063137,1.50183456237946,0.150431103731403,0.449257018757913,-5.26343227855536,I4-FP1,"(R+1) vs (L-92, L-44, L-3)"
CRIP1,0.291267957848177,14.0826563502715,1.49818165786131,0.151369978129672,0.451297316552147,-5.26840177700696,I4-FP1,"(R+1) vs (L-92, L-44, L-3)"
HSPA5,-0.187489306278433,16.4780549091427,-1.49566389235991,0.15201991167297,0.451670061420075,-5.27182157008315,I4-FP1,"(R+1) vs (L-92, L-44, L-3)"
DIAPH1.2,0.593502344779844,11.7650385091186,1.49494379053133,0.152206221242014,0.451670061420075,-5.27279884265782,I4-FP1,"(R+1) vs (L-92, L-44, L-3)"
DENR,0.297004087260937,12.9065781092256,1.49472559316408,0.152262711923481,0.451670061420075,-5.27309489333852,I4-FP1,"(R+1) vs (L-92, L-44, L-3)"
RDH11,0.733838345531626,11.6903893430183,1.49019722360762,0.153439005422932,0.454395712368248,-5.27923145585969,I4-FP1,"(R+1) vs (L-92, L-44, L-3)"
KHDRBS1,0.527442648639189,12.0055134043837,1.48902521008656,0.153744666624922,0.45453825224956,-5.28081734930724,I4-FP1,"(R+1) vs (L-92, L-44, L-3)"
SRC,0.365352109359093,13.706118425316,1.48802929376004,0.154004796019578,0.454545928051098,-5.28216420039342,I4-FP1,"(R+1) vs (L-92, L-44, L-3)"
ARF6,0.291951754508083,14.4036938419814,1.48700138898193,0.154273660988081,0.45457931827039,-5.28355358017857,I4-FP1,"(R+1) vs (L-92, L-44, L-3)"
DEFA1B,-0.235635545791176,20.7000117750864,-1.48563329631818,0.154632107412209,0.454876115970914,-5.28540162547402,I4-FP1,"(R+1) vs (L-92, L-44, L-3)"
RPS3,0.643012590439036,11.6907042349795,1.48016400350251,0.156071945717567,0.457550457201474,-5.29277647215951,I4-FP1,"(R+1) vs (L-92, L-44, L-3)"
RAB8A,0.402788548028237,14.5285740432874,1.48001279431398,0.156111909031665,0.457550457201474,-5.29298006426014,I4-FP1,"(R+1) vs (L-92, L-44, L-3)"
MAP2K3,0.605127914233659,11.3596049363648,1.47922996796721,0.156318938069399,0.457550457201474,-5.2940338243961,I4-FP1,"(R+1) vs (L-92, L-44, L-3)"
FLII,-0.382670099022464,12.0521961696497,-1.47582596573675,0.157221800058542,0.459431253482329,-5.29861090457146,I4-FP1,"(R+1) vs (L-92, L-44, L-3)"
HSP90AB1,0.261055468173598,13.8743924053748,1.47478862032403,0.157497791461874,0.459477027983815,-5.30000410748847,I4-FP1,"(R+1) vs (L-92, L-44, L-3)"
SNX2,0.347159750617359,12.2930633461829,1.47069499461434,0.158590810480592,0.46190227804991,-5.30549459629993,I4-FP1,"(R+1) vs (L-92, L-44, L-3)"
LRRC59,0.342723353801233,13.1708783749355,1.46640918827584,0.159741807430617,0.464488122100558,-5.31123010263275,I4-FP1,"(R+1) vs (L-92, L-44, L-3)"
CTTN,0.34442087267358,14.1667496351031,1.4647603739445,0.160186434410851,0.464813808937205,-5.31343316121107,I4-FP1,"(R+1) vs (L-92, L-44, L-3)"
F5,-0.214712729735822,22.05869476201,-1.46309313045345,0.160637062229918,0.464813808937205,-5.31565887673736,I4-FP1,"(R+1) vs (L-92, L-44, L-3)"
CNN2,0.3299029905249,15.4480291547325,1.46236234342207,0.160834908868063,0.464813808937205,-5.31663382957749,I4-FP1,"(R+1) vs (L-92, L-44, L-3)"
IGHV6-1,0.261022876797664,17.5903574332319,1.46126430206175,0.161132557932423,0.464813808937205,-5.31809802598653,I4-FP1,"(R+1) vs (L-92, L-44, L-3)"
ITGB3,0.558265991658304,17.0098383694251,1.46099304327289,0.161206158255162,0.464813808937205,-5.31845960690115,I4-FP1,"(R+1) vs (L-92, L-44, L-3)"
CDK6,-0.390781703017479,13.2562055032838,-1.46015426284397,0.161433917778191,0.464813808937205,-5.31957734748222,I4-FP1,"(R+1) vs (L-92, L-44, L-3)"
CCT6A,0.474460198179873,12.7950837096508,1.45757852922013,0.162134971013659,0.465496019383917,-5.32300657690694,I4-FP1,"(R+1) vs (L-92, L-44, L-3)"
TWF2,0.429253836013559,13.3821698157653,1.45734619309322,0.162198329700345,0.465496019383917,-5.32331566713132,I4-FP1,"(R+1) vs (L-92, L-44, L-3)"
HMGN2,-0.497584405273556,13.7395149436563,-1.45618515085636,0.162515252729368,0.465648410823597,-5.32485969115227,I4-FP1,"(R+1) vs (L-92, L-44, L-3)"
FERMT3,0.395032722919065,18.1972971097919,1.45154640360568,0.163786523757,0.468439583932602,-5.33101895868572,I4-FP1,"(R+1) vs (L-92, L-44, L-3)"
GTPBP2,-0.255368792264022,18.3672338990712,-1.45069692545424,0.164020205592265,0.468439583932602,-5.33214521600564,I4-FP1,"(R+1) vs (L-92, L-44, L-3)"
VWF,-0.450238333179033,18.6535837280626,-1.44971036858774,0.16429193806653,0.46845762631248,-5.33345256640843,I4-FP1,"(R+1) vs (L-92, L-44, L-3)"
SLC44A2,-0.706287589685944,10.2833901910721,-1.44661468459731,0.165146986484888,0.46947708006555,-5.33755032640952,I4-FP1,"(R+1) vs (L-92, L-44, L-3)"
PHPT1,0.455025913160435,9.67880293021692,1.4464901695203,0.165181454232695,0.46947708006555,-5.33771500326992,I4-FP1,"(R+1) vs (L-92, L-44, L-3)"
DNM2,0.268744352036058,13.1379012082415,1.44519405823976,0.165540587175844,0.469741376793192,-5.33942850830064,I4-FP1,"(R+1) vs (L-92, L-44, L-3)"
SCP2,-0.673339799210491,11.0586139494911,-1.44249161713777,0.166291442173572,0.471114599416301,-5.34299734841601,I4-FP1,"(R+1) vs (L-92, L-44, L-3)"
AP3B1,0.379373546125748,13.5305760077581,1.44093715100569,0.166724596865203,0.471584797222891,-5.34504779447034,I4-FP1,"(R+1) vs (L-92, L-44, L-3)"
ADD3,-1.12518587313466,12.5767566312792,-1.43841660633391,0.167428905390136,0.472247464750306,-5.34836886545289,I4-FP1,"(R+1) vs (L-92, L-44, L-3)"
PCBP1,0.314607517235039,13.80134402863,1.43818407942761,0.167494001662148,0.472247464750306,-5.34867501238125,I4-FP1,"(R+1) vs (L-92, L-44, L-3)"
DARS1,0.417455843642736,12.2457847239535,1.43698985994781,0.167828650202983,0.472436311974905,-5.35024671776345,I4-FP1,"(R+1) vs (L-92, L-44, L-3)"
RWDD1,0.474364646731459,12.1305342983075,1.43141747798114,0.169397367543543,0.476092919927316,-5.35756688833048,I4-FP1,"(R+1) vs (L-92, L-44, L-3)"
GNA13,0.812604702476448,11.1334295041399,1.42962561399804,0.169904333746596,0.476188814468863,-5.35991600467174,I4-FP1,"(R+1) vs (L-92, L-44, L-3)"
IGHV3OR16-9,-0.234611061792044,20.3185798835386,-1.42890596500864,0.170108288540327,0.476188814468863,-5.36085880343209,I4-FP1,"(R+1) vs (L-92, L-44, L-3)"
APRT,0.358575281797385,14.3826839050697,1.4283985576336,0.170252211795406,0.476188814468863,-5.36152332296519,I4-FP1,"(R+1) vs (L-92, L-44, L-3)"
C6orf201,0.236416736039959,21.5302484389259,1.4274882305876,0.170510668976953,0.476188814468863,-5.36271505359963,I4-FP1,"(R+1) vs (L-92, L-44, L-3)"
ORM2,-0.211601450093226,18.9217044017548,-1.42554102850229,0.171064582703227,0.476981024441069,-5.36526216539726,I4-FP1,"(R+1) vs (L-92, L-44, L-3)"
PRSS3,0.885304104406888,12.2220217968025,1.42197302839116,0.172083350635095,0.479064848376881,-5.36992228507096,I4-FP1,"(R+1) vs (L-92, L-44, L-3)"
VCAM1,-0.345184410881854,9.82715806330477,-1.41989011521596,0.172680355392657,0.479969806721324,-5.37263847641023,I4-FP1,"(R+1) vs (L-92, L-44, L-3)"
YWHAZ,0.504507701537154,16.9727847594807,1.41649001726526,0.173658499501764,0.481929640912916,-5.37706554150506,I4-FP1,"(R+1) vs (L-92, L-44, L-3)"
DPT,-0.250431893712239,14.9044559859976,-1.41225910328552,0.174881917565769,0.484562927007195,-5.38256260078517,I4-FP1,"(R+1) vs (L-92, L-44, L-3)"
IGHM,-0.208939913837948,23.0684313281076,-1.41023827456204,0.175468720942186,0.484571877112568,-5.38518357410526,I4-FP1,"(R+1) vs (L-92, L-44, L-3)"
PLIN3,0.275640510272191,11.1639693995315,1.40970339327988,0.175624304823631,0.484571877112568,-5.38587680483013,I4-FP1,"(R+1) vs (L-92, L-44, L-3)"
DUSP3,0.508456876286961,9.59155439498793,1.40941312785501,0.175708782635718,0.484571877112568,-5.386252914639,I4-FP1,"(R+1) vs (L-92, L-44, L-3)"
ANGPTL6,-0.185546374611465,13.0473673493636,-1.40427942800354,0.17720831383979,0.487944889122043,-5.39289469290206,I4-FP1,"(R+1) vs (L-92, L-44, L-3)"
NACA,-0.314381804952535,11.6823171644229,-1.40240700561925,0.177757806739174,0.488078137833689,-5.39531235527445,I4-FP1,"(R+1) vs (L-92, L-44, L-3)"
HACD3,-1.47207576782158,13.7178103171203,-1.40161881927477,0.17798952397317,0.488078137833689,-5.39632928865776,I4-FP1,"(R+1) vs (L-92, L-44, L-3)"
SART3,-0.398923343636893,12.6701700549799,-1.4012898783256,0.178086300716654,0.488078137833689,-5.39675355988919,I4-FP1,"(R+1) vs (L-92, L-44, L-3)"
CD14,0.232967908106623,16.3279933927699,1.40004042319069,0.178454286343641,0.488328395963607,-5.39836439558493,I4-FP1,"(R+1) vs (L-92, L-44, L-3)"
MOB1B,0.411517566029502,12.0568298407325,1.39648855138892,0.179503724511318,0.489759313350104,-5.4029373142167,I4-FP1,"(R+1) vs (L-92, L-44, L-3)"
IGHV3-73,-0.223717275576088,16.5054502418144,-1.39639251792962,0.179532167556667,0.489759313350104,-5.40306082539753,I4-FP1,"(R+1) vs (L-92, L-44, L-3)"
PCSK6,-0.239682710533188,13.1507778399886,-1.39025460448586,0.181357634147908,0.493464898664617,-5.41094087421979,I4-FP1,"(R+1) vs (L-92, L-44, L-3)"
GRK6,-0.283552675243939,17.8299881138596,-1.38943059052223,0.181603836506373,0.493464898664617,-5.41199665560204,I4-FP1,"(R+1) vs (L-92, L-44, L-3)"
IGHV3-16,0.926694690117852,12.5440391165972,1.38749132396387,0.182184320112843,0.493464898664617,-5.41447939517196,I4-FP1,"(R+1) vs (L-92, L-44, L-3)"
PSTPIP2,0.43029013023874,13.7565830449054,1.38635227274079,0.1825259692106,0.493464898664617,-5.41593636702476,I4-FP1,"(R+1) vs (L-92, L-44, L-3)"
ZG16,-0.20279042645377,16.7045593900635,-1.38563985236728,0.182739915626859,0.493464898664617,-5.41684714374888,I4-FP1,"(R+1) vs (L-92, L-44, L-3)"
CSRP1,0.329649332876348,15.9393432421148,1.38508993291114,0.182905199355386,0.493464898664617,-5.41754991850682,I4-FP1,"(R+1) vs (L-92, L-44, L-3)"
LIPC,-0.379656554839298,10.1810615626625,-1.38487948316534,0.182968483891971,0.493464898664617,-5.41781880558879,I4-FP1,"(R+1) vs (L-92, L-44, L-3)"
BSG,0.32346887312291,12.629238702048,1.38429407670735,0.183144614579976,0.493464898664617,-5.41856659446949,I4-FP1,"(R+1) vs (L-92, L-44, L-3)"
FRZB,-0.394041802819845,12.5237718725792,-1.38179663720365,0.183897547908881,0.493464898664617,-5.42175393556677,I4-FP1,"(R+1) vs (L-92, L-44, L-3)"
IGHV1-46,0.245258128754139,14.552828907889,1.38144723934565,0.184003083080034,0.493464898664617,-5.42219948415685,I4-FP1,"(R+1) vs (L-92, L-44, L-3)"
COL6A3,0.286589593140394,13.3206772590111,1.38086295754781,0.184179673308266,0.493464898664617,-5.42294435231966,I4-FP1,"(R+1) vs (L-92, L-44, L-3)"
PCMT1,0.608224016640518,10.9930751684712,1.37997075216461,0.184449591247429,0.493464898664617,-5.42408128702223,I4-FP1,"(R+1) vs (L-92, L-44, L-3)"
LDHA,-0.574242852435894,14.7207497603442,-1.37972128879454,0.184525117914247,0.493464898664617,-5.42439907192869,I4-FP1,"(R+1) vs (L-92, L-44, L-3)"
IDH2,0.29848904273758,12.8636827922893,1.37545899229808,0.185819395016455,0.494504139676788,-5.42982156888918,I4-FP1,"(R+1) vs (L-92, L-44, L-3)"
EIF1AX,0.396481617197201,13.4284393110991,1.3750958029991,0.185930015828463,0.494504139676788,-5.43028299511181,I4-FP1,"(R+1) vs (L-92, L-44, L-3)"
RAB35,0.301253244853139,17.099121474635,1.37507541063278,0.185936228535079,0.494504139676788,-5.43030890038338,I4-FP1,"(R+1) vs (L-92, L-44, L-3)"
RARRES2,-0.250949514764315,19.0245761784563,-1.37475318774458,0.186034418552627,0.494504139676788,-5.43071819252032,I4-FP1,"(R+1) vs (L-92, L-44, L-3)"
GLRX3,-0.231106868334226,18.0075534263803,-1.37032610265091,0.187387683530917,0.497352272830179,-5.43633372385283,I4-FP1,"(R+1) vs (L-92, L-44, L-3)"
CHMP4B,-0.559791820927275,10.1798719278162,-1.36883842579997,0.187844200054869,0.497815334980248,-5.43821749192258,I4-FP1,"(R+1) vs (L-92, L-44, L-3)"
G6PD,-0.281657762399678,12.8838611014428,-1.36663384772133,0.188522345224267,0.498857848578991,-5.44100600236894,I4-FP1,"(R+1) vs (L-92, L-44, L-3)"
KNG1.1,-0.199096933644138,24.5627553475811,-1.36508010507673,0.189001463869777,0.498857848578991,-5.44296911166463,I4-FP1,"(R+1) vs (L-92, L-44, L-3)"
CHMP1B,0.571630763474104,12.370806737151,1.36480792000262,0.189085496146937,0.498857848578991,-5.44331282428738,I4-FP1,"(R+1) vs (L-92, L-44, L-3)"
HSPD1,0.463995450363565,12.2420922767973,1.3638689001606,0.189375631053333,0.498877595237512,-5.44449818476764,I4-FP1,"(R+1) vs (L-92, L-44, L-3)"
DNM1,0.576591953893428,10.3084485205135,1.36229913901671,0.189861444635212,0.499411996693219,-5.44647828348918,I4-FP1,"(R+1) vs (L-92, L-44, L-3)"
ESAM,0.566556426996189,12.9530839082247,1.35986949264575,0.190615340383589,0.500648922287254,-5.44953941143934,I4-FP1,"(R+1) vs (L-92, L-44, L-3)"
IGHV3-72,0.223178156214281,15.3404551322507,1.35836044927827,0.191084784034449,0.501136172096289,-5.45143844252073,I4-FP1,"(R+1) vs (L-92, L-44, L-3)"
CALM1,0.262702101384189,16.3069694504314,1.35721444451701,0.191441907242038,0.501327843148661,-5.4528794747332,I4-FP1,"(R+1) vs (L-92, L-44, L-3)"
SEMA3B,-0.230519107615251,13.40992347237,-1.3525449587899,0.192902541688941,0.504404423823677,-5.45874089755849,I4-FP1,"(R+1) vs (L-92, L-44, L-3)"
PLG,-0.2049698426366,23.4356962406238,-1.35137794022514,0.193268973745964,0.504614998020157,-5.46020325537374,I4-FP1,"(R+1) vs (L-92, L-44, L-3)"
KIF5B,-0.213305941727814,16.5308517056434,-1.34453429961119,0.195428978415347,0.506781586064792,-5.46875822334732,I4-FP1,"(R+1) vs (L-92, L-44, L-3)"
FKBP4,0.269738077377603,17.3433789814024,1.34369556731924,0.195695016497682,0.506781586064792,-5.46980426495723,I4-FP1,"(R+1) vs (L-92, L-44, L-3)"
ARHGDIA,0.198323672462242,11.9974047520168,1.34352394820021,0.195749487952175,0.506781586064792,-5.47001823781254,I4-FP1,"(R+1) vs (L-92, L-44, L-3)"
CAPZB,0.337747290845554,13.1668680897537,1.343502961421,0.195756149927366,0.506781586064792,-5.47004440237787,I4-FP1,"(R+1) vs (L-92, L-44, L-3)"
ZAR1,-0.393674644673298,12.5841439205403,-1.34283782966968,0.195967380578381,0.506781586064792,-5.47087346115483,I4-FP1,"(R+1) vs (L-92, L-44, L-3)"
VCL,0.540059886093679,17.3005091247607,1.34246491978266,0.196085887469314,0.506781586064792,-5.47133813174261,I4-FP1,"(R+1) vs (L-92, L-44, L-3)"
CTSS,-0.221252606553509,17.3166120993742,-1.34239321275225,0.196108681746318,0.506781586064792,-5.47142747146452,I4-FP1,"(R+1) vs (L-92, L-44, L-3)"
HYAL1,-0.277398556573698,13.4520816824351,-1.3396353018975,0.196986967034122,0.508070095808476,-5.47486060644607,I4-FP1,"(R+1) vs (L-92, L-44, L-3)"
ITGB1,0.425306709729024,14.0800861262451,1.33901023447654,0.1971864597947,0.508070095808476,-5.47563791218647,I4-FP1,"(R+1) vs (L-92, L-44, L-3)"
PECAM1,0.329118948359733,14.1935330160295,1.33772477436016,0.197597223592526,0.508070095808476,-5.47723552509953,I4-FP1,"(R+1) vs (L-92, L-44, L-3)"
DTD1,0.539584060741209,11.8747459684721,1.33721993547268,0.197758728510154,0.508070095808476,-5.4778626143324,I4-FP1,"(R+1) vs (L-92, L-44, L-3)"
NUP93,-0.329910451325023,14.478754739136,-1.33318781378408,0.199052421487583,0.510016162078123,-5.48286422583994,I4-FP1,"(R+1) vs (L-92, L-44, L-3)"
ARHGAP18,0.479872194437584,12.5746502847694,1.33305817146514,0.199094127859392,0.510016162078123,-5.48302483540907,I4-FP1,"(R+1) vs (L-92, L-44, L-3)"
SNX2.1,0.446964458823874,11.9845524458169,1.32585977407596,0.201420762164676,0.514951777980161,-5.4919226969764,I4-FP1,"(R+1) vs (L-92, L-44, L-3)"
NPNT,-0.198717836993237,15.7117764741746,-1.32459210103812,0.201832712757253,0.514951777980161,-5.49348558085009,I4-FP1,"(R+1) vs (L-92, L-44, L-3)"
RPL4,0.530845369862495,10.9461782246223,1.3243972004762,0.201896107853978,0.514951777980161,-5.49372576078176,I4-FP1,"(R+1) vs (L-92, L-44, L-3)"
POSTN.3,-0.560798618367794,10.1711327173386,-1.32191183854155,0.202705899917268,0.51627115924095,-5.49678598997848,I4-FP1,"(R+1) vs (L-92, L-44, L-3)"
RPS15.1,-0.36500594488964,10.8135111766611,-1.32060254793053,0.203133529934432,0.516614813161776,-5.49839623084916,I4-FP1,"(R+1) vs (L-92, L-44, L-3)"
ARF5,0.357420694652551,11.3317587849797,1.31951652270783,0.203488779153818,0.516773662167612,-5.49973089665931,I4-FP1,"(R+1) vs (L-92, L-44, L-3)"
BTD,-0.448368394815286,10.1205364174355,-1.31829374849905,0.203889347150748,0.517046979484297,-5.50123254405736,I4-FP1,"(R+1) vs (L-92, L-44, L-3)"
CALD1,0.427481866867342,16.6535863756485,1.3149526007213,0.204987045871756,0.51857708167245,-5.50532988013935,I4-FP1,"(R+1) vs (L-92, L-44, L-3)"
EHD3,0.337026481995557,14.5533787806775,1.3146692806036,0.205080341647235,0.51857708167245,-5.50567693114311,I4-FP1,"(R+1) vs (L-92, L-44, L-3)"
SNRPD3,-0.399508203899134,13.9690560593321,-1.31323346038733,0.20555366428392,0.518708330288207,-5.50743478662279,I4-FP1,"(R+1) vs (L-92, L-44, L-3)"
CHI3L1,-0.248139668843345,12.2946944624621,-1.31272944766487,0.205720017678042,0.518708330288207,-5.50805146922186,I4-FP1,"(R+1) vs (L-92, L-44, L-3)"
RPS12,0.37321068014673,12.0073740930879,1.30953808898798,0.206775814516274,0.52062669418149,-5.51195173454784,I4-FP1,"(R+1) vs (L-92, L-44, L-3)"
APOB,0.19527804217191,19.7782491392777,1.30682496069573,0.207676749474938,0.522150231941975,-5.51526140951117,I4-FP1,"(R+1) vs (L-92, L-44, L-3)"
GNAZ,0.548548134700586,12.7309793657782,1.30464794220584,0.20840189185253,0.522924933263392,-5.5179130199976,I4-FP1,"(R+1) vs (L-92, L-44, L-3)"
TAGLN2,0.277124469487358,17.129864544411,1.30412185672566,0.208577423805908,0.522924933263392,-5.51855324742117,I4-FP1,"(R+1) vs (L-92, L-44, L-3)"
FANCD2,-0.236522731379611,17.7469504597718,-1.30304109741373,0.208938390991856,0.523086893759753,-5.51986782715846,I4-FP1,"(R+1) vs (L-92, L-44, L-3)"
CFH,-0.194127380786767,24.5683010451103,-1.30144664208782,0.209471825686956,0.52367956421739,-5.52180560324677,I4-FP1,"(R+1) vs (L-92, L-44, L-3)"
CCL27,-0.828974512958073,9.13795210629472,-1.29876570147942,0.210371161228291,0.525184016361999,-5.52505940633076,I4-FP1,"(R+1) vs (L-92, L-44, L-3)"
DMBT1,0.463858296850137,11.4084854573558,1.2976247327219,0.210754823286289,0.525398676695341,-5.52644250082418,I4-FP1,"(R+1) vs (L-92, L-44, L-3)"
CD5L,-0.186116465972233,20.5525501613036,-1.29514719773485,0.211589808968061,0.52594518552201,-5.52944234618478,I4-FP1,"(R+1) vs (L-92, L-44, L-3)"
ACTR1A,0.3242635914697,11.4574501506068,1.29464026416467,0.211760976340225,0.52594518552201,-5.53005556836544,I4-FP1,"(R+1) vs (L-92, L-44, L-3)"
HRG,-0.211172510759507,24.0767855926091,-1.2925947937564,0.212452737181592,0.52594518552201,-5.5325279007092,I4-FP1,"(R+1) vs (L-92, L-44, L-3)"
GP1BA,0.298531177157753,14.0282348100432,1.29231311103553,0.212548138434591,0.52594518552201,-5.53286811416417,I4-FP1,"(R+1) vs (L-92, L-44, L-3)"
TPI1,0.472115704174171,12.581577691601,1.29185649885247,0.212702856670578,0.52594518552201,-5.53341947562783,I4-FP1,"(R+1) vs (L-92, L-44, L-3)"
HNRNPC,-0.300987204623609,14.7027066480253,-1.29132738731786,0.212882250861686,0.52594518552201,-5.53405817929493,I4-FP1,"(R+1) vs (L-92, L-44, L-3)"
MB,0.558774592971969,11.9970124576772,1.29080362619937,0.213059947676055,0.52594518552201,-5.53469021164565,I4-FP1,"(R+1) vs (L-92, L-44, L-3)"
MACROH2A1,-0.366694020032024,13.3187668487921,-1.28568979604151,0.214801027587905,0.529502533090298,-5.54085003666739,I4-FP1,"(R+1) vs (L-92, L-44, L-3)"
SAA1,-0.352781463197374,19.7557779808454,-1.28329303519632,0.215620859968071,0.530628861678742,-5.54373007926076,I4-FP1,"(R+1) vs (L-92, L-44, L-3)"
TLN1,0.381375969690026,18.4580656243068,1.28259753241651,0.215859219651748,0.530628861678742,-5.54456499068208,I4-FP1,"(R+1) vs (L-92, L-44, L-3)"
FBLN1.1,-0.234368356179114,16.6769830496914,-1.28106542932153,0.216385021320968,0.531181589195422,-5.54640287153645,I4-FP1,"(R+1) vs (L-92, L-44, L-3)"
LPP,0.957264296368158,13.537191089869,1.27828294858449,0.217342495619847,0.532790978845876,-5.54973602894662,I4-FP1,"(R+1) vs (L-92, L-44, L-3)"
"coy_tr|A0A1B0GU92|A0A1B0GU92_HUMAN readthrough, Peptidase A1 domain-containing protein OS=Homo sapiens OX=9606",0.211706929296054,14.3594409797515,1.27541761640974,0.218331930288178,0.534474142799772,-5.55316215754545,I4-FP1,"(R+1) vs (L-92, L-44, L-3)"
GART,-0.238299898573792,16.5353900507665,-1.27360102729168,0.218961037095003,0.534611490353385,-5.55533098279365,I4-FP1,"(R+1) vs (L-92, L-44, L-3)"
CIRBP,0.379228087870469,12.573961396322,1.27312579708622,0.219125847865344,0.534611490353385,-5.55589793676536,I4-FP1,"(R+1) vs (L-92, L-44, L-3)"
SNX3,0.205946854995877,13.5066330517165,1.2721678775302,0.21945834987087,0.534611490353385,-5.55704020980267,I4-FP1,"(R+1) vs (L-92, L-44, L-3)"
FYB1,0.326598414614183,13.4650767328178,1.27045567101156,0.220053649673459,0.534611490353385,-5.55908015556468,I4-FP1,"(R+1) vs (L-92, L-44, L-3)"
BZW2,0.4994057687384,11.2701765392281,1.27028817052757,0.220111953642784,0.534611490353385,-5.55927959536992,I4-FP1,"(R+1) vs (L-92, L-44, L-3)"
F7,-0.309193989881968,18.1019080199903,-1.26868373999855,0.220671036801927,0.534611490353385,-5.56118885508449,I4-FP1,"(R+1) vs (L-92, L-44, L-3)"
DDX6,-0.292906840616106,11.7241384382188,-1.26797532629568,0.220918243324067,0.534611490353385,-5.56203122373334,I4-FP1,"(R+1) vs (L-92, L-44, L-3)"
PYM1,-0.19892652452094,11.4581739864282,-1.26786815753275,0.220955659450329,0.534611490353385,-5.56215862313751,I4-FP1,"(R+1) vs (L-92, L-44, L-3)"
BPIFA1,0.326358116840722,15.166244198865,1.26741449974162,0.221114100826046,0.534611490353385,-5.5626978204408,I4-FP1,"(R+1) vs (L-92, L-44, L-3)"
ABHD16A,1.08022533706445,15.5770205642347,1.26372026898646,0.222407611982506,0.536072199989726,-5.56708264307673,I4-FP1,"(R+1) vs (L-92, L-44, L-3)"
PABPC1,-0.148487557867643,15.619730081965,-1.26242154451153,0.222863745582176,0.536072199989726,-5.56862161824909,I4-FP1,"(R+1) vs (L-92, L-44, L-3)"
EIF4G1,0.371546652585026,12.2659181618529,1.26225387333552,0.222922687374564,0.536072199989726,-5.5688202108642,I4-FP1,"(R+1) vs (L-92, L-44, L-3)"
HSPA4,0.461689768566245,10.0745411747774,1.26222413810141,0.222933141525472,0.536072199989726,-5.56885542749265,I4-FP1,"(R+1) vs (L-92, L-44, L-3)"
YWHAB,0.338579173173393,13.401921889907,1.26127022967967,0.22326871337455,0.536148679055892,-5.56998481290925,I4-FP1,"(R+1) vs (L-92, L-44, L-3)"
AZU1,-0.456994065687016,16.1053036783997,-1.25891236790659,0.224099858344974,0.537161132383805,-5.57277336533985,I4-FP1,"(R+1) vs (L-92, L-44, L-3)"
DRG2,0.62866048953508,11.6969753710628,1.25834840215076,0.224299011086042,0.537161132383805,-5.57343970161396,I4-FP1,"(R+1) vs (L-92, L-44, L-3)"
YWHAG,0.365213722473141,12.5669252438196,1.2569183239345,0.224804628433093,0.537642505669933,-5.57512825049623,I4-FP1,"(R+1) vs (L-92, L-44, L-3)"
SELL,-0.216808068181007,13.0868422153562,-1.25595128445049,0.225147034421705,0.537732768273761,-5.5762691641908,I4-FP1,"(R+1) vs (L-92, L-44, L-3)"
HSPA8,0.21442771188275,15.4258901079847,1.25168698254154,0.226661743712895,0.539961119148856,-5.58129144958827,I4-FP1,"(R+1) vs (L-92, L-44, L-3)"
ITGA2,0.424707030916987,12.4628113819192,1.25160233154562,0.226691891948613,0.539961119148856,-5.58139100302834,I4-FP1,"(R+1) vs (L-92, L-44, L-3)"
TINAGL1,-0.228894068585653,16.6678081961768,-1.25005112052281,0.227244901196084,0.540548855271009,-5.5832143022976,I4-FP1,"(R+1) vs (L-92, L-44, L-3)"
COLEC11,-0.188110199433001,15.1116510160152,-1.24640024659039,0.228550559596543,0.542922930939298,-5.58749809481254,I4-FP1,"(R+1) vs (L-92, L-44, L-3)"
DCTN1,-0.546715380410983,10.8352168549516,-1.24521986261963,0.228973936434807,0.543197577698166,-5.58888086960334,I4-FP1,"(R+1) vs (L-92, L-44, L-3)"
TFPI,-0.21918360511742,14.0693373502152,-1.2429675462139,0.229783470612877,0.544386343129837,-5.5915163303426,I4-FP1,"(R+1) vs (L-92, L-44, L-3)"
ACE,0.18103831317325,16.627479745947,1.24187416876829,0.230177250871377,0.544588267812307,-5.59279426336783,I4-FP1,"(R+1) vs (L-92, L-44, L-3)"
CON_sp|GSTP1_HUMAN|,0.500704835742817,11.8537069719782,1.23574802291241,0.23239321621898,0.549095082498662,-5.59993703026867,I4-FP1,"(R+1) vs (L-92, L-44, L-3)"
PLEC,0.37501228515109,10.9045439269874,1.2327008912915,0.233501530838353,0.550427230790701,-5.60347879171758,I4-FP1,"(R+1) vs (L-92, L-44, L-3)"
KNG1,-0.255101571251607,16.7432984073294,-1.23248356071572,0.233580734199566,0.550427230790701,-5.60373112032024,I4-FP1,"(R+1) vs (L-92, L-44, L-3)"
RAB32,-0.70327522465377,13.5857667526196,-1.23015565004585,0.23443040761637,0.551692892590525,-5.60643156415054,I4-FP1,"(R+1) vs (L-92, L-44, L-3)"
ANXA11,-0.365626533964762,11.0602747820764,-1.22616629531083,0.23589201674714,0.553327229226976,-5.6110493520115,I4-FP1,"(R+1) vs (L-92, L-44, L-3)"
GSTK1,0.233346075296976,11.0126879014376,1.22602017660108,0.235945683795669,0.553327229226976,-5.61121824894958,I4-FP1,"(R+1) vs (L-92, L-44, L-3)"
VIT,-0.211358964500002,12.9057769319493,-1.22569436064743,0.236065384480404,0.553327229226976,-5.61159479488933,I4-FP1,"(R+1) vs (L-92, L-44, L-3)"
IGLV3-21,0.198503498311204,17.5087414633462,1.22297638494251,0.23706575048324,0.554935079048963,-5.61473268083984,I4-FP1,"(R+1) vs (L-92, L-44, L-3)"
ANXA3,-0.328982505190165,13.1698391155616,-1.21776866060471,0.238991554496933,0.55830762910192,-5.62072857175213,I4-FP1,"(R+1) vs (L-92, L-44, L-3)"
CAPG,-0.370927001443407,10.0418384630579,-1.21737091181424,0.239139131785298,0.55830762910192,-5.62118563150989,I4-FP1,"(R+1) vs (L-92, L-44, L-3)"
VTN,-0.16227607355163,24.5448901063966,-1.21417735384905,0.240326570070469,0.560338700362455,-5.62485083594164,I4-FP1,"(R+1) vs (L-92, L-44, L-3)"
PROZ,-0.226230036984464,15.8742758855999,-1.21225367910605,0.241044008320231,0.560440534520452,-5.6270546899848,I4-FP1,"(R+1) vs (L-92, L-44, L-3)"
HMBS,0.603152107677299,9.05756429184391,1.21212999681904,0.241090191783389,0.560440534520452,-5.62719628538018,I4-FP1,"(R+1) vs (L-92, L-44, L-3)"
DPM3,0.479524740548443,9.98564282612647,1.21150723458033,0.241322836394075,0.560440534520452,-5.62790905787975,I4-FP1,"(R+1) vs (L-92, L-44, L-3)"
SERBP1,0.441300726344026,10.3375565809401,1.20979142941318,0.241964694579785,0.561192754183075,-5.62987125408401,I4-FP1,"(R+1) vs (L-92, L-44, L-3)"
IGFALS,0.174792965688727,18.9152858645538,1.20664227725993,0.243146135993407,0.56312518407259,-5.63346650965914,I4-FP1,"(R+1) vs (L-92, L-44, L-3)"
H1-5,-0.337783464268589,18.5880866174498,-1.20522289720397,0.243680068769564,0.56312518407259,-5.6350843651775,I4-FP1,"(R+1) vs (L-92, L-44, L-3)"
UBA1,-0.288594094048779,14.1146918687518,-1.20502379474054,0.243755037184962,0.56312518407259,-5.63531117977168,I4-FP1,"(R+1) vs (L-92, L-44, L-3)"
MSN,0.184121385131671,17.1136942251668,1.20379615057539,0.244217672551607,0.563456460200767,-5.63670899321894,I4-FP1,"(R+1) vs (L-92, L-44, L-3)"
CAND1,0.30545053465261,10.8257555105997,1.19776953645811,0.246498492886928,0.567539621143922,-5.64355347603131,I4-FP1,"(R+1) vs (L-92, L-44, L-3)"
HSPG2,-0.240254853542808,14.4457692213265,-1.19742194944565,0.246630532247812,0.567539621143922,-5.6439473457376,I4-FP1,"(R+1) vs (L-92, L-44, L-3)"
ARPC4,-0.216477596228358,13.3683639505488,-1.19616672546699,0.247107807072833,0.567817907422278,-5.64536890081127,I4-FP1,"(R+1) vs (L-92, L-44, L-3)"
COPG1,0.562171658307178,9.7540372962379,1.19541260444383,0.247394884310329,0.567817907422278,-5.64622234298024,I4-FP1,"(R+1) vs (L-92, L-44, L-3)"
CRISPLD1,-0.622410667817998,10.7490483890618,-1.1903749526691,0.249319106805659,0.57094143339175,-5.65191175324003,I4-FP1,"(R+1) vs (L-92, L-44, L-3)"
RAP1B,0.285176741257863,17.2583981877345,1.18879896519717,0.249923408267796,0.57094143339175,-5.65368744591969,I4-FP1,"(R+1) vs (L-92, L-44, L-3)"
LDHB,0.423682639634682,14.7818291900651,1.18872905286074,0.249950241355432,0.57094143339175,-5.65376617105247,I4-FP1,"(R+1) vs (L-92, L-44, L-3)"
GP1BB,0.383529036516741,16.8487454707388,1.1884699565882,0.25004970425599,0.57094143339175,-5.65405789336971,I4-FP1,"(R+1) vs (L-92, L-44, L-3)"
TTN,-0.269905148343097,16.0622259189623,-1.18331455783188,0.252035017230996,0.572261256353272,-5.65985122488306,I4-FP1,"(R+1) vs (L-92, L-44, L-3)"
CNP,0.306597024154346,11.8019579596619,1.18313671486488,0.252103715623316,0.572261256353272,-5.66005069179376,I4-FP1,"(R+1) vs (L-92, L-44, L-3)"
UBA6,-0.779450578174,11.3946174598124,-1.18230964776359,0.252423386793173,0.572261256353272,-5.66097798663754,I4-FP1,"(R+1) vs (L-92, L-44, L-3)"
FHL1,0.25740553747528,14.8076858212526,1.1818007246449,0.252620243809796,0.572261256353272,-5.66154830891175,I4-FP1,"(R+1) vs (L-92, L-44, L-3)"
EBI3,0.213451058533047,13.1542053494749,1.18174976512573,0.252639961897746,0.572261256353272,-5.66160540493558,I4-FP1,"(R+1) vs (L-92, L-44, L-3)"
RPL23A,-0.303341866600375,14.2218920538881,-1.18110411347137,0.252889888707714,0.572261256353272,-5.66232862383024,I4-FP1,"(R+1) vs (L-92, L-44, L-3)"
RAC2,-0.249365364883058,17.1223233982074,-1.18015334433004,0.253258264226319,0.572261256353272,-5.66339300335406,I4-FP1,"(R+1) vs (L-92, L-44, L-3)"
TBXAS1,0.519529196617448,12.7067939159957,1.17972371990837,0.253424855125828,0.572261256353272,-5.66387372535175,I4-FP1,"(R+1) vs (L-92, L-44, L-3)"
RPL22,0.283192988224378,12.1611961209243,1.17941199693913,0.253545780435274,0.572261256353272,-5.66422242985107,I4-FP1,"(R+1) vs (L-92, L-44, L-3)"
TUBB1,0.423248885185199,17.1315601296648,1.1775511447949,0.254268559169637,0.572734705256909,-5.66630241160006,I4-FP1,"(R+1) vs (L-92, L-44, L-3)"
GRN,-0.176807759021899,14.4636055680343,-1.17720150365999,0.25440453763253,0.572734705256909,-5.66669291313372,I4-FP1,"(R+1) vs (L-92, L-44, L-3)"
OLFML3,-0.257365775457692,13.0307923315339,-1.17617985462246,0.25480218021195,0.572837816056401,-5.66783338923202,I4-FP1,"(R+1) vs (L-92, L-44, L-3)"
REG3A,-0.215109975260284,12.3648811085216,-1.17541688372708,0.255099446697071,0.572837816056401,-5.66868454959082,I4-FP1,"(R+1) vs (L-92, L-44, L-3)"
FAM114A2,-0.378325681160557,10.1016815001413,-1.17447709696976,0.255465963054119,0.572931924765593,-5.66973231564348,I4-FP1,"(R+1) vs (L-92, L-44, L-3)"
PLEKHO2,0.50628369669045,11.3477210804588,1.1733319712715,0.25591309791145,0.57308506476268,-5.67100804678391,I4-FP1,"(R+1) vs (L-92, L-44, L-3)"
CXCL10,-0.27862136896657,11.8797812160168,-1.17263984922982,0.256183635182864,0.57308506476268,-5.67177859254994,I4-FP1,"(R+1) vs (L-92, L-44, L-3)"
NCF2,-0.401688033464136,11.7122823359326,-1.17014654157587,0.257160007696718,0.57454102985406,-5.67455119539416,I4-FP1,"(R+1) vs (L-92, L-44, L-3)"
IGLV1-36,0.66246157334765,11.0287041380643,1.16897717531684,0.257618892189671,0.574838615315765,-5.67584981461555,I4-FP1,"(R+1) vs (L-92, L-44, L-3)"
ARHGAP6,0.370264007398713,13.1478559489889,1.16472405039398,0.259293105551687,0.577579653217873,-5.68056368489897,I4-FP1,"(R+1) vs (L-92, L-44, L-3)"
GLIPR2,-0.206525339293527,13.5635906619812,-1.16419535413425,0.259501793202138,0.577579653217873,-5.68114862816826,I4-FP1,"(R+1) vs (L-92, L-44, L-3)"
RAB11B,-0.312085432618687,10.5477381153083,-1.15987356927622,0.261212425708841,0.580654825410713,-5.68592167218861,I4-FP1,"(R+1) vs (L-92, L-44, L-3)"
ENO3,0.200635796354111,14.859301520201,1.15569409350477,0.262874760401871,0.583615034099752,-5.6905230771777,I4-FP1,"(R+1) vs (L-92, L-44, L-3)"
HSP90B1,-0.139701822922219,15.3449654844618,-1.15038829016337,0.264996473073999,0.587358156417797,-5.69634398171045,I4-FP1,"(R+1) vs (L-92, L-44, L-3)"
FETUB,0.211991921228396,15.8556193260233,1.14882078888428,0.265625736691905,0.587358156417797,-5.69805925793352,I4-FP1,"(R+1) vs (L-92, L-44, L-3)"
RPN1,0.45820529177657,10.9186998612284,1.14862934904804,0.265702665441457,0.587358156417797,-5.69826860789637,I4-FP1,"(R+1) vs (L-92, L-44, L-3)"
C7,0.190244577551592,17.8912352630861,1.14782102069006,0.266027669963168,0.587358156417797,-5.69915222868451,I4-FP1,"(R+1) vs (L-92, L-44, L-3)"
STT3B,-0.797848222549884,15.0025453761529,-1.14672885400111,0.266467268684058,0.587358156417797,-5.70034527677444,I4-FP1,"(R+1) vs (L-92, L-44, L-3)"
NMT1,-0.23769856759347,11.5899682762648,-1.14650499059349,0.266557440957878,0.587358156417797,-5.70058969743519,I4-FP1,"(R+1) vs (L-92, L-44, L-3)"
C6,0.172330385555198,18.1493158263495,1.14495781829113,0.267181265218187,0.587598956978569,-5.70227782370237,I4-FP1,"(R+1) vs (L-92, L-44, L-3)"
RNASE3,-0.316557206511959,16.3927724028824,-1.14378339043072,0.267655524405387,0.587598956978569,-5.70355793760015,I4-FP1,"(R+1) vs (L-92, L-44, L-3)"
CD36,0.408296472595832,14.2752665499082,1.14375876873653,0.267665473887121,0.587598956978569,-5.70358476288758,I4-FP1,"(R+1) vs (L-92, L-44, L-3)"
AMBP,-0.173779472164209,19.8296467535274,-1.1419653112986,0.268390941173423,0.58807081374864,-5.70553739457714,I4-FP1,"(R+1) vs (L-92, L-44, L-3)"
WNK1,0.235143595641833,11.9333536980841,1.14124046462325,0.26868456255574,0.58807081374864,-5.70632582483646,I4-FP1,"(R+1) vs (L-92, L-44, L-3)"
MAP2K1.1,0.516118576290827,11.4386522287863,1.14029302825072,0.269068711382535,0.58807081374864,-5.70735572036974,I4-FP1,"(R+1) vs (L-92, L-44, L-3)"
CCT6B,0.756323915207561,11.2387198661312,1.13993704520134,0.269213154395978,0.58807081374864,-5.70774249563526,I4-FP1,"(R+1) vs (L-92, L-44, L-3)"
TPM3.1,-1.16002969435882,11.5457628160734,-1.13692331833742,0.270438312033816,0.590016836513827,-5.71101273747937,I4-FP1,"(R+1) vs (L-92, L-44, L-3)"
PRAP1.1,0.256984408719791,14.4238244119121,1.13427419874009,0.271518667373337,0.590540724785758,-5.7138811740592,I4-FP1,"(R+1) vs (L-92, L-44, L-3)"
IGKV1-27,-0.213621943814846,15.696661394198,-1.13342292894069,0.271866509289293,0.590540724785758,-5.71480169388459,I4-FP1,"(R+1) vs (L-92, L-44, L-3)"
ICAM2,0.527000586224756,11.2343427127949,1.13287861283083,0.272089098606847,0.590540724785758,-5.71538997705226,I4-FP1,"(R+1) vs (L-92, L-44, L-3)"
IGHV3-35,0.182981560464959,16.8974591723628,1.13063857871373,0.273006548788112,0.590540724785758,-5.7178083821074,I4-FP1,"(R+1) vs (L-92, L-44, L-3)"
KALRN,1.00535182221343,11.7487486417002,1.12951124808868,0.27346913655552,0.590540724785758,-5.7190239170957,I4-FP1,"(R+1) vs (L-92, L-44, L-3)"
SELENOP,-0.194125687540836,22.0267490273891,-1.12790466918046,0.274129382627454,0.590540724785758,-5.72075438747423,I4-FP1,"(R+1) vs (L-92, L-44, L-3)"
CAPZA1,0.305751780086161,13.6699986503005,1.12726752316575,0.274391553607755,0.590540724785758,-5.72144007764547,I4-FP1,"(R+1) vs (L-92, L-44, L-3)"
CON_sp|CAH1_HUMAN|,-0.347550952213604,11.9007650826201,-1.1264752169178,0.274717828550207,0.590540724785758,-5.72229228257447,I4-FP1,"(R+1) vs (L-92, L-44, L-3)"
TMED2,-0.340968496468482,11.0566531766642,-1.12413569130771,0.275682931556204,0.590540724785758,-5.7248056537705,I4-FP1,"(R+1) vs (L-92, L-44, L-3)"
MAP4,0.263381153085608,11.3689138517414,1.12208678943058,0.276530205165358,0.590540724785758,-5.72700309274511,I4-FP1,"(R+1) vs (L-92, L-44, L-3)"
CAPN1,-0.171466075814652,16.7474782262193,-1.12166363051629,0.276705431924812,0.590540724785758,-5.7274564967542,I4-FP1,"(R+1) vs (L-92, L-44, L-3)"
ABCE1,0.212546280730114,10.7059974299388,1.12132155542793,0.276847142505947,0.590540724785758,-5.72782291331203,I4-FP1,"(R+1) vs (L-92, L-44, L-3)"
MTDH,0.76055939381211,12.4293675395338,1.12086031307177,0.277038305138843,0.590540724785758,-5.72831682370305,I4-FP1,"(R+1) vs (L-92, L-44, L-3)"
TUBA1C,0.502866195070094,11.0903442251169,1.12059035925289,0.277150233180961,0.590540724785758,-5.72860581571053,I4-FP1,"(R+1) vs (L-92, L-44, L-3)"
CFHR3,0.187555282824217,17.3509233178848,1.12030580898269,0.277268249367049,0.590540724785758,-5.7289103683241,I4-FP1,"(R+1) vs (L-92, L-44, L-3)"
CHGA,-0.220039615204978,13.1766341143799,-1.11995488634808,0.277413844381029,0.590540724785758,-5.72928586669856,I4-FP1,"(R+1) vs (L-92, L-44, L-3)"
CON_sp|ANT3_HUMAN|,-0.174553794867787,22.7839606371038,-1.11963841283726,0.277545195161175,0.590540724785758,-5.72962441605871,I4-FP1,"(R+1) vs (L-92, L-44, L-3)"
HAGH,0.588228792748273,9.59248447912538,1.11948340176674,0.277609548507492,0.590540724785758,-5.72979020981293,I4-FP1,"(R+1) vs (L-92, L-44, L-3)"
GAS6,-0.275906585283895,13.0884192587449,-1.11787335585338,0.278278616140513,0.590540724785758,-5.73151107590534,I4-FP1,"(R+1) vs (L-92, L-44, L-3)"
HSPB1,0.25917517938125,14.2896878690423,1.11765285672458,0.278370338949144,0.590540724785758,-5.7317465850437,I4-FP1,"(R+1) vs (L-92, L-44, L-3)"
ASPN,0.21366170183934,15.566933565601,1.11742956149323,0.278463247616681,0.590540724785758,-5.73198503960132,I4-FP1,"(R+1) vs (L-92, L-44, L-3)"
PARVB,0.401337744845113,14.2905810323396,1.11734659011132,0.278497776176589,0.590540724785758,-5.73207363332094,I4-FP1,"(R+1) vs (L-92, L-44, L-3)"
PIN4,0.543415077764208,11.1536310133867,1.11707067551941,0.278612620825207,0.590540724785758,-5.73236820354372,I4-FP1,"(R+1) vs (L-92, L-44, L-3)"
FCGRT,0.242830580199131,11.6921549573659,1.11684049696898,0.278708455380474,0.590540724785758,-5.732613897105,I4-FP1,"(R+1) vs (L-92, L-44, L-3)"
TRHDE,-0.251753033942698,14.0771048852857,-1.11440250985748,0.279725001850133,0.591914568975989,-5.73521352054174,I4-FP1,"(R+1) vs (L-92, L-44, L-3)"
VGF,0.576694369025968,12.8632744954769,1.11290527733267,0.280350643388001,0.591914568975989,-5.73680757650161,I4-FP1,"(R+1) vs (L-92, L-44, L-3)"
SERPINH1,0.510540377342923,9.53343177928805,1.11287588758687,0.280362934653783,0.591914568975989,-5.73683884822846,I4-FP1,"(R+1) vs (L-92, L-44, L-3)"
RPS28,0.3305277328973,12.0319277530006,1.10939884158305,0.281819894585603,0.593686815209122,-5.74053348962511,I4-FP1,"(R+1) vs (L-92, L-44, L-3)"
CCT7,0.364118558128534,13.5564347094355,1.10926735436722,0.281875099799005,0.593686815209122,-5.740673008439,I4-FP1,"(R+1) vs (L-92, L-44, L-3)"
CRTAC1,-0.164987139471815,16.7000345995985,-1.10754004139319,0.282601055070626,0.594506391179565,-5.74250449682797,I4-FP1,"(R+1) vs (L-92, L-44, L-3)"
UBE2L3,0.228544598307488,14.5072189370983,1.10567918559895,0.283384672945239,0.595443306613877,-5.74447480748728,I4-FP1,"(R+1) vs (L-92, L-44, L-3)"
ELANE,-0.381325427374497,13.551804161617,-1.1044513416855,0.283902599139404,0.595443306613877,-5.74577329586573,I4-FP1,"(R+1) vs (L-92, L-44, L-3)"
CON_sp|LALBA_HUMAN|,-0.169839391732931,20.9499917239827,-1.10408205513533,0.284058506611266,0.595443306613877,-5.74616358411765,I4-FP1,"(R+1) vs (L-92, L-44, L-3)"
MMP14,0.294678041034032,17.1353619649085,1.10213365131459,0.284882135571726,0.595551821299919,-5.74822091637028,I4-FP1,"(R+1) vs (L-92, L-44, L-3)"
COL6A2,0.250531824016308,12.7918771809388,1.10158591981349,0.285113987776141,0.595551821299919,-5.74879870044464,I4-FP1,"(R+1) vs (L-92, L-44, L-3)"
RPLP0,-0.637064618451992,9.79756966238494,-1.10113013884939,0.285307023231102,0.595551821299919,-5.74927929842025,I4-FP1,"(R+1) vs (L-92, L-44, L-3)"
APOA4,-0.152983169409385,21.2032464175753,-1.10076918120374,0.285459966470103,0.595551821299919,-5.74965978720653,I4-FP1,"(R+1) vs (L-92, L-44, L-3)"
ADAM15,0.516865761360898,11.1841493987268,1.09817323621435,0.286561678949879,0.597144466760965,-5.75239299818042,I4-FP1,"(R+1) vs (L-92, L-44, L-3)"
ACTR3,0.315333120138461,13.3985115486428,1.09634056240965,0.287341334672078,0.597597030651183,-5.75431919435176,I4-FP1,"(R+1) vs (L-92, L-44, L-3)"
PMPCB,0.515636818509149,14.1331166943918,1.09549507846728,0.287701543261867,0.597597030651183,-5.75520687907479,I4-FP1,"(R+1) vs (L-92, L-44, L-3)"
SNRPN,-0.295456900701712,13.820979034806,-1.09426224979398,0.288227367561784,0.597597030651183,-5.75650017260119,I4-FP1,"(R+1) vs (L-92, L-44, L-3)"
IGHA2,0.17895088522822,14.6090430955024,1.09404536668196,0.288319944894668,0.597597030651183,-5.75672756159768,I4-FP1,"(R+1) vs (L-92, L-44, L-3)"
RPS2,0.32522509335744,10.9021052745488,1.09368979785186,0.288471767770429,0.597597030651183,-5.75710026928257,I4-FP1,"(R+1) vs (L-92, L-44, L-3)"
SNRPA,-0.449977562529957,11.1891141081971,-1.09193280876598,0.289222835449117,0.598450532904681,-5.75894039679634,I4-FP1,"(R+1) vs (L-92, L-44, L-3)"
HEG1,-0.277606557723883,9.65112051890049,-1.09007005253546,0.290020675288692,0.599398702440916,-5.76088847802535,I4-FP1,"(R+1) vs (L-92, L-44, L-3)"
ITIH2,0.206496804125212,20.1072565986562,1.08763499125668,0.291066061697158,0.600855671222789,-5.76343070176244,I4-FP1,"(R+1) vs (L-92, L-44, L-3)"
PDAP1,0.353866349496906,12.5802358336486,1.08670510350015,0.291465992504599,0.600978360713339,-5.76440020249841,I4-FP1,"(R+1) vs (L-92, L-44, L-3)"
EML2,0.821953994708291,15.5438566021325,1.08431145648965,0.292497307006835,0.602401104862386,-5.76689248624773,I4-FP1,"(R+1) vs (L-92, L-44, L-3)"
NUCB2,0.338142084324823,9.74537851487817,1.082027772138,0.293483719019575,0.603728163251224,-5.76926579912012,I4-FP1,"(R+1) vs (L-92, L-44, L-3)"
MDK,0.335022625439338,10.9910348669653,1.08027400062052,0.294242882989814,0.604585201952296,-5.77108543142721,I4-FP1,"(R+1) vs (L-92, L-44, L-3)"
STK4,0.264338958040886,11.1899992882357,1.07910751881693,0.294748614126459,0.604920120852559,-5.77229428931055,I4-FP1,"(R+1) vs (L-92, L-44, L-3)"
FASN,0.53763777989837,13.1891754084514,1.07624208844131,0.29599361021269,0.606007886721216,-5.77525896283133,I4-FP1,"(R+1) vs (L-92, L-44, L-3)"
ARF1,0.190505956684905,17.4816643720449,1.0755574190879,0.296291655442324,0.606007886721216,-5.77596632396246,I4-FP1,"(R+1) vs (L-92, L-44, L-3)"
TNXB,-0.194588979658046,16.361801329333,-1.07520807294954,0.296443814137412,0.606007886721216,-5.77632709648688,I4-FP1,"(R+1) vs (L-92, L-44, L-3)"
CKAP5,0.29063986162845,13.3003858307447,1.0747302585986,0.296652019335485,0.606007886721216,-5.77682037294472,I4-FP1,"(R+1) vs (L-92, L-44, L-3)"
FSTL1,0.389785938888772,10.543803519958,1.07106158495658,0.298254160454987,0.607689922193766,-5.78060136443072,I4-FP1,"(R+1) vs (L-92, L-44, L-3)"
JCHAIN,-0.16120416233667,19.8455102650691,-1.07095189335824,0.298302160059038,0.607689922193766,-5.78071423980188,I4-FP1,"(R+1) vs (L-92, L-44, L-3)"
INPP4B,-1.10415484254106,13.7814667719988,-1.07048093833319,0.298508307389232,0.607689922193766,-5.78119874900583,I4-FP1,"(R+1) vs (L-92, L-44, L-3)"
GRK2,-0.548711807184709,11.3564576958877,-1.06862415095071,0.299322069176996,0.608644530066127,-5.7831071540975,I4-FP1,"(R+1) vs (L-92, L-44, L-3)"
SNRPD2,-0.303992357818815,13.1470777566364,-1.06778279896798,0.299691331013641,0.608694130309641,-5.78397093842183,I4-FP1,"(R+1) vs (L-92, L-44, L-3)"
VAPA,0.275604607166668,10.3137362339447,1.06658759364898,0.300216462367071,0.609059834572276,-5.78519698419839,I4-FP1,"(R+1) vs (L-92, L-44, L-3)"
RALB,0.259043802397885,15.3239532770924,1.06501636466058,0.300907817193977,0.60976153541604,-5.78680692265194,I4-FP1,"(R+1) vs (L-92, L-44, L-3)"
SYTL4,0.268216344977949,13.3715556492846,1.06201303547045,0.302232508553318,0.611522687002497,-5.78987844318179,I4-FP1,"(R+1) vs (L-92, L-44, L-3)"
CDH2,-0.321109745565332,10.7997003016214,-1.06104099723106,0.302662149955622,0.611522687002497,-5.79087091940863,I4-FP1,"(R+1) vs (L-92, L-44, L-3)"
C3,-0.152335855558305,23.149334183183,-1.06069240906766,0.302816333393871,0.611522687002497,-5.79122664238345,I4-FP1,"(R+1) vs (L-92, L-44, L-3)"
F2,-0.170649959516538,20.5468188271471,-1.05840645069178,0.303828835731375,0.612660488609566,-5.79355684263072,I4-FP1,"(R+1) vs (L-92, L-44, L-3)"
ATP6AP2,0.228230696356749,15.1707522461493,1.0565385256193,0.304657991149984,0.612660488609566,-5.79545763643412,I4-FP1,"(R+1) vs (L-92, L-44, L-3)"
GAL,0.430360560767589,11.1213295633202,1.05509354365488,0.305300522659472,0.612660488609566,-5.79692601825122,I4-FP1,"(R+1) vs (L-92, L-44, L-3)"
CON_sp|GELS_HUMAN|,-0.163963577992625,22.4195204108567,-1.05499677408502,0.305343587421321,0.612660488609566,-5.79702429170809,I4-FP1,"(R+1) vs (L-92, L-44, L-3)"
RAB27B,0.402343147448918,14.2649620228826,1.05482123604674,0.305421717181971,0.612660488609566,-5.79720253751834,I4-FP1,"(R+1) vs (L-92, L-44, L-3)"
DNAJA1,-0.349859008249509,9.94197895268297,-1.0543498417215,0.305631600008734,0.612660488609566,-5.79768107416868,I4-FP1,"(R+1) vs (L-92, L-44, L-3)"
LRG1,0.248568489656848,10.4154547042957,1.05225842507878,0.306564030071329,0.612660488609566,-5.7998019074482,I4-FP1,"(R+1) vs (L-92, L-44, L-3)"
PPIA,0.162446996543149,17.1606164035053,1.05175219740033,0.30679003192482,0.612660488609566,-5.80031469795004,I4-FP1,"(R+1) vs (L-92, L-44, L-3)"
MMP3,-0.233118727857275,14.2270791751955,-1.05161113540312,0.306853029403001,0.612660488609566,-5.80045754997799,I4-FP1,"(R+1) vs (L-92, L-44, L-3)"
RAB6B,0.368504477492148,12.5186162066542,1.05091245168564,0.307165194568001,0.612660488609566,-5.8011648509121,I4-FP1,"(R+1) vs (L-92, L-44, L-3)"
C9,0.153918067350598,20.4401068603224,1.04993494901388,0.307602316073375,0.612660488609566,-5.80215371451608,I4-FP1,"(R+1) vs (L-92, L-44, L-3)"
HNRNPH2,-0.356375860606021,11.9901448911851,-1.04795973068486,0.308486960594034,0.612660488609566,-5.80414941431227,I4-FP1,"(R+1) vs (L-92, L-44, L-3)"
ACO1,-0.311357381909831,12.3934179976313,-1.04780430453247,0.308556648965816,0.612660488609566,-5.80430631151099,I4-FP1,"(R+1) vs (L-92, L-44, L-3)"
ATP5F1D,0.49615418906318,10.7990576748567,1.04724249791275,0.308808640190384,0.612660488609566,-5.8048732642704,I4-FP1,"(R+1) vs (L-92, L-44, L-3)"
CDC42BPB,-0.604715926242599,12.0331551244925,-1.04717756836685,0.308837773025289,0.612660488609566,-5.80493877128531,I4-FP1,"(R+1) vs (L-92, L-44, L-3)"
C1S,-0.153943505000118,23.5695862420271,-1.04696398687024,0.308933617485843,0.612660488609566,-5.80515422705984,I4-FP1,"(R+1) vs (L-92, L-44, L-3)"
IGHV2-70,0.181799081546031,14.4463975663273,1.0446161483193,0.309988613412835,0.614062741496805,-5.80752011359477,I4-FP1,"(R+1) vs (L-92, L-44, L-3)"
APOC3,-0.160790011918081,22.880056552198,-1.0424591600508,0.310960123600719,0.615296657124742,-5.80968955155391,I4-FP1,"(R+1) vs (L-92, L-44, L-3)"
SPP1,-0.223536153872414,11.0847980106994,-1.04156175570218,0.311364956871604,0.615407781498747,-5.81059096942003,I4-FP1,"(R+1) vs (L-92, L-44, L-3)"
HLA-DQB1,-0.797195476145043,15.2744366728314,-1.04003649812804,0.312053889350682,0.616079546648719,-5.81212147560904,I4-FP1,"(R+1) vs (L-92, L-44, L-3)"
FCN2,0.332211577857512,13.169225571796,1.03883855271658,0.312595744148173,0.616459763599471,-5.81332215411283,I4-FP1,"(R+1) vs (L-92, L-44, L-3)"
HNRNPU,0.385350677883256,13.8846362455075,1.03718215886063,0.313346071306612,0.617249794482333,-5.81498031263297,I4-FP1,"(R+1) vs (L-92, L-44, L-3)"
MGAT1,-0.17212520747206,15.7022983709806,-1.03562873013668,0.314050924153973,0.617948585431173,-5.81653327079781,I4-FP1,"(R+1) vs (L-92, L-44, L-3)"
TMEM109,0.366911093938476,10.6540537913041,1.03306595287238,0.315216230096553,0.619324591452489,-5.81909077192959,I4-FP1,"(R+1) vs (L-92, L-44, L-3)"
RAB13,0.249562737926686,13.6543482890673,1.03254822768071,0.315452015702996,0.619324591452489,-5.81960675057063,I4-FP1,"(R+1) vs (L-92, L-44, L-3)"
ANG,-0.173941583749392,19.4413255351611,-1.03021375527781,0.316516756257526,0.620724527549481,-5.82193050403101,I4-FP1,"(R+1) vs (L-92, L-44, L-3)"
CCT5,0.330618852280583,11.5061457681313,1.0250841999277,0.318865297727654,0.624636238056948,-5.82702014016431,I4-FP1,"(R+1) vs (L-92, L-44, L-3)"
SWAP70,-0.399612107986438,11.7651695482368,-1.02405223998266,0.319339267194741,0.624871182481949,-5.82804134850496,I4-FP1,"(R+1) vs (L-92, L-44, L-3)"
PLXNB1,0.219481519566571,11.6117121112022,1.02249354265792,0.320056109898376,0.624911876590947,-5.82958207697476,I4-FP1,"(R+1) vs (L-92, L-44, L-3)"
IGLV1-51,-0.181219971641425,18.4549294907035,-1.02246732028739,0.320068179285108,0.624911876590947,-5.82960797924619,I4-FP1,"(R+1) vs (L-92, L-44, L-3)"
FABP5,-0.247322306874858,13.0630713600621,-1.02106186222225,0.320715542726104,0.625483903769694,-5.83099541843745,I4-FP1,"(R+1) vs (L-92, L-44, L-3)"
PRKAA1,0.469229319385647,9.62909975011168,1.01843788976182,0.32192664478575,0.627152900713961,-5.8335812167004,I4-FP1,"(R+1) vs (L-92, L-44, L-3)"
APCS,-0.248223688001459,22.1430343074383,-1.01543086730368,0.323318521964851,0.628557226238749,-5.83653722660888,I4-FP1,"(R+1) vs (L-92, L-44, L-3)"
CTSB,-0.137412160571589,13.5973290441498,-1.0150249909499,0.323506717670942,0.628557226238749,-5.83693562268465,I4-FP1,"(R+1) vs (L-92, L-44, L-3)"
CON_sp|ALBU_HUMAN|,-0.138490257741327,22.1908085504889,-1.01457410392511,0.323715874589814,0.628557226238749,-5.8373780339383,I4-FP1,"(R+1) vs (L-92, L-44, L-3)"
AHNAK,0.169965782069883,16.0366747121262,1.01200865978571,0.324907748404718,0.630178215312448,-5.83989192736946,I4-FP1,"(R+1) vs (L-92, L-44, L-3)"
RPS15,0.440856276074251,12.1984081069082,1.00764758943597,0.32694094999621,0.633425660530528,-5.84415237279482,I4-FP1,"(R+1) vs (L-92, L-44, L-3)"
RPL3,-0.193484366218793,17.6740039451576,-1.00658183532978,0.327439182050256,0.633695346840682,-5.8451910463838,I4-FP1,"(R+1) vs (L-92, L-44, L-3)"
FOCAD,-0.241653825255367,14.4457255897695,-1.00408382065139,0.328609079557393,0.635262897501423,-5.84762175123503,I4-FP1,"(R+1) vs (L-92, L-44, L-3)"
IGHG4,0.220460280329259,21.9480595594597,1.00088050750365,0.330113587856242,0.636467039774015,-5.85073087454041,I4-FP1,"(R+1) vs (L-92, L-44, L-3)"
VPS13C,0.375315962421296,14.4639810687432,1.00058755277797,0.330251421734594,0.636467039774015,-5.85101477327877,I4-FP1,"(R+1) vs (L-92, L-44, L-3)"
SDCBP,0.240323510031752,11.2354550479724,1.00009043495781,0.330485405887428,0.636467039774015,-5.85149635434396,I4-FP1,"(R+1) vs (L-92, L-44, L-3)"
ANXA2P2,0.388855152539106,10.5601143086155,0.999689131145475,0.330674377038397,0.636467039774015,-5.85188496026987,I4-FP1,"(R+1) vs (L-92, L-44, L-3)"
METRNL,-0.191805948312199,13.2768894028898,-0.998667731892254,0.331155688903208,0.636699118642879,-5.85287341327505,I4-FP1,"(R+1) vs (L-92, L-44, L-3)"
CBR1,0.222484387435418,11.1986634692661,0.996605414255877,0.332129008032724,0.637590081167811,-5.85486646124139,I4-FP1,"(R+1) vs (L-92, L-44, L-3)"
ALDOA,0.353417216061689,13.7267113137558,0.996155586741365,0.332341572053476,0.637590081167811,-5.85530069142373,I4-FP1,"(R+1) vs (L-92, L-44, L-3)"
KIF2C,-0.155910296745918,18.3965394728058,-0.994384827900758,0.333179262485666,0.63850314689164,-5.85700835061465,I4-FP1,"(R+1) vs (L-92, L-44, L-3)"
EFHD2,-0.344654969510749,18.6271317185691,-0.991233637546361,0.33467364530591,0.639964287020159,-5.86004053989223,I4-FP1,"(R+1) vs (L-92, L-44, L-3)"
APOM,-0.154327038767419,17.405840925788,-0.990792618252252,0.334883162266542,0.639964287020159,-5.86046421872874,I4-FP1,"(R+1) vs (L-92, L-44, L-3)"
NCK2,0.201247711345432,11.4214318577387,0.989668263542948,0.335417729087176,0.639964287020159,-5.86154360249925,I4-FP1,"(R+1) vs (L-92, L-44, L-3)"
IGHV3-38-3,0.170048727985353,12.4168522535582,0.989091541464352,0.335692158869232,0.639964287020159,-5.86209683230424,I4-FP1,"(R+1) vs (L-92, L-44, L-3)"
IGLL1,0.172163967260251,14.9705759773749,0.988960293280942,0.335754634436639,0.639964287020159,-5.86222269393929,I4-FP1,"(R+1) vs (L-92, L-44, L-3)"
ATP5F1B,-0.262717532120529,13.6380503704058,-0.987625055070617,0.336390683866721,0.640484959034263,-5.86350228396903,I4-FP1,"(R+1) vs (L-92, L-44, L-3)"
CPNE3,0.341497023504112,11.2361417164616,0.985910647702146,0.337208585279201,0.640948216757321,-5.86514297362015,I4-FP1,"(R+1) vs (L-92, L-44, L-3)"
JAK1,0.226232998622,13.1231314678676,0.98534226203826,0.337480053883368,0.640948216757321,-5.8656863564583,I4-FP1,"(R+1) vs (L-92, L-44, L-3)"
AGT,-0.15220675339038,15.9678284608451,-0.984125117832863,0.338061890567444,0.640948216757321,-5.86684901638514,I4-FP1,"(R+1) vs (L-92, L-44, L-3)"
TYMP,0.291797097738266,10.7133018385959,0.984073530609694,0.338086566459527,0.640948216757321,-5.86689826594812,I4-FP1,"(R+1) vs (L-92, L-44, L-3)"
CON_sp|ALBU_BOVIN|,-0.267247064941864,14.8085902306864,-0.980861657570586,0.339625383948492,0.643125707329631,-5.86996004206148,I4-FP1,"(R+1) vs (L-92, L-44, L-3)"
PRH1,0.55550094662782,10.6354056563517,0.978425402585835,0.340795845342571,0.643125707329631,-5.87227646692348,I4-FP1,"(R+1) vs (L-92, L-44, L-3)"
EIF1,0.21170863917008,12.7809243704461,0.978044031604363,0.340979322607656,0.643125707329631,-5.87263861247149,I4-FP1,"(R+1) vs (L-92, L-44, L-3)"
ESM1,0.236009959680291,11.076344553996,0.977029659018189,0.341467670344648,0.643125707329631,-5.87360123326049,I4-FP1,"(R+1) vs (L-92, L-44, L-3)"
RBMXL1,0.279281927698512,12.4387407722291,0.976613045690372,0.341668380431311,0.643125707329631,-5.87399633219957,I4-FP1,"(R+1) vs (L-92, L-44, L-3)"
INF2,0.318657761972193,13.5269707413868,0.974797583747752,0.342543963880369,0.643125707329631,-5.87571627786687,I4-FP1,"(R+1) vs (L-92, L-44, L-3)"
CON_sp|RETBP_HUMAN|,-0.169157826057201,17.6596086554157,-0.97457405471519,0.342651877738999,0.643125707329631,-5.87592784801367,I4-FP1,"(R+1) vs (L-92, L-44, L-3)"
F13B,0.298173183414929,14.3450078229357,0.973888668553445,0.342982910863359,0.643125707329631,-5.87657629446499,I4-FP1,"(R+1) vs (L-92, L-44, L-3)"
SERPINB5,-0.162183457166847,16.588127346494,-0.973519391960471,0.343161358812025,0.643125707329631,-5.87692549881802,I4-FP1,"(R+1) vs (L-92, L-44, L-3)"
IGLC7,0.231849588508092,12.4471008769597,0.972368620283463,0.343717866418213,0.643125707329631,-5.87801295756392,I4-FP1,"(R+1) vs (L-92, L-44, L-3)"
DAZAP1,-0.209903348958127,12.8210951962763,-0.972216722162734,0.343791370295372,0.643125707329631,-5.87815641236106,I4-FP1,"(R+1) vs (L-92, L-44, L-3)"
IGLV2-8,-0.160680314464688,18.377520013456,-0.971716937278992,0.344033294281049,0.643125707329631,-5.87862827453181,I4-FP1,"(R+1) vs (L-92, L-44, L-3)"
IGHV4-28,0.142390056654054,16.2965618303702,0.970627479619128,0.344561061543706,0.643125707329631,-5.87965611002706,I4-FP1,"(R+1) vs (L-92, L-44, L-3)"
TALDO1,-0.135055838320575,17.2863671849183,-0.969011397056521,0.345344973969072,0.643125707329631,-5.88117887668232,I4-FP1,"(R+1) vs (L-92, L-44, L-3)"
SLA2,0.314148777427393,12.0806322569251,0.968561454920457,0.345563446536303,0.643125707329631,-5.88160243273409,I4-FP1,"(R+1) vs (L-92, L-44, L-3)"
SELP,0.260457069791558,12.9958558505799,0.968506056801962,0.345590352087933,0.643125707329631,-5.88165456991023,I4-FP1,"(R+1) vs (L-92, L-44, L-3)"
HABP2,-0.132525048717109,23.7105535283748,-0.96815407830906,0.34576133352451,0.643125707329631,-5.88198576705147,I4-FP1,"(R+1) vs (L-92, L-44, L-3)"
IGHV3-30-5,0.147766991492581,19.5397659852512,0.96808697816941,0.345793935555705,0.643125707329631,-5.88204889322441,I4-FP1,"(R+1) vs (L-92, L-44, L-3)"
UBASH3B,0.359689171018013,12.2086188306201,0.964014817514994,0.347776459117091,0.645295162659791,-5.8858725233322,I4-FP1,"(R+1) vs (L-92, L-44, L-3)"
SLC25A5,0.678856377589607,15.0808685548666,0.963013548677589,0.348265123742095,0.645295162659791,-5.88681046400317,I4-FP1,"(R+1) vs (L-92, L-44, L-3)"
MFAP5,-0.207472886462475,11.6192982361669,-0.96181699478172,0.348849717000992,0.645295162659791,-5.88793018875579,I4-FP1,"(R+1) vs (L-92, L-44, L-3)"
OIT3,0.222934560473909,12.3256328663467,0.961643842816166,0.348934368807868,0.645295162659791,-5.88809211915992,I4-FP1,"(R+1) vs (L-92, L-44, L-3)"
IGHV3-43,-0.356545863061336,11.3567983748142,-0.961301844193566,0.349101609192895,0.645295162659791,-5.88841187662597,I4-FP1,"(R+1) vs (L-92, L-44, L-3)"
NAP1L4,-0.346708941603196,11.480537393908,-0.961194649231486,0.349154039852748,0.645295162659791,-5.88851207933082,I4-FP1,"(R+1) vs (L-92, L-44, L-3)"
SERPINB6,0.499256604072225,10.7323879355091,0.958859132374888,0.350297722623445,0.646731674090357,-5.89069275602313,I4-FP1,"(R+1) vs (L-92, L-44, L-3)"
ACTA1,0.353487663554098,16.6882204386551,0.957257029735779,0.351083747693466,0.647505553478546,-5.89218588125611,I4-FP1,"(R+1) vs (L-92, L-44, L-3)"
DDOST,0.379421695253837,11.403418859359,0.956067947850866,0.351667919552257,0.647905926941267,-5.89329262654241,I4-FP1,"(R+1) vs (L-92, L-44, L-3)"
PCNP,-0.276943458097605,10.3721313205567,-0.954782915527436,0.352299980388511,0.64839360311337,-5.89448728534627,I4-FP1,"(R+1) vs (L-92, L-44, L-3)"
F11R,0.298274369896473,13.4295916374713,0.953741546855289,0.352812763771428,0.648660966725595,-5.89545435500481,I4-FP1,"(R+1) vs (L-92, L-44, L-3)"
EVL,0.540084051440935,13.9794060433145,0.951284883133039,0.354024485253937,0.649290290257191,-5.89773197359086,I4-FP1,"(R+1) vs (L-92, L-44, L-3)"
F9,-0.162626977818518,20.4167878094899,-0.950387315012734,0.354467911224873,0.649290290257191,-5.89856280482013,I4-FP1,"(R+1) vs (L-92, L-44, L-3)"
SH3BGRL3,0.544140851680907,12.2102513217405,0.949167461120254,0.355071165906459,0.649290290257191,-5.89969082513982,I4-FP1,"(R+1) vs (L-92, L-44, L-3)"
CFI,0.159946794854446,14.7209946179485,0.949135312523127,0.355087073862509,0.649290290257191,-5.89972053584067,I4-FP1,"(R+1) vs (L-92, L-44, L-3)"
MPO,-0.273198099547048,17.6521219470043,-0.948653705614254,0.355325443805843,0.649290290257191,-5.90016551282452,I4-FP1,"(R+1) vs (L-92, L-44, L-3)"
SDC1,-0.348751736486583,10.4904610508554,-0.948519722612244,0.355391777774191,0.649290290257191,-5.90028926916346,I4-FP1,"(R+1) vs (L-92, L-44, L-3)"
RPL7A,-0.261565791772584,13.1269127855315,-0.947434128070506,0.355929559936106,0.649290290257191,-5.90129142084225,I4-FP1,"(R+1) vs (L-92, L-44, L-3)"
TMSB4X,0.364194795376496,13.8639694540245,0.946788922572196,0.356249445649977,0.649290290257191,-5.90188654282661,I4-FP1,"(R+1) vs (L-92, L-44, L-3)"
IGKV2D-28,0.158672478999957,19.1967367787934,0.943528892531602,0.357868737605015,0.649290290257191,-5.90488791977826,I4-FP1,"(R+1) vs (L-92, L-44, L-3)"
HNRNPH3,0.255283980902357,12.4443911647651,0.942766652545015,0.358248074127862,0.649290290257191,-5.90558833477524,I4-FP1,"(R+1) vs (L-92, L-44, L-3)"
CHMP6,0.142096808307519,13.1391579656575,0.941942736683599,0.358658412766005,0.649290290257191,-5.90634484811612,I4-FP1,"(R+1) vs (L-92, L-44, L-3)"
COL1A2,-0.255378906883464,14.9252481878789,-0.941316929363379,0.358970300643108,0.649290290257191,-5.90691906039842,I4-FP1,"(R+1) vs (L-92, L-44, L-3)"
SH3BGRL,0.300815653488808,11.2869360080468,0.940948592957288,0.359153957414046,0.649290290257191,-5.90725686791156,I4-FP1,"(R+1) vs (L-92, L-44, L-3)"
TGOLN2,-0.293367655662107,9.56771532565112,-0.940586589657502,0.359334518832122,0.649290290257191,-5.90758875082874,I4-FP1,"(R+1) vs (L-92, L-44, L-3)"
RNASE4,-0.151787032825321,18.5033220588928,-0.940356318203583,0.359449406718784,0.649290290257191,-5.90779980256099,I4-FP1,"(R+1) vs (L-92, L-44, L-3)"
IGHV3-13,0.235567359952446,15.8957289541678,0.940117814126999,0.359568428446736,0.649290290257191,-5.90801835054363,I4-FP1,"(R+1) vs (L-92, L-44, L-3)"
ITPR1,0.411681934136128,10.9770281238637,0.939731750018344,0.359761144615127,0.649290290257191,-5.90837200574096,I4-FP1,"(R+1) vs (L-92, L-44, L-3)"
CDH17,0.615631607848669,13.1833101433541,0.939700562205746,0.359776716074523,0.649290290257191,-5.9084005697001,I4-FP1,"(R+1) vs (L-92, L-44, L-3)"
RGS18,0.313527569625009,13.0622619771568,0.938839540011531,0.360206788792961,0.649402433319282,-5.90918881509197,I4-FP1,"(R+1) vs (L-92, L-44, L-3)"
VARS1,-0.274600129645341,13.1972886904241,-0.937418523213099,0.360917339115508,0.650019493407012,-5.91048829353884,I4-FP1,"(R+1) vs (L-92, L-44, L-3)"
LGALSL,0.32042883454765,11.4105686673626,0.934730593555025,0.362263990038657,0.651779757816748,-5.91294145829575,I4-FP1,"(R+1) vs (L-92, L-44, L-3)"
HMGB1,-0.376427121357263,15.0182811066453,-0.931201370695569,0.364037306705148,0.653540787087285,-5.91615275736115,I4-FP1,"(R+1) vs (L-92, L-44, L-3)"
ASGR1,0.487605452249862,16.1165614765577,0.93118944927405,0.364043306783999,0.653540787087285,-5.91616358622614,I4-FP1,"(R+1) vs (L-92, L-44, L-3)"
VEGFC,0.148144312188325,13.2709352116543,0.929000475839697,0.365146159004268,0.653540787087285,-5.91814981981181,I4-FP1,"(R+1) vs (L-92, L-44, L-3)"
F8,-0.162470547055544,15.7095505144211,-0.928516866953704,0.36539011661777,0.653540787087285,-5.91858806639313,I4-FP1,"(R+1) vs (L-92, L-44, L-3)"
CCL16,-0.148897670725748,15.2077561697221,-0.928348303282718,0.365475174888272,0.653540787087285,-5.91874077027638,I4-FP1,"(R+1) vs (L-92, L-44, L-3)"
SOD2,-0.427248378044144,11.2552044361632,-0.927505708571115,0.365900554419767,0.653540787087285,-5.9195037104655,I4-FP1,"(R+1) vs (L-92, L-44, L-3)"
PRKAR1A,0.328452712527491,12.0380315431749,0.926813545438481,0.366250240002342,0.653540787087285,-5.92012997041902,I4-FP1,"(R+1) vs (L-92, L-44, L-3)"
ANO6,-0.313124616726092,10.5560576673496,-0.926580160085125,0.366368198855824,0.653540787087285,-5.92034103884622,I4-FP1,"(R+1) vs (L-92, L-44, L-3)"
NCAN,-0.34874564016469,12.2736788130928,-0.925695048087425,0.366815790392497,0.653540787087285,-5.92114107621763,I4-FP1,"(R+1) vs (L-92, L-44, L-3)"
CSK,0.218559523028396,14.306434508324,0.924417013044203,0.367462731081673,0.653540787087285,-5.9222950468419,I4-FP1,"(R+1) vs (L-92, L-44, L-3)"
RPSA,0.236711537865641,12.3576657825082,0.924246379096047,0.367549164215746,0.653540787087285,-5.92244900722458,I4-FP1,"(R+1) vs (L-92, L-44, L-3)"
PARP1,0.274141038757514,11.5223417389822,0.923856635679177,0.367746636857794,0.653540787087285,-5.92280057004004,I4-FP1,"(R+1) vs (L-92, L-44, L-3)"
APOC4,-0.207267176858565,18.4105203101459,-0.923245558053169,0.368056397940374,0.653540787087285,-5.92335151368862,I4-FP1,"(R+1) vs (L-92, L-44, L-3)"
GNAS,-0.321964759609755,12.0957435745824,-0.921432159901958,0.368976663875838,0.654516393709402,-5.92498451505488,I4-FP1,"(R+1) vs (L-92, L-44, L-3)"
CON_sp|CATG_HUMAN|,-0.296304811566344,16.4774911266515,-0.920178901222694,0.36961357595205,0.654987913208201,-5.92611139719351,I4-FP1,"(R+1) vs (L-92, L-44, L-3)"
EDF1,0.264475990516341,11.8081411450106,0.919111863308429,0.370156433679509,0.655291981388499,-5.92706973960533,I4-FP1,"(R+1) vs (L-92, L-44, L-3)"
PTBP1,0.23036345241746,13.3017910762903,0.916110974146546,0.371686021033482,0.657105112661421,-5.92975952581815,I4-FP1,"(R+1) vs (L-92, L-44, L-3)"
FGFR1,-0.25464286164591,11.5798598758313,-0.915642449373955,0.371925216741507,0.657105112661421,-5.93017875743521,I4-FP1,"(R+1) vs (L-92, L-44, L-3)"
SNX6,0.226476165469559,12.2021255815964,0.914823138935817,0.372343747652543,0.65718671460674,-5.93091140054422,I4-FP1,"(R+1) vs (L-92, L-44, L-3)"
PLOD3,0.456306069796374,12.0205558505313,0.913108681951096,0.37322057323151,0.657667397946621,-5.93244257240207,I4-FP1,"(R+1) vs (L-92, L-44, L-3)"
LAMA4,0.33802808338112,9.28679086440755,0.91283372868557,0.373361321667147,0.657667397946621,-5.932687888712,I4-FP1,"(R+1) vs (L-92, L-44, L-3)"
CHD4,0.458513055040576,11.2482679940564,0.911179716081202,0.374208761955722,0.658502955983899,-5.93416219951383,I4-FP1,"(R+1) vs (L-92, L-44, L-3)"
WIPF1,-0.201451563968074,13.932236836033,-0.909167283899334,0.375241579113026,0.659487067663105,-5.935952709984,I4-FP1,"(R+1) vs (L-92, L-44, L-3)"
SOST,0.164110120020845,11.9096170723357,0.9086345662071,0.375515299150946,0.659487067663105,-5.93642607922114,I4-FP1,"(R+1) vs (L-92, L-44, L-3)"
DOK2,0.233984033780869,12.322691821126,0.906699813592133,0.37651053516476,0.660010165919158,-5.93814316345787,I4-FP1,"(R+1) vs (L-92, L-44, L-3)"
PDPR,-0.172134509552455,13.806436239902,-0.906011608745477,0.37686497280045,0.660010165919158,-5.93875313896595,I4-FP1,"(R+1) vs (L-92, L-44, L-3)"
YWHAQ,0.43842963334327,12.3566258905809,0.905868167730201,0.376938875558639,0.660010165919158,-5.93888022171885,I4-FP1,"(R+1) vs (L-92, L-44, L-3)"
SPTBN1,0.173227475530506,15.7311757452989,0.904781392865078,0.377499111690521,0.660010165919158,-5.9398424637209,I4-FP1,"(R+1) vs (L-92, L-44, L-3)"
C4B_2,-0.124272971881641,23.2209923645718,-0.904425161721029,0.377682871149206,0.660010165919158,-5.94015764568603,I4-FP1,"(R+1) vs (L-92, L-44, L-3)"
FGL1,0.319856576927623,15.4068215054862,0.902905616757576,0.378467389674899,0.66051731460681,-5.94150082119449,I4-FP1,"(R+1) vs (L-92, L-44, L-3)"
RAB21,0.226467059691977,12.1332417565239,0.90183003231431,0.379023355392657,0.66051731460681,-5.94245032194054,I4-FP1,"(R+1) vs (L-92, L-44, L-3)"
LCP1,-0.13591339335946,13.23653786323,-0.900692631790878,0.379611866379326,0.66051731460681,-5.94345327068455,I4-FP1,"(R+1) vs (L-92, L-44, L-3)"
PDGFC,0.226338700914732,13.6958619433221,0.899976312220075,0.379982815368894,0.66051731460681,-5.94408432236029,I4-FP1,"(R+1) vs (L-92, L-44, L-3)"
HLA-A,0.279790728736028,13.3177302809511,0.89978334879316,0.380082783573616,0.66051731460681,-5.94425423793426,I4-FP1,"(R+1) vs (L-92, L-44, L-3)"
CCL18,-0.148333954111489,18.9214263699877,-0.899521503113402,0.380218465518707,0.66051731460681,-5.94448475524854,I4-FP1,"(R+1) vs (L-92, L-44, L-3)"
SMAP2,-0.247422946563215,11.2830881976483,-0.898466300580526,0.380765572528763,0.660817340721009,-5.9454130888598,I4-FP1,"(R+1) vs (L-92, L-44, L-3)"
MIF,-0.510242216033011,10.9799279036139,-0.897640125228804,0.381194298229077,0.660911528854933,-5.94613923821746,I4-FP1,"(R+1) vs (L-92, L-44, L-3)"
TUBA1A,0.404002858861762,13.6982384375277,0.896886798951072,0.381585500579316,0.660940538294891,-5.94680082744911,I4-FP1,"(R+1) vs (L-92, L-44, L-3)"
CCDC124,0.415094814376816,10.4862914682281,0.895202396268991,0.382461177357386,0.661807821603713,-5.94827827742042,I4-FP1,"(R+1) vs (L-92, L-44, L-3)"
H1-0,-0.286937458684377,14.0559424372731,-0.893063882509199,0.383574858421392,0.663082327869228,-5.95015039341887,I4-FP1,"(R+1) vs (L-92, L-44, L-3)"
IGKV1D-39,0.148170667200954,17.2597581786486,0.892019125849095,0.384119722361403,0.663082327869228,-5.95106351723353,I4-FP1,"(R+1) vs (L-92, L-44, L-3)"
RAB7A,-0.173225394751998,14.7519639229823,-0.891626206748288,0.384324771337235,0.663082327869228,-5.95140667847707,I4-FP1,"(R+1) vs (L-92, L-44, L-3)"
XPNPEP1,-0.313026866363314,10.0441759767473,-0.888053883880128,0.386192357229599,0.665653818857659,-5.95452028058713,I4-FP1,"(R+1) vs (L-92, L-44, L-3)"
TPM1.1,0.404099990235765,11.6946621375068,0.886487748860317,0.387013014139532,0.666417531664658,-5.95588170787027,I4-FP1,"(R+1) vs (L-92, L-44, L-3)"
AZGP1,-0.134987193100039,14.2254890100871,-0.883601738770975,0.388528307565125,0.666800436548125,-5.95838473693718,I4-FP1,"(R+1) vs (L-92, L-44, L-3)"
ACTR2,0.257272282848424,12.9630634636744,0.883494093595564,0.38858490216406,0.666800436548125,-5.95847795294418,I4-FP1,"(R+1) vs (L-92, L-44, L-3)"
EIF4B,-0.800609474370418,12.0071277672397,-0.881526955471773,0.389620086639924,0.666800436548125,-5.96017957896217,I4-FP1,"(R+1) vs (L-92, L-44, L-3)"
MFAP4,-0.202254092016485,9.53761440618272,-0.880980740791307,0.38990784851641,0.666800436548125,-5.96065145345518,I4-FP1,"(R+1) vs (L-92, L-44, L-3)"
PTPRB,0.170845451755807,12.6919988748038,0.880732553039854,0.390038647395933,0.666800436548125,-5.96086577426311,I4-FP1,"(R+1) vs (L-92, L-44, L-3)"
MMP19,-0.179515703059024,14.0358975190367,-0.879218333813304,0.390837291686645,0.666800436548125,-5.96217217063285,I4-FP1,"(R+1) vs (L-92, L-44, L-3)"
BIN2,0.221505675709641,13.9205387239417,0.878801708188393,0.39105722134862,0.666800436548125,-5.96253125448152,I4-FP1,"(R+1) vs (L-92, L-44, L-3)"
EIF2AK2,0.384577030274826,10.7401679420773,0.878734117189922,0.391092909185085,0.666800436548125,-5.96258949553817,I4-FP1,"(R+1) vs (L-92, L-44, L-3)"
RPS6KA3,0.279788935298954,10.8846201370704,0.878296507363712,0.391324017717629,0.666800436548125,-5.96296647106222,I4-FP1,"(R+1) vs (L-92, L-44, L-3)"
LYPLA1,0.243064620262003,12.0602953230262,0.878156393201189,0.391398033184117,0.666800436548125,-5.96308713496713,I4-FP1,"(R+1) vs (L-92, L-44, L-3)"
STAT5B,0.357509791918621,11.2360805820577,0.87749673695519,0.391746621209361,0.666800436548125,-5.96365498274629,I4-FP1,"(R+1) vs (L-92, L-44, L-3)"
IGLV7-46,0.122543424020726,16.5492249564366,0.876893693056933,0.392065471824464,0.666800436548125,-5.96417375540616,I4-FP1,"(R+1) vs (L-92, L-44, L-3)"
SPINK5,0.145033309912214,17.1407663753892,0.876640039471017,0.392199638446239,0.666800436548125,-5.96439186507248,I4-FP1,"(R+1) vs (L-92, L-44, L-3)"
MTSS1,0.523521839768344,11.0294549506201,0.875125101345747,0.393001573256558,0.666800436548125,-5.96569331488945,I4-FP1,"(R+1) vs (L-92, L-44, L-3)"
RPL19,-0.315920708183705,12.6252266628033,-0.874844746203824,0.393150097798149,0.666800436548125,-5.96593393568545,I4-FP1,"(R+1) vs (L-92, L-44, L-3)"
M6PR,-0.868217180411614,12.4655013770777,-0.874599541469705,0.393280030847931,0.666800436548125,-5.96614432998948,I4-FP1,"(R+1) vs (L-92, L-44, L-3)"
SCG5,-0.329892915868349,10.0624525148145,-0.872304829067045,0.394497357602953,0.667102985721014,-5.96811065461436,I4-FP1,"(R+1) vs (L-92, L-44, L-3)"
IGF2R,-0.199473474341122,19.0366545799561,-0.872242605203513,0.394530401273165,0.667102985721014,-5.96816390792122,I4-FP1,"(R+1) vs (L-92, L-44, L-3)"
EIF4A1,0.148966995770909,13.0215687933107,0.872125939396714,0.394592360959058,0.667102985721014,-5.96826374511729,I4-FP1,"(R+1) vs (L-92, L-44, L-3)"
OAF,0.148996717716615,12.9823572015424,0.869637335637352,0.395915546377184,0.667629783417941,-5.97039046084702,I4-FP1,"(R+1) vs (L-92, L-44, L-3)"
IGKV2-40,0.306094113973816,11.832852361255,0.869451170220472,0.396014646897896,0.667629783417941,-5.97054933041272,I4-FP1,"(R+1) vs (L-92, L-44, L-3)"
ENO1,0.147384825878047,15.9802217639253,0.869405907106504,0.396038744044523,0.667629783417941,-5.97058795226729,I4-FP1,"(R+1) vs (L-92, L-44, L-3)"
GSR,0.34155436460198,11.1282516581271,0.86852973562075,0.396505388898412,0.667778636837498,-5.97133520356949,I4-FP1,"(R+1) vs (L-92, L-44, L-3)"
TOR1B,-0.296303133770711,10.6254862031151,-0.866508635137756,0.397583190076589,0.66895551047205,-5.97305628235544,I4-FP1,"(R+1) vs (L-92, L-44, L-3)"
C1RL,0.169752317851466,13.2859965027323,0.86563892767984,0.398047571953959,0.669099013808322,-5.97379575402823,I4-FP1,"(R+1) vs (L-92, L-44, L-3)"
FCN1,-0.387963297538377,15.7570608682904,-0.863597163215397,0.399139168357412,0.670245238339987,-5.97552909254322,I4-FP1,"(R+1) vs (L-92, L-44, L-3)"
CON_sp|CAS1_BOVIN|,-0.261484046012668,14.2089178967634,-0.862484995091289,0.399734592588205,0.670245238339987,-5.97647167702435,I4-FP1,"(R+1) vs (L-92, L-44, L-3)"
SCUBE2,-0.208154824066904,11.5992096992032,-0.862184650969157,0.399895487906916,0.670245238339987,-5.9767260333103,I4-FP1,"(R+1) vs (L-92, L-44, L-3)"
SIRPB1,-0.206164200600738,15.9580312880511,-0.861246525008551,0.400398317022523,0.670245238339987,-5.97751999208096,I4-FP1,"(R+1) vs (L-92, L-44, L-3)"
CCNY,-1.04678326267739,12.6891558610761,-0.860175482142934,0.400972892403736,0.670245238339987,-5.97842547087875,I4-FP1,"(R+1) vs (L-92, L-44, L-3)"
PRKDC,-0.153891418418332,20.1083997379769,-0.860110228469922,0.401007915969986,0.670245238339987,-5.97848060404473,I4-FP1,"(R+1) vs (L-92, L-44, L-3)"
PEBP1,-0.195364787079592,13.4168512602303,-0.859190246913672,0.401501909248574,0.670436016862568,-5.97925749215976,I4-FP1,"(R+1) vs (L-92, L-44, L-3)"
ACSL4,0.308437702475403,10.6964495486936,0.85838563478373,0.401934278446557,0.670523630867839,-5.97993632899439,I4-FP1,"(R+1) vs (L-92, L-44, L-3)"
PTPRJ,0.226729756513716,12.5356159259345,0.855450519836264,0.403514069646882,0.672102188532891,-5.9824076760053,I4-FP1,"(R+1) vs (L-92, L-44, L-3)"
SPTA1,0.320468526510753,12.1650536069618,0.855212963956312,0.403642107560829,0.672102188532891,-5.98260735596846,I4-FP1,"(R+1) vs (L-92, L-44, L-3)"
ILK,0.263621261179778,17.0020534632095,0.853232725118871,0.404710443701564,0.673245931322583,-5.98426988044125,I4-FP1,"(R+1) vs (L-92, L-44, L-3)"
HNRNPD,-0.182412599007674,14.380857344245,-0.849021708206039,0.406988373285452,0.67578938616885,-5.98779348018409,I4-FP1,"(R+1) vs (L-92, L-44, L-3)"
NUCB1,0.170533646389989,12.1252448928362,0.848990722191571,0.407005165720956,0.67578938616885,-5.98781934847922,I4-FP1,"(R+1) vs (L-92, L-44, L-3)"
CD47,0.258661398124862,15.0451257141393,0.84698622795235,0.408092425689001,0.676576667872064,-5.9894909284528,I4-FP1,"(R+1) vs (L-92, L-44, L-3)"
IGFBP7,-0.127901582262083,16.6757482790172,-0.846399913457705,0.408410803721745,0.676576667872064,-5.98997917752923,I4-FP1,"(R+1) vs (L-92, L-44, L-3)"
H2AC21,-0.17886201628846,12.6626137872121,-0.845018014317598,0.409161831389346,0.676576667872064,-5.99112871148907,I4-FP1,"(R+1) vs (L-92, L-44, L-3)"
GLA,-0.319840857332826,9.43672601852531,-0.844160463733898,0.409628336694179,0.676576667872064,-5.99184119527802,I4-FP1,"(R+1) vs (L-92, L-44, L-3)"
TUBB,0.194665245238734,14.1582508847749,0.843131307550587,0.410188647829758,0.676576667872064,-5.99269537485421,I4-FP1,"(R+1) vs (L-92, L-44, L-3)"
ASPH,-0.176473112693361,13.9039637125196,-0.841777294611946,0.410926575475624,0.676576667872064,-5.99381771582479,I4-FP1,"(R+1) vs (L-92, L-44, L-3)"
SLC2A3,0.294889307555664,15.3770535811176,0.841230244072064,0.411224956633055,0.676576667872064,-5.9942706941095,I4-FP1,"(R+1) vs (L-92, L-44, L-3)"
SERPING1,-0.173828592051805,21.3458157602407,-0.840256496221906,0.411756419045219,0.676576667872064,-5.99507632175613,I4-FP1,"(R+1) vs (L-92, L-44, L-3)"
IGLV1-40,-0.161327028938925,14.827978297442,-0.840005444191125,0.411893512527629,0.676576667872064,-5.99528388942626,I4-FP1,"(R+1) vs (L-92, L-44, L-3)"
IGHD,0.137924477277483,17.6688938085884,0.83904386802913,0.412418877812051,0.676576667872064,-5.99607838307441,I4-FP1,"(R+1) vs (L-92, L-44, L-3)"
STXBP3,0.244347010049205,10.8582827926489,0.838799656493965,0.412552373445818,0.676576667872064,-5.99628002697258,I4-FP1,"(R+1) vs (L-92, L-44, L-3)"
FARSA,0.219747476262895,10.8248998613291,0.838749184061227,0.412579967127616,0.676576667872064,-5.9963216949834,I4-FP1,"(R+1) vs (L-92, L-44, L-3)"
NEXN,0.305787193530521,11.9906683059023,0.838660147952583,0.412628646771782,0.676576667872064,-5.99639519397429,I4-FP1,"(R+1) vs (L-92, L-44, L-3)"
MTTP,0.488281065607722,12.6213886435777,0.838262809584974,0.412845932746863,0.676576667872064,-5.99672310762938,I4-FP1,"(R+1) vs (L-92, L-44, L-3)"
WAS,-0.173326936447045,13.9762588502603,-0.836762415608182,0.413667091833663,0.677293522343613,-5.99796005298046,I4-FP1,"(R+1) vs (L-92, L-44, L-3)"
LTBP4,-0.196155995707608,10.5551053414456,-0.835111728829304,0.414571716334774,0.677624967952258,-5.99931853865605,I4-FP1,"(R+1) vs (L-92, L-44, L-3)"
TAOK3,0.236174249373545,10.5532131048072,0.834420078092121,0.414951138118251,0.677624967952258,-5.99988701853182,I4-FP1,"(R+1) vs (L-92, L-44, L-3)"
CFL1,0.161107723533412,19.7059799770579,0.834292228201379,0.415021297652346,0.677624967952258,-5.9999920529712,I4-FP1,"(R+1) vs (L-92, L-44, L-3)"
VNN1,-0.193587495491161,10.1533558548591,-0.832986317353521,0.415738371244824,0.678120744067171,-6.00106406617674,I4-FP1,"(R+1) vs (L-92, L-44, L-3)"
CON_sp|TRFE_HUMAN|,-0.11214995279893,17.3821701216083,-0.832340372557302,0.416093351742066,0.678120744067171,-6.00159374443143,I4-FP1,"(R+1) vs (L-92, L-44, L-3)"
EIF5,-0.308804117240766,15.5471045509299,-0.830215317997402,0.417262549538563,0.679339425690495,-6.00333362179256,I4-FP1,"(R+1) vs (L-92, L-44, L-3)"
PIGR,-0.161407306360247,14.962079284955,-0.829582877017318,0.417610921741749,0.679339425690495,-6.00385063589381,I4-FP1,"(R+1) vs (L-92, L-44, L-3)"
PFKP,0.25143587754713,13.2062066869733,0.827760031612507,0.418616053109686,0.680347452797971,-6.00533875587457,I4-FP1,"(R+1) vs (L-92, L-44, L-3)"
DDX39A,0.35438072370683,10.3202941116167,0.826058557245858,0.419555652115662,0.681247218016691,-6.00672506071737,I4-FP1,"(R+1) vs (L-92, L-44, L-3)"
GALT,-0.183030767192505,17.9926189322463,-0.825193308626715,0.420033980758288,0.681381454579427,-6.00742902463636,I4-FP1,"(R+1) vs (L-92, L-44, L-3)"
PCSK9,-0.16080666605193,14.8466465946187,-0.82406495626132,0.420658280998412,0.681381454579427,-6.00834602370779,I4-FP1,"(R+1) vs (L-92, L-44, L-3)"
FLOT1,0.163883564640102,11.130839314023,0.822960738220964,0.42126979998868,0.681381454579427,-6.00924228507967,I4-FP1,"(R+1) vs (L-92, L-44, L-3)"
GNB1,0.17288114273645,14.8228460671106,0.822364023653431,0.42160049755535,0.681381454579427,-6.0097261578886,I4-FP1,"(R+1) vs (L-92, L-44, L-3)"
PLGLA,-0.13071747647815,21.4242114699516,-0.822223399993456,0.421678454842961,0.681381454579427,-6.00984014160352,I4-FP1,"(R+1) vs (L-92, L-44, L-3)"
STAB1,0.597936130752009,13.6361337135264,0.821725344955051,0.421954634478931,0.681381454579427,-6.01024369927713,I4-FP1,"(R+1) vs (L-92, L-44, L-3)"
HNRNPF,-0.218813312326885,9.42411876903085,-0.820610126766161,0.422573458211474,0.681544716168905,-6.01114650312864,I4-FP1,"(R+1) vs (L-92, L-44, L-3)"
HMGB3,-0.333033239026161,15.3751578527508,-0.820151658442368,0.422828025045298,0.681544716168905,-6.01151731825928,I4-FP1,"(R+1) vs (L-92, L-44, L-3)"
C2,-0.125982285561713,15.7045984096742,-0.819335600892898,0.423281386090501,0.681652962089174,-6.01217688144185,I4-FP1,"(R+1) vs (L-92, L-44, L-3)"
OSTF1,-0.175203832485886,14.4262755787184,-0.818275778920535,0.42387063110504,0.681979638924699,-6.01303255496119,I4-FP1,"(R+1) vs (L-92, L-44, L-3)"
LYN,0.179795090099505,12.4654644607547,0.815749107949569,0.425277520361014,0.683620057775218,-6.01506838640302,I4-FP1,"(R+1) vs (L-92, L-44, L-3)"
GIP,-0.677274072588161,11.1195523997129,-0.813248813841371,0.426672631185522,0.684607714267446,-6.01707722106197,I4-FP1,"(R+1) vs (L-92, L-44, L-3)"
CALR,0.320326671238914,12.337587784483,0.812654970212664,0.427004408233871,0.684607714267446,-6.01755349825547,I4-FP1,"(R+1) vs (L-92, L-44, L-3)"
ACTN1,0.375488476453625,14.9948237815868,0.812053735012493,0.427340481026104,0.684607714267446,-6.01803537502393,I4-FP1,"(R+1) vs (L-92, L-44, L-3)"
NTS,-0.211485831825461,11.7126920321164,-0.811869571000454,0.427443456726757,0.684607714267446,-6.01818291225601,I4-FP1,"(R+1) vs (L-92, L-44, L-3)"
C1QTNF4,-0.167174785509342,16.0623785365639,-0.806915742355701,0.430219280531389,0.688428857785949,-6.022139867468,I4-FP1,"(R+1) vs (L-92, L-44, L-3)"
HSD17B4,0.276220350661869,12.3853047099261,0.804657599628704,0.431488365351703,0.68928770870455,-6.02393613866467,I4-FP1,"(R+1) vs (L-92, L-44, L-3)"
TGFB1I1,0.284837787787012,10.3861020825388,0.803953718519843,0.431884430054628,0.68928770870455,-6.02449509514689,I4-FP1,"(R+1) vs (L-92, L-44, L-3)"
F13A1,0.292983812878873,15.6831202800207,0.802913658474563,0.432470076376116,0.68928770870455,-6.0253201818391,I4-FP1,"(R+1) vs (L-92, L-44, L-3)"
BZW1,0.209873739040423,12.7811202263596,0.802710352332297,0.43258461407851,0.68928770870455,-6.02548135005937,I4-FP1,"(R+1) vs (L-92, L-44, L-3)"
OVCH2,0.124435276892466,16.5090291565886,0.80201632042847,0.432975758161209,0.68928770870455,-6.02603124890573,I4-FP1,"(R+1) vs (L-92, L-44, L-3)"
EPPK1,-0.11602829493106,15.6212421317765,-0.80179739055371,0.433099189208694,0.68928770870455,-6.0262046208402,I4-FP1,"(R+1) vs (L-92, L-44, L-3)"
FHOD1,0.330773149906791,11.2872257693577,0.800343976128138,0.433919173375245,0.689682005063101,-6.02735447361451,I4-FP1,"(R+1) vs (L-92, L-44, L-3)"
DDX1,0.22356939745001,11.0864468400916,0.799453210703473,0.434422204272944,0.689682005063101,-6.02805823457895,I4-FP1,"(R+1) vs (L-92, L-44, L-3)"
FGG.1,-0.23729253379618,10.0638751479747,-0.798716429226402,0.43483855374601,0.689682005063101,-6.0286397880369,I4-FP1,"(R+1) vs (L-92, L-44, L-3)"
ERP29,-0.182128691626051,13.40549938008,-0.798070933370407,0.435203523749107,0.689682005063101,-6.02914887862054,I4-FP1,"(R+1) vs (L-92, L-44, L-3)"
RPS7,0.206930385524536,13.6178891533912,0.797899103785094,0.435300710277787,0.689682005063101,-6.02928433293006,I4-FP1,"(R+1) vs (L-92, L-44, L-3)"
NDNF,0.305273007938826,10.338950423018,0.797167690280574,0.435714548514016,0.689718545405595,-6.02986060724292,I4-FP1,"(R+1) vs (L-92, L-44, L-3)"
EFTUD2,0.819904541964259,19.7400952761374,0.7962354113827,0.436242394328823,0.689935327948363,-6.03059442919415,I4-FP1,"(R+1) vs (L-92, L-44, L-3)"
ASAP1,0.230398508977648,12.0463335709706,0.793136507610201,0.437999830123063,0.692094628618806,-6.03302791954279,I4-FP1,"(R+1) vs (L-92, L-44, L-3)"
LBP,0.129448727471547,21.2226858005126,0.790238546502841,0.43964729942405,0.693417185764821,-6.03529562355869,I4-FP1,"(R+1) vs (L-92, L-44, L-3)"
FCMR,0.166914585153902,11.1735369206903,0.789158235457303,0.440262434367245,0.693417185764821,-6.03613900790396,I4-FP1,"(R+1) vs (L-92, L-44, L-3)"
ADAMTS5,0.25942870843961,10.6350372568008,0.789061906363766,0.440317310668019,0.693417185764821,-6.03621415856446,I4-FP1,"(R+1) vs (L-92, L-44, L-3)"
CXCL12,-0.114133888775953,16.4972301581538,-0.788902185763442,0.440408308919187,0.693417185764821,-6.03633874496564,I4-FP1,"(R+1) vs (L-92, L-44, L-3)"
PROC,-0.162133140826171,19.6451167316467,-0.788036536339365,0.44090170230292,0.693575316011278,-6.03701356635529,I4-FP1,"(R+1) vs (L-92, L-44, L-3)"
CNDP1,0.357559561442247,10.3576294743644,0.785312196391793,0.442456733052563,0.694448484397622,-6.03913283509541,I4-FP1,"(R+1) vs (L-92, L-44, L-3)"
COL1A1,-0.173630573879352,14.9031790841352,-0.784992335849736,0.442639529837193,0.694448484397622,-6.03938120656804,I4-FP1,"(R+1) vs (L-92, L-44, L-3)"
THSD4,0.452103525705684,13.4767558151036,0.784939182028955,0.442669911201172,0.694448484397622,-6.03942247133337,I4-FP1,"(R+1) vs (L-92, L-44, L-3)"
TUBA1B,0.225187520470075,14.1564979308467,0.784308325949902,0.443030591179446,0.694448484397622,-6.03991202329656,I4-FP1,"(R+1) vs (L-92, L-44, L-3)"
SRP9,-0.210203838569331,12.6597668474181,-0.780718813752898,0.44508629266822,0.696881111238687,-6.04269054386865,I4-FP1,"(R+1) vs (L-92, L-44, L-3)"
CLSTN1,-0.172367070347913,11.4553427360297,-0.78011518981374,0.445432564794353,0.696881111238687,-6.04315662140327,I4-FP1,"(R+1) vs (L-92, L-44, L-3)"
SERPINB1,0.159630976674227,11.5645708689178,0.779532456111031,0.445767011098287,0.696881111238687,-6.04360624990625,I4-FP1,"(R+1) vs (L-92, L-44, L-3)"
BPI,-0.246502492613483,16.3782781678649,-0.77795221769976,0.446674732522848,0.697682214958254,-6.04482396035842,I4-FP1,"(R+1) vs (L-92, L-44, L-3)"
RPS19,-0.195168603437421,13.7790559440834,-0.776844607752342,0.447311646177574,0.69783809622296,-6.04567609520642,I4-FP1,"(R+1) vs (L-92, L-44, L-3)"
OMD,0.29113146209511,13.2866193105951,0.776403796985378,0.447565283243281,0.69783809622296,-6.04601491582029,I4-FP1,"(R+1) vs (L-92, L-44, L-3)"
S100A7,0.134108221649535,13.2940894232444,0.774599124565942,0.448604593866573,0.698696374314382,-6.04740017016567,I4-FP1,"(R+1) vs (L-92, L-44, L-3)"
C4BPB,0.139750352675715,19.8036271311142,0.77407368745072,0.448907472222385,0.698696374314382,-6.0478029264312,I4-FP1,"(R+1) vs (L-92, L-44, L-3)"
PI16,-0.131053807980794,12.0833940460714,-0.772590817830233,0.449762923296167,0.698869417923579,-6.04893819409648,I4-FP1,"(R+1) vs (L-92, L-44, L-3)"
STK26,-0.27962820798567,17.2296249645531,-0.772508273693899,0.449810571536082,0.698869417923579,-6.04900132918713,I4-FP1,"(R+1) vs (L-92, L-44, L-3)"
MT-ATP6,-0.278104869751684,10.5010358412594,-0.76774688211831,0.452564314180644,0.702529476278661,-6.05263248091879,I4-FP1,"(R+1) vs (L-92, L-44, L-3)"
MYH14,-0.126749498275806,17.7378264610831,-0.766611457364202,0.453222507979233,0.702714478404049,-6.05349528454634,I4-FP1,"(R+1) vs (L-92, L-44, L-3)"
SNAP23,0.187984445338335,11.3803029707714,0.764918519430791,0.454204974178923,0.702714478404049,-6.05477952222602,I4-FP1,"(R+1) vs (L-92, L-44, L-3)"
SH3GL1,0.265488082708612,11.1380412845596,0.763858139110426,0.454821009834924,0.702714478404049,-6.05558255854435,I4-FP1,"(R+1) vs (L-92, L-44, L-3)"
DNAJA2,-0.166238326990047,11.8001835017304,-0.763409827479392,0.455081613242858,0.702714478404049,-6.05592175588005,I4-FP1,"(R+1) vs (L-92, L-44, L-3)"
LASP1,0.131940493073104,15.6294243366604,0.76310411188996,0.455259377921257,0.702714478404049,-6.05615295670242,I4-FP1,"(R+1) vs (L-92, L-44, L-3)"
TUFM,-0.228802417972678,12.7024725522218,-0.762776875948812,0.455449703043505,0.702714478404049,-6.05640033652795,I4-FP1,"(R+1) vs (L-92, L-44, L-3)"
B4GALT1,0.14766603007599,13.220921606745,0.762283428844997,0.455736790819523,0.702714478404049,-6.05677317891596,I4-FP1,"(R+1) vs (L-92, L-44, L-3)"
RPS24,-0.223365760506338,13.1538002298202,-0.762056939689782,0.45586859930461,0.702714478404049,-6.05694423566398,I4-FP1,"(R+1) vs (L-92, L-44, L-3)"
ESD,0.176395616138618,15.3094638679793,0.759978626311587,0.457079188290531,0.703965765560897,-6.05851166813036,I4-FP1,"(R+1) vs (L-92, L-44, L-3)"
NRGN,0.356792436603015,14.0716820220713,0.756312316823622,0.459219533329192,0.706255464024273,-6.06126697190005,I4-FP1,"(R+1) vs (L-92, L-44, L-3)"
PGAM1,-0.284492294025829,12.2350985658426,-0.756061532761635,0.459366160169895,0.706255464024273,-6.06145498507641,I4-FP1,"(R+1) vs (L-92, L-44, L-3)"
RPS13,-0.236653860107677,13.5322893747637,-0.753026804331914,0.461142739696601,0.708369830778505,-6.06372549447399,I4-FP1,"(R+1) vs (L-92, L-44, L-3)"
SERPINE1,0.321213720036531,15.4680780303656,0.751994215285876,0.461748182827305,0.70848660666556,-6.06449610090389,I4-FP1,"(R+1) vs (L-92, L-44, L-3)"
CAVIN2,0.319747763634826,15.3934248007637,0.751274587278202,0.462170410541361,0.70848660666556,-6.06503256287985,I4-FP1,"(R+1) vs (L-92, L-44, L-3)"
MAP4K5,-0.764264145156987,11.9875890071751,-0.750844297487496,0.462422986333555,0.70848660666556,-6.06535310150582,I4-FP1,"(R+1) vs (L-92, L-44, L-3)"
ARHGEF2,0.214819869255066,11.3439508753494,0.748157640405959,0.464001915376317,0.710289141924719,-6.06735059631905,I4-FP1,"(R+1) vs (L-92, L-44, L-3)"
LMNB1,0.38069190845376,11.9337043371036,0.744448870437845,0.466186875263489,0.713015454800744,-6.07009698172301,I4-FP1,"(R+1) vs (L-92, L-44, L-3)"
CNTN1,-0.406661332875444,19.2197576198075,-0.741287288047616,0.468054353434878,0.715251890746806,-6.07242805304906,I4-FP1,"(R+1) vs (L-92, L-44, L-3)"
IGHV1-8,-0.128540148421173,12.5986535616765,-0.733955601548985,0.472402281071105,0.721271648867214,-6.07779791962686,I4-FP1,"(R+1) vs (L-92, L-44, L-3)"
C4BPA,0.132914316567902,22.1869262093519,0.732780555281468,0.473101359532419,0.721627751288807,-6.07865388067199,I4-FP1,"(R+1) vs (L-92, L-44, L-3)"
MYOC,-0.193217447296749,12.2819384850003,-0.731914915725964,0.473616755350867,0.721627751288807,-6.07928362967524,I4-FP1,"(R+1) vs (L-92, L-44, L-3)"
PRG4,0.142227500068118,13.9143570978548,0.731503082130968,0.473862075775483,0.721627751288807,-6.07958299103737,I4-FP1,"(R+1) vs (L-92, L-44, L-3)"
UNC13D,0.276403070649747,11.1528427875028,0.729704624003152,0.474934266282558,0.72263705171441,-6.08088843061897,I4-FP1,"(R+1) vs (L-92, L-44, L-3)"
HGFAC,0.138181003602531,15.3783553418635,0.728889797846376,0.475420518106848,0.722753845356233,-6.08147888992054,I4-FP1,"(R+1) vs (L-92, L-44, L-3)"
L1CAM,-0.121899029552015,19.8845341027399,-0.727295824410277,0.476372586443451,0.723577981990268,-6.08263215874669,I4-FP1,"(R+1) vs (L-92, L-44, L-3)"
RPL18A,0.262958069035477,10.4050121687355,0.726442985603428,0.47688244572217,0.723729593034936,-6.08324822720015,I4-FP1,"(R+1) vs (L-92, L-44, L-3)"
ANP32A,-0.219636617030376,10.3913718597271,-0.722915800580993,0.478994569679968,0.726310494403045,-6.08578894432549,I4-FP1,"(R+1) vs (L-92, L-44, L-3)"
INHBC,0.201189117829722,14.3919588923564,0.721586204824381,0.479792184898687,0.726895456091144,-6.08674366138074,I4-FP1,"(R+1) vs (L-92, L-44, L-3)"
PRDX5,-0.148916724739974,15.6156633010943,-0.718907662624098,0.481401407874401,0.728117995008809,-6.0886619611353,I4-FP1,"(R+1) vs (L-92, L-44, L-3)"
ABRACL,0.151993226741399,10.8312534686446,0.718241606266643,0.481802057575316,0.728117995008809,-6.08913792882011,I4-FP1,"(R+1) vs (L-92, L-44, L-3)"
GALK1,-0.250529458054751,11.0728143810309,-0.718183990469613,0.481836724175801,0.728117995008809,-6.08917908185404,I4-FP1,"(R+1) vs (L-92, L-44, L-3)"
PEPCAL_11|PEPCAL_11|,-0.120895524176109,20.2796009781462,-0.717182385028202,0.482439610998547,0.728405400694984,-6.08989399769808,I4-FP1,"(R+1) vs (L-92, L-44, L-3)"
PCYOX1,-0.130442105343986,12.842115851775,-0.715450980775311,0.483482826982567,0.729356572328402,-6.09112760308996,I4-FP1,"(R+1) vs (L-92, L-44, L-3)"
ASAP2,0.268297977663861,11.3543820537283,0.709962711511559,0.486798415684772,0.733419812615627,-6.09501933850232,I4-FP1,"(R+1) vs (L-92, L-44, L-3)"
KIF2A,0.301824608481133,13.0773524460059,0.709617555488592,0.48700737698896,0.733419812615627,-6.09526314352081,I4-FP1,"(R+1) vs (L-92, L-44, L-3)"
FLNA,0.156830323255213,16.6276991412204,0.707637210131051,0.488207315647651,0.734600095582357,-6.09665982013319,I4-FP1,"(R+1) vs (L-92, L-44, L-3)"
A4GALT,-0.158469305030042,10.8340092304393,-0.70404525449905,0.490388175804722,0.737253092244748,-6.09918370783417,I4-FP1,"(R+1) vs (L-92, L-44, L-3)"
CELSR2,-0.12106858184741,13.0582180608608,-0.700298586422842,0.492669013863238,0.739907875907257,-6.10180337072526,I4-FP1,"(R+1) vs (L-92, L-44, L-3)"
SULT1A3,0.194255783119515,13.2804433344448,0.699768116321462,0.492992443097413,0.739907875907257,-6.10217320643718,I4-FP1,"(R+1) vs (L-92, L-44, L-3)"
ECM1,0.0989999879327214,13.6170030576621,0.698099533369753,0.494010587457546,0.740702202073903,-6.1033347892758,I4-FP1,"(R+1) vs (L-92, L-44, L-3)"
"coy_tr|B4E1Z4|B4E1Z4_HUMAN readthrough, C3/C5 convertase OS=Homo sapiens OX=9606",-0.10258704199299,19.3533033049688,-0.697525695773712,0.49436101645499,0.740702202073903,-6.10373365982311,I4-FP1,"(R+1) vs (L-92, L-44, L-3)"
EIF2S3,0.408151330881956,11.9635092431022,0.696486302609199,0.49499611623955,0.74102472023987,-6.10445534484336,I4-FP1,"(R+1) vs (L-92, L-44, L-3)"
PRKCB,-0.25172119318721,12.3135686323367,-0.690318904640488,0.498774291055314,0.745497087384799,-6.10871661971053,I4-FP1,"(R+1) vs (L-92, L-44, L-3)"
CCL15,-0.186118327861301,15.7105086553502,-0.690230835625093,0.498828362720367,0.745497087384799,-6.10877720986798,I4-FP1,"(R+1) vs (L-92, L-44, L-3)"
PON3,-0.122829774977978,11.1614196449448,-0.687730226899023,0.500365069192681,0.747161038176889,-6.11049453555795,I4-FP1,"(R+1) vs (L-92, L-44, L-3)"
IGHV3-9,0.108477794882595,16.2417518726562,0.686278358623747,0.50125853862726,0.747862485779471,-6.11148891554258,I4-FP1,"(R+1) vs (L-92, L-44, L-3)"
ACLY,-0.24733283021715,11.0024334820323,-0.685437218265474,0.501776589624101,0.748003108687955,-6.11206409888518,I4-FP1,"(R+1) vs (L-92, L-44, L-3)"
LSR,-0.18600015555145,13.5855729643719,-0.683991860528932,0.502667490477702,0.74869883602797,-6.11305089292609,I4-FP1,"(R+1) vs (L-92, L-44, L-3)"
CCL14,-0.114459661031443,19.5253585177628,-0.682961114942595,0.50330338327665,0.749013888265841,-6.11375341120515,I4-FP1,"(R+1) vs (L-92, L-44, L-3)"
C1QA,-0.0926464098788919,22.7752536360922,-0.68104613671366,0.504486004178985,0.750141362574481,-6.11505592308126,I4-FP1,"(R+1) vs (L-92, L-44, L-3)"
IGLV3-1,0.10340789178454,13.8521744640841,0.678543785869448,0.506033758175477,0.751809413450941,-6.11675272056253,I4-FP1,"(R+1) vs (L-92, L-44, L-3)"
IGLV3-19,0.101634726101199,17.6029921536013,0.677280810973717,0.506815961594779,0.751846752989597,-6.11760687014785,I4-FP1,"(R+1) vs (L-92, L-44, L-3)"
NCL,-0.240696410753487,12.7936939070517,-0.677127689218584,0.506910841958992,0.751846752989597,-6.11771032371949,I4-FP1,"(R+1) vs (L-92, L-44, L-3)"
DSP,0.261075741768193,13.1493851614967,0.672484572768077,0.509792706320646,0.755486252439916,-6.12083680476177,I4-FP1,"(R+1) vs (L-92, L-44, L-3)"
COLEC10,-0.109000967836248,15.9117621286242,-0.667878278658397,0.512660885651037,0.758745948146302,-6.12391830161741,I4-FP1,"(R+1) vs (L-92, L-44, L-3)"
TIMP2,-0.139458175641568,12.173213862608,-0.667571744590079,0.512852077132316,0.758745948146302,-6.12412265118231,I4-FP1,"(R+1) vs (L-92, L-44, L-3)"
HLA-A.2,-0.360400378573837,12.6825588530701,-0.664895579747261,0.514522965912708,0.760499037209068,-6.12590291702694,I4-FP1,"(R+1) vs (L-92, L-44, L-3)"
RTCB,0.176360758604145,12.4356561800036,0.663768456997465,0.515227613470797,0.760499037209068,-6.12665067852835,I4-FP1,"(R+1) vs (L-92, L-44, L-3)"
INPP5D,-0.15534414298871,13.558880449998,-0.663605301221588,0.515329659207958,0.760499037209068,-6.12675882021325,I4-FP1,"(R+1) vs (L-92, L-44, L-3)"
LAMP1,0.386358159808802,10.5968825929342,0.662200056786797,0.516209040076439,0.761160364022485,-6.12768918714613,I4-FP1,"(R+1) vs (L-92, L-44, L-3)"
CP,-0.178715853787398,17.5503325740794,-0.661296756442254,0.516774757331249,0.761358469690864,-6.12828624266851,I4-FP1,"(R+1) vs (L-92, L-44, L-3)"
LIMD2,0.177886341309525,9.38171857993871,0.660399403118368,0.517337094988201,0.76155126993676,-6.1288785997385,I4-FP1,"(R+1) vs (L-92, L-44, L-3)"
C4A,-0.0976971170965619,22.0132173853601,-0.65954183805716,0.517874819844703,0.761707547521585,-6.12944397683377,I4-FP1,"(R+1) vs (L-92, L-44, L-3)"
EMILIN1,0.172829206671645,11.968893712972,0.657347010120328,0.519252485319128,0.763097948866163,-6.13088780273966,I4-FP1,"(R+1) vs (L-92, L-44, L-3)"
GNAQ,0.234986553087416,13.8347557419239,0.656198954230846,0.519973922255184,0.763522439917138,-6.13164120477808,I4-FP1,"(R+1) vs (L-92, L-44, L-3)"
ADIRF,0.197182378968451,11.5013008479641,0.6548943079365,0.520794440724062,0.763687946316162,-6.13249584598845,I4-FP1,"(R+1) vs (L-92, L-44, L-3)"
ARAP1,0.306257368258867,11.1490423758734,0.654643909378385,0.520952004172611,0.763687946316162,-6.1326596905936,I4-FP1,"(R+1) vs (L-92, L-44, L-3)"
EEF1B2,0.227398545118139,10.9868044259385,0.652455013793834,0.522330501345295,0.76467106124794,-6.13408942138345,I4-FP1,"(R+1) vs (L-92, L-44, L-3)"
CSF1,-0.130890536839382,13.1757950971606,-0.652203349639493,0.522489121736553,0.76467106124794,-6.134253509663,I4-FP1,"(R+1) vs (L-92, L-44, L-3)"
EIF4G2,-0.24633901073982,11.047193337723,-0.648995087196362,0.524513595470168,0.766997925438979,-6.13634005278378,I4-FP1,"(R+1) vs (L-92, L-44, L-3)"
CD226,0.312394040645196,10.3758154057729,0.647496198423307,0.525460914640687,0.767601525126506,-6.13731151758316,I4-FP1,"(R+1) vs (L-92, L-44, L-3)"
SNED1,-0.109444190799752,12.0660971987658,-0.646205928576042,0.526277143594042,0.767601525126506,-6.13814605664878,I4-FP1,"(R+1) vs (L-92, L-44, L-3)"
IGKV3-7,0.106335177681437,18.1821409443911,0.645696122539225,0.526599842182682,0.767601525126506,-6.13847535882406,I4-FP1,"(R+1) vs (L-92, L-44, L-3)"
ATP5F1A,0.240978786681923,12.9042311838992,0.645591664952218,0.526665975596713,0.767601525126506,-6.13854280117279,I4-FP1,"(R+1) vs (L-92, L-44, L-3)"
HTRA1,-0.120622781592654,17.2519718215464,-0.643277975074701,0.528131980638256,0.769103090615943,-6.14003395197787,I4-FP1,"(R+1) vs (L-92, L-44, L-3)"
CLU,0.0973612678618849,22.2872164264815,0.641784680917974,0.529079361365126,0.769560512221292,-6.14099365418722,I4-FP1,"(R+1) vs (L-92, L-44, L-3)"
ARPC5,-0.13667123936127,13.956290372789,-0.641408592134012,0.529318108689319,0.769560512221292,-6.14123502146405,I4-FP1,"(R+1) vs (L-92, L-44, L-3)"
PPID,0.222883629776211,11.7916451220487,0.640365869971428,0.529980356585974,0.769889159978802,-6.1419035165275,I4-FP1,"(R+1) vs (L-92, L-44, L-3)"
ACTB,0.208734282305947,19.3198936833245,0.639555791937386,0.530495163935379,0.770003260152914,-6.14242214577137,I4-FP1,"(R+1) vs (L-92, L-44, L-3)"
MAN1A2,-0.334694173871835,13.1698392713408,-0.63717466158511,0.532009973750538,0.7710642748874,-6.14394296841907,I4-FP1,"(R+1) vs (L-92, L-44, L-3)"
CACYBP,0.140143038086053,12.8008106436717,0.637033456426774,0.532099879214081,0.7710642748874,-6.14403298575423,I4-FP1,"(R+1) vs (L-92, L-44, L-3)"
KRT18,-0.304960992473764,13.9038519000764,-0.63632985708625,0.532547986019857,0.771080382255869,-6.14448124166456,I4-FP1,"(R+1) vs (L-92, L-44, L-3)"
MPRIP,-0.0999202138951176,17.9487767798742,-0.635644396054431,0.532984740142866,0.771080382255869,-6.14491748699802,I4-FP1,"(R+1) vs (L-92, L-44, L-3)"
CLTC,0.180134033988542,13.2131248847352,0.633901175394068,0.534096350274085,0.77205573974919,-6.14602489529476,I4-FP1,"(R+1) vs (L-92, L-44, L-3)"
PON1,0.0907087370363264,17.7509805757311,0.629977025202304,0.536603327365514,0.775044904091761,-6.14850714204799,I4-FP1,"(R+1) vs (L-92, L-44, L-3)"
HPX,-0.0970629914153171,17.4001087700548,-0.62380537094958,0.540559098114674,0.780050411610493,-6.15238125165288,I4-FP1,"(R+1) vs (L-92, L-44, L-3)"
TPM4,0.253493502644611,15.5370065703944,0.623192465516855,0.540952806691922,0.780050411610493,-6.152763997496,I4-FP1,"(R+1) vs (L-92, L-44, L-3)"
CD93,0.171207801574666,10.8213342440596,0.621316683910676,0.542158707060667,0.78006124678002,-6.15393314494507,I4-FP1,"(R+1) vs (L-92, L-44, L-3)"
GPT,0.223849359004038,10.0104126539065,0.620849007279276,0.542459592892638,0.78006124678002,-6.15422411580912,I4-FP1,"(R+1) vs (L-92, L-44, L-3)"
ATL1,0.196535858606903,12.1311536609224,0.620538210068404,0.542659598254102,0.78006124678002,-6.1544173662175,I4-FP1,"(R+1) vs (L-92, L-44, L-3)"
YARS1,0.14656679643604,13.9162419938024,0.620431675572539,0.542728164898507,0.78006124678002,-6.15448358692618,I4-FP1,"(R+1) vs (L-92, L-44, L-3)"
YES1,-0.202060442540785,14.2576587999286,-0.619352434352404,0.543423039078324,0.780424462142589,-6.15515381831494,I4-FP1,"(R+1) vs (L-92, L-44, L-3)"
TNS1,-0.261102643808387,11.4003222205383,-0.615782592744737,0.545724915568988,0.783093069901841,-6.1573628061814,I4-FP1,"(R+1) vs (L-92, L-44, L-3)"
UTRN,-0.155252691586355,16.3526258108549,-0.614451899006274,0.546584303479388,0.783689111000098,-6.15818309986555,I4-FP1,"(R+1) vs (L-92, L-44, L-3)"
USP15,0.0973111798849899,14.2758294661482,0.613499515434979,0.547199817555873,0.78390257225592,-6.15876914425703,I4-FP1,"(R+1) vs (L-92, L-44, L-3)"
ABLIM1,-0.0945975773525553,17.2469389141866,-0.612847445584227,0.547621456992379,0.78390257225592,-6.15916988991703,I4-FP1,"(R+1) vs (L-92, L-44, L-3)"
ATP6V1A,-0.217990000095033,10.5691444605366,-0.611803189537016,0.548297053589281,0.784159185182374,-6.15981081283529,I4-FP1,"(R+1) vs (L-92, L-44, L-3)"
RPL29,0.18552486786336,13.8325945319758,0.611197236799508,0.548689288215429,0.784159185182374,-6.16018224241155,I4-FP1,"(R+1) vs (L-92, L-44, L-3)"
GDI2,-0.0954136047782654,12.2237315537115,-0.608702943954224,0.550305430877802,0.785832593446052,-6.16170744951468,I4-FP1,"(R+1) vs (L-92, L-44, L-3)"
STX11,0.222627990879658,11.6185382915352,0.607958094923713,0.550788538234309,0.785886637011767,-6.1621617496949,I4-FP1,"(R+1) vs (L-92, L-44, L-3)"
VPS35,-0.382497147627935,11.3180859087965,-0.604059549815517,0.553320813957841,0.788282577082701,-6.16453085831937,I4-FP1,"(R+1) vs (L-92, L-44, L-3)"
HNRNPK,0.119304109551855,14.3198893493519,0.603876114135238,0.553440115792781,0.788282577082701,-6.16464197037657,I4-FP1,"(R+1) vs (L-92, L-44, L-3)"
P4HB,-0.0931443701632677,11.6336695327468,-0.603311227181663,0.553807589565183,0.788282577082701,-6.16498393467397,I4-FP1,"(R+1) vs (L-92, L-44, L-3)"
GNLY,0.10312540804314,11.9397073266534,0.602411331313063,0.554393263038866,0.788480345901368,-6.16552806842539,I4-FP1,"(R+1) vs (L-92, L-44, L-3)"
STXBP2,0.130146159867361,13.1210368928575,0.600418798960991,0.555691218912063,0.789690017214003,-6.16673010591631,I4-FP1,"(R+1) vs (L-92, L-44, L-3)"
WDR44,-0.203955265355016,13.3834255630832,-0.59878382380356,0.556757459394847,0.790196725039332,-6.16771358475537,I4-FP1,"(R+1) vs (L-92, L-44, L-3)"
UBE2O,-0.342734121529096,12.8204597429903,-0.598499197407695,0.556943187506475,0.790196725039332,-6.16788453166853,I4-FP1,"(R+1) vs (L-92, L-44, L-3)"
RPL18,0.197487891134699,12.3323178556007,0.597531116401272,0.557575137325916,0.79045792560662,-6.16846537815852,I4-FP1,"(R+1) vs (L-92, L-44, L-3)"
BTK,0.183628185295409,13.4412123909053,0.595943371703733,0.558612414138172,0.791292865934087,-6.16941606701796,I4-FP1,"(R+1) vs (L-92, L-44, L-3)"
APOC1,-0.0832066450093407,20.1169795935894,-0.594774690799889,0.559376565199054,0.791739885786953,-6.17011428244175,I4-FP1,"(R+1) vs (L-92, L-44, L-3)"
GP5,0.183005747629845,11.8803190330657,0.590079851116419,0.56245185874058,0.793166519727981,-6.17290589352389,I4-FP1,"(R+1) vs (L-92, L-44, L-3)"
ACTN4,-0.259198704072192,12.0772031547073,-0.589522671223252,0.562817419412896,0.793166519727981,-6.17323578863218,I4-FP1,"(R+1) vs (L-92, L-44, L-3)"
RPL8,-0.200751540252369,12.1557779628381,-0.588987823783944,0.563168444944318,0.793166519727981,-6.17355217938567,I4-FP1,"(R+1) vs (L-92, L-44, L-3)"
PLP2,0.234265358815381,12.1293753048493,0.587908255819292,0.563877324619365,0.793166519727981,-6.17418996046688,I4-FP1,"(R+1) vs (L-92, L-44, L-3)"
FLOT2,-0.131799265673913,11.1704262931241,-0.587857048018797,0.563910960920087,0.793166519727981,-6.17422018478253,I4-FP1,"(R+1) vs (L-92, L-44, L-3)"
SFTPD,0.115021330854208,18.3932019697317,0.587667423115125,0.564035526860673,0.793166519727981,-6.17433208481306,I4-FP1,"(R+1) vs (L-92, L-44, L-3)"
HNRNPM,0.221665072198868,12.3267743237078,0.586763104852732,0.564629777633036,0.793166519727981,-6.17486525691972,I4-FP1,"(R+1) vs (L-92, L-44, L-3)"
SEMA3F,-0.134125963057645,10.6695600910168,-0.586233304747357,0.564978074661396,0.793166519727981,-6.17517725217518,I4-FP1,"(R+1) vs (L-92, L-44, L-3)"
CFHR5,-0.0795774788072556,21.0151357251672,-0.586085997775194,0.565074935967093,0.793166519727981,-6.17526395198519,I4-FP1,"(R+1) vs (L-92, L-44, L-3)"
APEX1,-0.185401770745716,12.4604193142882,-0.584399027109701,0.566184816250709,0.793166519727981,-6.17625535090646,I4-FP1,"(R+1) vs (L-92, L-44, L-3)"
SEC22B,0.224540680333063,11.7301054301029,0.584107477193278,0.566376745768533,0.793166519727981,-6.17642641043541,I4-FP1,"(R+1) vs (L-92, L-44, L-3)"
HSD17B10,-0.507258046290955,11.245837596354,-0.583871980941214,0.56653179945503,0.793166519727981,-6.17656452195764,I4-FP1,"(R+1) vs (L-92, L-44, L-3)"
CST2,-0.117636989326094,13.6229547888097,-0.583778930410788,0.566593071179106,0.793166519727981,-6.17661907855195,I4-FP1,"(R+1) vs (L-92, L-44, L-3)"
SCGB3A1,0.10314425754721,13.626975494053,0.583653135057505,0.566675910128603,0.793166519727981,-6.17669282051618,I4-FP1,"(R+1) vs (L-92, L-44, L-3)"
MICAL1,-0.184263165556526,10.8073798494872,-0.58145706288805,0.568123085279066,0.794179576576724,-6.1779777077546,I4-FP1,"(R+1) vs (L-92, L-44, L-3)"
KLC1,0.232569035519022,11.2116403143822,0.580736732246281,0.568598188686042,0.794179576576724,-6.17839814692071,I4-FP1,"(R+1) vs (L-92, L-44, L-3)"
ADGRG6,0.323649169573633,12.2365287757009,0.580507285594152,0.568749566454945,0.794179576576724,-6.17853196394518,I4-FP1,"(R+1) vs (L-92, L-44, L-3)"
IGHV1-2,-0.0894584152837865,15.6050417870634,-0.574520929091348,0.572706441954201,0.799072624544795,-6.1820053153292,I4-FP1,"(R+1) vs (L-92, L-44, L-3)"
ARHGAP1,0.343992442695723,11.5375609483782,0.573214463887607,0.573571873821613,0.79964799154435,-6.1827587326282,I4-FP1,"(R+1) vs (L-92, L-44, L-3)"
KRT10,0.340358557827119,15.2293048808122,0.569826699931481,0.575819133081625,0.800280173508911,-6.18470470371364,I4-FP1,"(R+1) vs (L-92, L-44, L-3)"
GDF15,-0.115275783843088,12.6068938385802,-0.569247259523082,0.576203953826993,0.800280173508911,-6.18503642799193,I4-FP1,"(R+1) vs (L-92, L-44, L-3)"
POSTN.1,0.104201937433529,10.6062498421997,0.569028934045882,0.576348983335475,0.800280173508911,-6.18516133295368,I4-FP1,"(R+1) vs (L-92, L-44, L-3)"
MYH9,0.159322697314202,18.6590131486815,0.568191525043818,0.576905431596397,0.800280173508911,-6.18563999008388,I4-FP1,"(R+1) vs (L-92, L-44, L-3)"
SRI,0.137175421900005,12.6161313271148,0.567967304700299,0.577054469946237,0.800280173508911,-6.18576803755464,I4-FP1,"(R+1) vs (L-92, L-44, L-3)"
EEF1D,0.116108609062759,11.470924546828,0.567944423363284,0.577069680184604,0.800280173508911,-6.18578110186061,I4-FP1,"(R+1) vs (L-92, L-44, L-3)"
NAP1L1,0.156999158295331,14.5866532361752,0.567749532186832,0.577199241289997,0.800280173508911,-6.18589235617599,I4-FP1,"(R+1) vs (L-92, L-44, L-3)"
HNRNPH1,-0.156388288693174,12.6241128150937,-0.564556108948706,0.57932430234561,0.802596070361068,-6.18771008988937,I4-FP1,"(R+1) vs (L-92, L-44, L-3)"
RPS20,0.157751460958506,11.9887287629505,0.563213436272658,0.580218971263373,0.803205085709689,-6.18847140265177,I4-FP1,"(R+1) vs (L-92, L-44, L-3)"
NEO1,-0.0938484535469292,17.3227326468079,-0.5609619881158,0.581720763428604,0.804161014836801,-6.18974407882831,I4-FP1,"(R+1) vs (L-92, L-44, L-3)"
EIF2B1,0.0923008925625588,17.3617103096445,0.560812202247215,0.581820745578807,0.804161014836801,-6.18982857383493,I4-FP1,"(R+1) vs (L-92, L-44, L-3)"
DEFA5,0.161463223058685,11.9110383863398,0.560068410023022,0.582317356320743,0.804217632164406,-6.19024782854904,I4-FP1,"(R+1) vs (L-92, L-44, L-3)"
RPS11,-0.254908066781817,11.3992718509869,-0.557959748825869,0.583726420892304,0.80487421838924,-6.19143350281931,I4-FP1,"(R+1) vs (L-92, L-44, L-3)"
AFP,-0.102341394919115,20.0438969387584,-0.557545028779904,0.58400375073098,0.80487421838924,-6.19166618690128,I4-FP1,"(R+1) vs (L-92, L-44, L-3)"
HPN,-0.099296949042003,16.3938387989867,-0.55731016854445,0.584160834989584,0.80487421838924,-6.19179788423857,I4-FP1,"(R+1) vs (L-92, L-44, L-3)"
UBA7,-0.259177583428789,10.1982958142588,-0.556410690251425,0.584762640612928,0.804948729461046,-6.19230176929504,I4-FP1,"(R+1) vs (L-92, L-44, L-3)"
PPP1R12A,-0.151724676423091,11.5335336659564,-0.55586627888473,0.585127036769701,0.804948729461046,-6.19260636526631,I4-FP1,"(R+1) vs (L-92, L-44, L-3)"
TPM3,-0.140007267417749,12.8724021927962,-0.55427519994513,0.586192664828978,0.805369876453678,-6.19349491755483,I4-FP1,"(R+1) vs (L-92, L-44, L-3)"
PCBP2,0.134313757402908,14.2304473048279,0.55404671369645,0.586345774075341,0.805369876453678,-6.19362231582599,I4-FP1,"(R+1) vs (L-92, L-44, L-3)"
ADAM23,0.164553350918717,14.3385141681685,0.552561394787384,0.5873415804199,0.80564954010834,-6.19444925625685,I4-FP1,"(R+1) vs (L-92, L-44, L-3)"
IGHV2-70D,0.0860225537198076,17.7758812188199,0.552349894722023,0.587483446030101,0.80564954010834,-6.1945668330114,I4-FP1,"(R+1) vs (L-92, L-44, L-3)"
CFD,-0.0893393002539078,19.6984828972513,-0.551701070886224,0.58791875788076,0.80564954010834,-6.19492725481031,I4-FP1,"(R+1) vs (L-92, L-44, L-3)"
CD37,0.120356066239207,13.5115070540215,0.54972836783606,0.589243285871784,0.806285416357413,-6.19602057847394,I4-FP1,"(R+1) vs (L-92, L-44, L-3)"
IGHV4-39,0.0811949566653496,17.9598149154741,0.549649273296991,0.589296423286721,0.806285416357413,-6.19606433585289,I4-FP1,"(R+1) vs (L-92, L-44, L-3)"
MFGE8,-0.1888368397128,10.4190809337752,-0.548751677523817,0.589899615427185,0.806485531548399,-6.19656048549185,I4-FP1,"(R+1) vs (L-92, L-44, L-3)"
HLA-DRA,-0.125497296787278,9.39499402878891,-0.546982986581238,0.591089093622545,0.807486261798601,-6.19753584334153,I4-FP1,"(R+1) vs (L-92, L-44, L-3)"
NT5C3A,0.193672987807049,15.1924770185843,0.545253421193663,0.592253415089924,0.807528141933016,-6.19848668221937,I4-FP1,"(R+1) vs (L-92, L-44, L-3)"
RPS5,0.189922685309975,12.0764687820212,0.544924750206441,0.592474801271808,0.807528141933016,-6.19866704193966,I4-FP1,"(R+1) vs (L-92, L-44, L-3)"
GAK,0.453464285543379,16.1066002609512,0.544285827147934,0.592905284825699,0.807528141933016,-6.19901735309751,I4-FP1,"(R+1) vs (L-92, L-44, L-3)"
HNRNPA2B1,0.179832944199061,14.6677149944706,0.542848384318561,0.593874350680274,0.807528141933016,-6.19980402718884,I4-FP1,"(R+1) vs (L-92, L-44, L-3)"
RPS16,-0.148926164707793,13.9681997290306,-0.542264807280398,0.594267999011361,0.807528141933016,-6.20012282925259,I4-FP1,"(R+1) vs (L-92, L-44, L-3)"
MAN1C1,0.107983370160873,16.7574265577133,0.54218459799452,0.594322113811731,0.807528141933016,-6.20016662083256,I4-FP1,"(R+1) vs (L-92, L-44, L-3)"
IGKV3-11,-0.0989994751039056,17.499988600633,-0.542098879929994,0.594379947921414,0.807528141933016,-6.20021341309679,I4-FP1,"(R+1) vs (L-92, L-44, L-3)"
LFNG,-0.0967367711717717,14.5966944044847,-0.541355791812801,0.594881427551117,0.807528141933016,-6.20061875442007,I4-FP1,"(R+1) vs (L-92, L-44, L-3)"
MAPRE2,0.150289241802328,15.9777945134237,0.540193584537329,0.595666173572595,0.807528141933016,-6.20125163957855,I4-FP1,"(R+1) vs (L-92, L-44, L-3)"
GPLD1,-0.115972680877208,10.7065208012918,-0.539950614374156,0.595830296690215,0.807528141933016,-6.20138378380322,I4-FP1,"(R+1) vs (L-92, L-44, L-3)"
PACS1,0.228577309916389,11.7421085615945,0.539473710941179,0.596152503648,0.807528141933016,-6.2016429901521,I4-FP1,"(R+1) vs (L-92, L-44, L-3)"
LAG3,0.223148769718571,11.3525996444479,0.53836617015386,0.596901115867767,0.807922139192185,-6.20224410548416,I4-FP1,"(R+1) vs (L-92, L-44, L-3)"
CON_sp|CRP_HUMAN|,-0.182934530655213,17.8963978034266,-0.534093727816012,0.599793297388848,0.811059537807287,-6.20455176412393,I4-FP1,"(R+1) vs (L-92, L-44, L-3)"
RYR2,-0.100671824541301,19.7181599091463,-0.533585040472882,0.600138105595647,0.811059537807287,-6.20482533405848,I4-FP1,"(R+1) vs (L-92, L-44, L-3)"
GALNT1,-0.0957156392357312,14.9129861426154,-0.531728829423098,0.601397142624263,0.811597157548676,-6.20582145603608,I4-FP1,"(R+1) vs (L-92, L-44, L-3)"
GADD45A,-0.24769939234655,14.4246815049126,-0.53036401099626,0.602323700591032,0.811597157548676,-6.2065517316002,I4-FP1,"(R+1) vs (L-92, L-44, L-3)"
QSOX1,-0.084753043727769,17.7324080397661,-0.530308631611424,0.60236131168296,0.811597157548676,-6.20658132516707,I4-FP1,"(R+1) vs (L-92, L-44, L-3)"
ANGPTL4,-0.121683647016116,12.1811732895188,-0.530288142214019,0.602375227415731,0.811597157548676,-6.20659227350739,I4-FP1,"(R+1) vs (L-92, L-44, L-3)"
ARPC2,0.167128379393231,13.6609149098353,0.529170589671097,0.603134470676372,0.812000259911364,-6.20718880793487,I4-FP1,"(R+1) vs (L-92, L-44, L-3)"
IL1RAP,0.211863595969033,10.5728743096436,0.527834465300459,0.604042819931974,0.812603336265194,-6.20790041320702,I4-FP1,"(R+1) vs (L-92, L-44, L-3)"
B3GALNT1,-0.106036573953829,16.7027507715834,-0.525998851670229,0.605291827273478,0.813246302088873,-6.20887519915266,I4-FP1,"(R+1) vs (L-92, L-44, L-3)"
SLC39A10,-0.132544309306833,13.674211935045,-0.52546854181169,0.605652899867115,0.813246302088873,-6.20915620282307,I4-FP1,"(R+1) vs (L-92, L-44, L-3)"
PLXDC2,-0.0907994401750915,14.7485018660594,-0.52503996324179,0.605944783012295,0.813246302088873,-6.20938309985268,I4-FP1,"(R+1) vs (L-92, L-44, L-3)"
TPP1,-0.136228016116255,11.7246776373242,-0.524424864308287,0.606363815041902,0.813246302088873,-6.20970843053638,I4-FP1,"(R+1) vs (L-92, L-44, L-3)"
IGHV2-26,0.109454264419776,13.7956257757738,0.522429990194729,0.607723776099289,0.814451377991833,-6.21076099210552,I4-FP1,"(R+1) vs (L-92, L-44, L-3)"
PAM,0.0808170157629408,14.1569652101013,0.52157095273129,0.60830986015589,0.814478770003196,-6.21121305096772,I4-FP1,"(R+1) vs (L-92, L-44, L-3)"
IGHA1,-0.0787202881951323,19.9655942845828,-0.520680193997671,0.608917874660545,0.814478770003196,-6.21168104115956,I4-FP1,"(R+1) vs (L-92, L-44, L-3)"
APOA5,0.139382521242907,18.5095330373273,0.520177647234387,0.609261032691783,0.814478770003196,-6.21194472887867,I4-FP1,"(R+1) vs (L-92, L-44, L-3)"
RPL6,-0.182834942594622,11.6406272468921,-0.519695923429011,0.609590059588794,0.814478770003196,-6.21219725898352,I4-FP1,"(R+1) vs (L-92, L-44, L-3)"
MAP2K1,0.135585945043228,10.7687566437695,0.513865201590865,0.613579335454436,0.818637041547429,-6.21523585331451,I4-FP1,"(R+1) vs (L-92, L-44, L-3)"
CCT8,-0.238876953973846,16.6361110658909,-0.513791386579457,0.613629918395042,0.818637041547429,-6.21527410772136,I4-FP1,"(R+1) vs (L-92, L-44, L-3)"
ADAM10,-0.105678873033223,11.7082174393303,-0.510171460263914,0.61611297652944,0.821328854663491,-6.21714357949372,I4-FP1,"(R+1) vs (L-92, L-44, L-3)"
IGHV3-33,-0.090771288938992,17.9642903400638,-0.508874262681692,0.617003941850535,0.821895816880147,-6.21781038046323,I4-FP1,"(R+1) vs (L-92, L-44, L-3)"
H1-3,-0.124612116341598,19.0998904277921,-0.507816701277709,0.617730768820932,0.822243444169642,-6.21835278119821,I4-FP1,"(R+1) vs (L-92, L-44, L-3)"
PRDX3,-0.15957164774263,11.5480040918291,-0.505920717860532,0.619034832199408,0.822940391047033,-6.21932244761046,I4-FP1,"(R+1) vs (L-92, L-44, L-3)"
PNP,0.262384151863777,12.9603378029311,0.505699781382595,0.619186877796295,0.822940391047033,-6.21943521242465,I4-FP1,"(R+1) vs (L-92, L-44, L-3)"
CON_sp|CASK_BOVIN|,0.136899436690933,10.4371181103288,0.503339047983131,0.620812606265834,0.823792364400716,-6.22063713150656,I4-FP1,"(R+1) vs (L-92, L-44, L-3)"
ST6GAL1,0.0783652418775098,15.9846875370823,0.502702115069498,0.62125157755555,0.823792364400716,-6.22096047698813,I4-FP1,"(R+1) vs (L-92, L-44, L-3)"
IGLV3-25,0.0669609906777637,16.051004406859,0.502102746172039,0.62166479352377,0.823792364400716,-6.22126438942901,I4-FP1,"(R+1) vs (L-92, L-44, L-3)"
TIA1,0.14198728458648,10.3682810396319,0.501433468647568,0.622126358769834,0.823792364400716,-6.22160333300791,I4-FP1,"(R+1) vs (L-92, L-44, L-3)"
RPS14,-0.159694596273137,12.7318584716529,-0.501382379719856,0.622161598723034,0.823792364400716,-6.2216291880312,I4-FP1,"(R+1) vs (L-92, L-44, L-3)"
CRYZ,-0.218728955741857,11.7762345768582,-0.499790008752885,0.623260449858692,0.824628706147369,-6.22243376979873,I4-FP1,"(R+1) vs (L-92, L-44, L-3)"
EIF4G3,0.208629887975247,12.5627362842603,0.497866024066403,0.624589353247511,0.825767946428357,-6.22340258841135,I4-FP1,"(R+1) vs (L-92, L-44, L-3)"
IGKV6-21,0.102038899697184,12.9649854299855,0.494410388552203,0.626979500504833,0.827911076816755,-6.22513354438499,I4-FP1,"(R+1) vs (L-92, L-44, L-3)"
SSC5D,-0.136680673762928,14.9236356879104,-0.494166279016752,0.627148504081587,0.827911076816755,-6.22525537751611,I4-FP1,"(R+1) vs (L-92, L-44, L-3)"
PTPRC,-0.0664666454216131,12.7195656883006,-0.489740140714342,0.630216513187313,0.831339421356956,-6.22745427657093,I4-FP1,"(R+1) vs (L-92, L-44, L-3)"
DCXR,0.125293435139898,10.7489842366394,0.487587453427288,0.631711172948078,0.832688738053291,-6.22851677090925,I4-FP1,"(R+1) vs (L-92, L-44, L-3)"
MST1L,0.190189779147372,13.2163862425978,0.485404063688056,0.633228820351451,0.833816526407465,-6.22958976557385,I4-FP1,"(R+1) vs (L-92, L-44, L-3)"
CETP,0.0812844709085673,18.2446469903538,0.484997514314551,0.633511593151507,0.833816526407465,-6.229789040589,I4-FP1,"(R+1) vs (L-92, L-44, L-3)"
DIAPH1.1,0.196584820764885,10.4641044651718,0.481510928620843,0.635939047160229,0.835930360344978,-6.23149135633341,I4-FP1,"(R+1) vs (L-92, L-44, L-3)"
ABI1,0.20954775813168,12.1513848231408,0.481330391635924,0.636064857758246,0.835930360344978,-6.23157917733494,I4-FP1,"(R+1) vs (L-92, L-44, L-3)"
ANXA2.1,-0.101080778295091,11.9125168075668,-0.480074498533418,0.636940365628769,0.836458143850281,-6.23218921041477,I4-FP1,"(R+1) vs (L-92, L-44, L-3)"
GPI,0.137104228497522,11.741465515682,0.476647428077798,0.639332240431493,0.838975021830175,-6.23384596449377,I4-FP1,"(R+1) vs (L-92, L-44, L-3)"
CAPZA2,0.096961740759415,10.93341345768,0.474511704653689,0.64082490087856,0.839666520466215,-6.23487259100829,I4-FP1,"(R+1) vs (L-92, L-44, L-3)"
DMKN,0.121890867350314,13.2770663877109,0.473922929832568,0.641236674162253,0.839666520466215,-6.23515482064693,I4-FP1,"(R+1) vs (L-92, L-44, L-3)"
PRG4.1,-0.0879823656571971,21.4197590833539,-0.472478498872313,0.64224737755062,0.839666520466215,-6.23584576286934,I4-FP1,"(R+1) vs (L-92, L-44, L-3)"
CD99,-0.10011662637992,12.7430582850274,-0.472394918701704,0.642305882655725,0.839666520466215,-6.23588568044373,I4-FP1,"(R+1) vs (L-92, L-44, L-3)"
SPP2,-0.128456294741351,19.5259549864297,-0.472214109108427,0.642432455416194,0.839666520466215,-6.23597201086854,I4-FP1,"(R+1) vs (L-92, L-44, L-3)"
PRKACB,0.105558133658846,14.2626224785606,0.470949174796129,0.643318266678001,0.839666520466215,-6.23657507274349,I4-FP1,"(R+1) vs (L-92, L-44, L-3)"
IL6ST,0.69643626098181,15.5102517614181,0.470021609277022,0.643968174309958,0.839666520466215,-6.2370162905621,I4-FP1,"(R+1) vs (L-92, L-44, L-3)"
PEPCAL_16|PEPCAL_16|,-0.0751679144260428,20.5473278934383,-0.469426718538432,0.644385145738053,0.839666520466215,-6.23729881755234,I4-FP1,"(R+1) vs (L-92, L-44, L-3)"
DCD,0.135840401962957,14.5788395082999,0.46865659884013,0.644925119159912,0.839666520466215,-6.23766404648257,I4-FP1,"(R+1) vs (L-92, L-44, L-3)"
ASPRV1,0.0946385221242209,10.846078040264,0.468467000539497,0.645058088180692,0.839666520466215,-6.23775387368278,I4-FP1,"(R+1) vs (L-92, L-44, L-3)"
CNTN4,-0.196890286403965,12.1272848136827,-0.468418308359116,0.645092238953081,0.839666520466215,-6.23777693716789,I4-FP1,"(R+1) vs (L-92, L-44, L-3)"
PEA15,0.152703934759619,10.1103607381745,0.46743015716379,0.645785464581689,0.839949406769846,-6.23824447859513,I4-FP1,"(R+1) vs (L-92, L-44, L-3)"
BANF1,0.0742247490716501,12.3436876647112,0.463319635774176,0.648672729780166,0.842626311012824,-6.24017902523712,I4-FP1,"(R+1) vs (L-92, L-44, L-3)"
IGHV5-51,0.0670105616877165,17.452693249583,0.46314092386428,0.648798389046135,0.842626311012824,-6.24026275476847,I4-FP1,"(R+1) vs (L-92, L-44, L-3)"
MYH11,-0.146572039896478,13.2089915232854,-0.459940813399662,0.651050344021042,0.844680551231254,-6.24175672371001,I4-FP1,"(R+1) vs (L-92, L-44, L-3)"
PRG3,0.201886810371574,10.609429472306,0.459533475731051,0.651337240921097,0.844680551231254,-6.24194616357527,I4-FP1,"(R+1) vs (L-92, L-44, L-3)"
IVD,-0.128017221600853,14.5640942844395,-0.458421477402447,0.652120730997364,0.845075690315968,-6.24246248460062,I4-FP1,"(R+1) vs (L-92, L-44, L-3)"
RPS3A,-0.134017940086065,13.860648972802,-0.455400355183646,0.654251450777442,0.847214828042689,-6.24385907953154,I4-FP1,"(R+1) vs (L-92, L-44, L-3)"
MYL6,0.116304121771406,17.9301435758589,0.453867015612567,0.655334047719061,0.847994570545559,-6.24456445685951,I4-FP1,"(R+1) vs (L-92, L-44, L-3)"
ATP11B,-0.170353868618587,9.88318633125428,-0.451821982173932,0.656779143874507,0.849241896658245,-6.24550161057898,I4-FP1,"(R+1) vs (L-92, L-44, L-3)"
RHOA,0.11264038389971,15.9858327634272,0.450069388327527,0.658018700947843,0.850221820770822,-6.24630146124531,I4-FP1,"(R+1) vs (L-92, L-44, L-3)"
IGKV1-17,-0.0811946340927249,17.0224248328122,-0.44908864831282,0.658712794628366,0.850496036956156,-6.24674772693953,I4-FP1,"(R+1) vs (L-92, L-44, L-3)"
PLTP,-0.0772112655520089,16.828134898743,-0.447580469392103,0.659780792287633,0.850822672377933,-6.24743213645682,I4-FP1,"(R+1) vs (L-92, L-44, L-3)"
BPIFB1,-0.100348217931916,16.0507349062335,-0.446041341633211,0.660871482072069,0.850822672377933,-6.2481282704284,I4-FP1,"(R+1) vs (L-92, L-44, L-3)"
RPL35,0.12578803906651,12.8142910030902,0.445730598542257,0.661091782454753,0.850822672377933,-6.24826853239959,I4-FP1,"(R+1) vs (L-92, L-44, L-3)"
RPS15A,0.121985671635661,14.023291639395,0.445056533335177,0.661569768436838,0.850822672377933,-6.24857246078091,I4-FP1,"(R+1) vs (L-92, L-44, L-3)"
CCL23,-0.130361852598181,11.1199727150967,-0.444046713141951,0.66228612154103,0.850822672377933,-6.24902693581008,I4-FP1,"(R+1) vs (L-92, L-44, L-3)"
SERPINA11,0.0871394989054383,12.7935318771541,0.444011777030697,0.66231091076324,0.850822672377933,-6.24904264093153,I4-FP1,"(R+1) vs (L-92, L-44, L-3)"
LARS1,-0.119986311339275,16.5805547361789,-0.443949339384143,0.662355214939354,0.850822672377933,-6.24907070603838,I4-FP1,"(R+1) vs (L-92, L-44, L-3)"
RPS8,0.160953209848321,12.5736201365669,0.443291336342724,0.662822195195273,0.850822672377933,-6.24936623728696,I4-FP1,"(R+1) vs (L-92, L-44, L-3)"
CCT3,0.184367741377727,12.9749833888354,0.439562177698682,0.665471435988914,0.853602532354966,-6.25103302809758,I4-FP1,"(R+1) vs (L-92, L-44, L-3)"
DRG1,0.148150974847714,10.2222114710955,0.438030500654071,0.666560875042256,0.854379044625694,-6.25171363858137,I4-FP1,"(R+1) vs (L-92, L-44, L-3)"
ALDOB,0.138924500374265,11.5704978986317,0.434689618238265,0.668939797584104,0.856806054235083,-6.2531901161696,I4-FP1,"(R+1) vs (L-92, L-44, L-3)"
RTN4.1,-0.247640962088038,10.5249156741627,-0.431873960358162,0.670947531648907,0.858754454938594,-6.2544258834228,I4-FP1,"(R+1) vs (L-92, L-44, L-3)"
MYL1,0.113006188705387,16.5688713703131,0.429610346592454,0.67256347603063,0.858824194717655,-6.25541366270667,I4-FP1,"(R+1) vs (L-92, L-44, L-3)"
COL6A3.1,0.0827324819636672,17.1306592675634,0.429513015802619,0.6726329952343,0.858824194717655,-6.25545602124267,I4-FP1,"(R+1) vs (L-92, L-44, L-3)"
NDUFA10,0.203043673052754,12.5176972466034,0.429135732383811,0.672902501270274,0.858824194717655,-6.25562012685158,I4-FP1,"(R+1) vs (L-92, L-44, L-3)"
RPL14,0.14066343661932,11.4968709865515,0.428878921212181,0.673085976072036,0.858824194717655,-6.25573175030631,I4-FP1,"(R+1) vs (L-92, L-44, L-3)"
GRB2,0.197771690970224,11.5474139950543,0.428247756046787,0.67353699203292,0.858824194717655,-6.25600580939986,I4-FP1,"(R+1) vs (L-92, L-44, L-3)"
AGRN,0.0950793591345924,10.9150080088052,0.427233114308474,0.674262298368087,0.858824194717655,-6.25644554993002,I4-FP1,"(R+1) vs (L-92, L-44, L-3)"
ROCK2,0.106469156324054,13.1857241566985,0.426408862191188,0.674851748529103,0.858824194717655,-6.25680202452662,I4-FP1,"(R+1) vs (L-92, L-44, L-3)"
DIAPH1,-0.0996532035183506,13.0764170514739,-0.426344174127642,0.674898018286366,0.858824194717655,-6.25682997244634,I4-FP1,"(R+1) vs (L-92, L-44, L-3)"
MOB3A,-0.0833639973176474,16.2224240862391,-0.425668636582804,0.675381293069748,0.858824194717655,-6.25712158446342,I4-FP1,"(R+1) vs (L-92, L-44, L-3)"
EPX,-0.138736404982825,10.5233903600128,-0.4189815900693,0.680172963823863,0.864294658854656,-6.25998376763087,I4-FP1,"(R+1) vs (L-92, L-44, L-3)"
MASP1.1,0.0892746304522678,14.9159695733537,0.417156420487259,0.681483256307016,0.865336652792722,-6.2607572588955,I4-FP1,"(R+1) vs (L-92, L-44, L-3)"
RNASE6,0.058752618591729,14.1050508728594,0.416254693171293,0.682130993210155,0.865536450766301,-6.26113818145562,I4-FP1,"(R+1) vs (L-92, L-44, L-3)"
AGPS,-0.138276077624995,12.9352477818943,-0.414983085824756,0.683044857573637,0.866073400587262,-6.2616739814231,I4-FP1,"(R+1) vs (L-92, L-44, L-3)"
FGL2,0.11642854240895,12.2268300523518,0.414005763793347,0.683747571097732,0.866342040909905,-6.26208468991355,I4-FP1,"(R+1) vs (L-92, L-44, L-3)"
MIA3,-0.332022112271397,16.5440909737573,-0.412888942706405,0.684550951127581,0.866571689129335,-6.26255285864441,I4-FP1,"(R+1) vs (L-92, L-44, L-3)"
RPS23,-0.159354507124845,12.2189537555431,-0.412215123443138,0.685035847303063,0.866571689129335,-6.26283472218299,I4-FP1,"(R+1) vs (L-92, L-44, L-3)"
MPIG6B,-0.17284440362369,14.5661745711642,-0.411706797339984,0.685401743923259,0.866571689129335,-6.26304705992138,I4-FP1,"(R+1) vs (L-92, L-44, L-3)"
ST6GALNAC1,0.132819694294799,12.7824202548273,0.408995659157724,0.687354590292976,0.868418648437439,-6.26417521438685,I4-FP1,"(R+1) vs (L-92, L-44, L-3)"
PLAT,-0.0854788623414855,11.9531700860382,-0.39997368142753,0.693869412770681,0.876006102105045,-6.26787675013785,I4-FP1,"(R+1) vs (L-92, L-44, L-3)"
PSMA1,0.182409580144904,11.1931379101166,0.399305754159642,0.69435271209346,0.876006102105045,-6.26814756478295,I4-FP1,"(R+1) vs (L-92, L-44, L-3)"
RPL30,0.127932518780548,12.2990135456666,0.396588326213867,0.696320379277043,0.876361747051015,-6.26924477734965,I4-FP1,"(R+1) vs (L-92, L-44, L-3)"
SUMO2,-0.138291003344644,11.0581505760641,-0.396277667496168,0.696545466328465,0.876361747051015,-6.26936974292528,I4-FP1,"(R+1) vs (L-92, L-44, L-3)"
CPN2,0.0665943752755637,15.4473469293589,0.395859580659934,0.696848435937906,0.876361747051015,-6.26953777070223,I4-FP1,"(R+1) vs (L-92, L-44, L-3)"
PSMB1,0.168088008622515,10.6587758172616,0.395760032653709,0.696920581846638,0.876361747051015,-6.26957775305087,I4-FP1,"(R+1) vs (L-92, L-44, L-3)"
PSMA6,-0.0876594798734373,17.1705505457608,-0.395488729556131,0.697117219750495,0.876361747051015,-6.26968666877702,I4-FP1,"(R+1) vs (L-92, L-44, L-3)"
CYTL1,-0.105399333341427,10.3834024714837,-0.394526046148869,0.697815141597336,0.876614750832241,-6.27007254985016,I4-FP1,"(R+1) vs (L-92, L-44, L-3)"
LRBA,-0.0755647624060849,17.6649757886627,-0.39236949050594,0.699379597505866,0.877955184635743,-6.27093362830566,I4-FP1,"(R+1) vs (L-92, L-44, L-3)"
ACAN,-0.0724886621997278,16.1594858342641,-0.391571148205409,0.699959100321803,0.878058146459121,-6.27125121758579,I4-FP1,"(R+1) vs (L-92, L-44, L-3)"
ABCC4,-0.0703959415843265,16.6830804961039,-0.38841137584403,0.702254581537462,0.879783663357148,-6.27250197233686,I4-FP1,"(R+1) vs (L-92, L-44, L-3)"
ARPC1B,-0.074115719503931,14.8700699815643,-0.387691010518355,0.70277831937571,0.879783663357148,-6.27278572534286,I4-FP1,"(R+1) vs (L-92, L-44, L-3)"
PRELP,-0.10825481531868,11.6672179245008,-0.387619926851433,0.70283000868758,0.879783663357148,-6.27281369724077,I4-FP1,"(R+1) vs (L-92, L-44, L-3)"
SAMHD1,-0.152710454524656,12.6336680317636,-0.383821940498137,0.705593920367058,0.880907574809893,-6.27430089764624,I4-FP1,"(R+1) vs (L-92, L-44, L-3)"
CASP6,0.128803047296734,10.1861841489503,0.383622333737432,0.705739297410359,0.880907574809893,-6.27437866062418,I4-FP1,"(R+1) vs (L-92, L-44, L-3)"
NECTIN3,-0.0579325551621217,15.6829660260848,-0.38337260871491,0.705921192857603,0.880907574809893,-6.27447589270616,I4-FP1,"(R+1) vs (L-92, L-44, L-3)"
GLTPD2,-0.0909734973498395,12.5134881849371,-0.382312247957727,0.706693744487684,0.880907574809893,-6.27488805766218,I4-FP1,"(R+1) vs (L-92, L-44, L-3)"
IGHG3,-0.0542624383908858,23.219953915701,-0.381938123281012,0.7069664004303,0.880907574809893,-6.27503321295207,I4-FP1,"(R+1) vs (L-92, L-44, L-3)"
ACP5,0.0757485169020562,13.4550073754409,0.381673931491936,0.707158963658876,0.880907574809893,-6.2751356315771,I4-FP1,"(R+1) vs (L-92, L-44, L-3)"
HARS1,0.12252504261222,12.5951292474559,0.380835458028903,0.707770241986624,0.880907574809893,-6.27546021901467,I4-FP1,"(R+1) vs (L-92, L-44, L-3)"
PROS1,0.065143496911773,20.7902441836275,0.380401968328398,0.708086352272201,0.880907574809893,-6.27562775496816,I4-FP1,"(R+1) vs (L-92, L-44, L-3)"
AFM,-0.0569412578571455,13.3980964846061,-0.379666721129557,0.708622635576361,0.880907574809893,-6.27591148561909,I4-FP1,"(R+1) vs (L-92, L-44, L-3)"
PPIB,0.0537497238634472,18.4596318273612,0.379534844287303,0.708718842056684,0.880907574809893,-6.27596231955878,I4-FP1,"(R+1) vs (L-92, L-44, L-3)"
SVEP1,-0.0910681613264525,11.991750812923,-0.378640572776316,0.709371361827083,0.881098137666997,-6.27630657181564,I4-FP1,"(R+1) vs (L-92, L-44, L-3)"
VEGFD,-0.0845421577030816,10.9227870789718,-0.377234743812806,0.710397615445209,0.881617525440576,-6.27684613430924,I4-FP1,"(R+1) vs (L-92, L-44, L-3)"
ARPC3,0.0745722049635624,12.8427352346316,0.376699462034737,0.710788520511014,0.881617525440576,-6.27705105840982,I4-FP1,"(R+1) vs (L-92, L-44, L-3)"
PAK2,0.072481226583994,11.3525830033764,0.375453736052057,0.711698567522009,0.882126384604176,-6.27752685622464,I4-FP1,"(R+1) vs (L-92, L-44, L-3)"
ALG10B,-0.060144992168702,15.077946703934,-0.372977447971099,0.713508906587124,0.882716609311298,-6.27846805416326,I4-FP1,"(R+1) vs (L-92, L-44, L-3)"
CON_sp|THIO_HUMAN|,-0.0852376259763492,12.4959084476083,-0.372329516905635,0.713982878905751,0.882716609311298,-6.27871331072623,I4-FP1,"(R+1) vs (L-92, L-44, L-3)"
LARS2,-0.303984390675504,13.2003999628066,-0.371537373489454,0.71456250765949,0.882716609311298,-6.27901258465581,I4-FP1,"(R+1) vs (L-92, L-44, L-3)"
SRRT,-0.119415488668527,15.1756628106413,-0.371421585929383,0.714647246940072,0.882716609311298,-6.27905627695228,I4-FP1,"(R+1) vs (L-92, L-44, L-3)"
TPM1.2,0.14804780858692,13.7583491963917,0.371383154644546,0.714675373771017,0.882716609311298,-6.27907077598818,I4-FP1,"(R+1) vs (L-92, L-44, L-3)"
PDCD10,0.0959831189757025,13.2744655050484,0.369636071911162,0.715954460426299,0.883226043776719,-6.27972834111924,I4-FP1,"(R+1) vs (L-92, L-44, L-3)"
DSC1,-0.101331764361765,15.2307497266787,-0.36926978830049,0.716222736459209,0.883226043776719,-6.27986581546978,I4-FP1,"(R+1) vs (L-92, L-44, L-3)"
ITGAL,0.323780004554965,19.5792475634329,0.368769718965105,0.716589062146324,0.883226043776719,-6.28005328590244,I4-FP1,"(R+1) vs (L-92, L-44, L-3)"
TPM2.2,0.212887200411014,12.9676990861442,0.364726801745153,0.719553292235369,0.885066785975751,-6.28155974335755,I4-FP1,"(R+1) vs (L-92, L-44, L-3)"
IST1,-0.0708126393406409,12.8801129485081,-0.364707174714895,0.719567693808141,0.885066785975751,-6.28156701681995,I4-FP1,"(R+1) vs (L-92, L-44, L-3)"
SLIT1,-0.223646790486309,17.6494911958133,-0.364681031357544,0.719586876983117,0.885066785975751,-6.28157670452983,I4-FP1,"(R+1) vs (L-92, L-44, L-3)"
COL15A1,-0.0899753171672923,10.586386070696,-0.362522451802953,0.721171434865533,0.886056794597345,-6.28237423004013,I4-FP1,"(R+1) vs (L-92, L-44, L-3)"
CORO1C,0.122613994690887,15.1143203291394,0.361926578381896,0.721609079455478,0.886056794597345,-6.28259356458899,I4-FP1,"(R+1) vs (L-92, L-44, L-3)"
PTGDS,0.104104623986149,11.6049168500578,0.361297026955771,0.722071566604848,0.886056794597345,-6.28282490948029,I4-FP1,"(R+1) vs (L-92, L-44, L-3)"
ANXA2,-0.0996911158598727,11.2249359130517,-0.36085025479992,0.7223998455669,0.886056794597345,-6.28298884669785,I4-FP1,"(R+1) vs (L-92, L-44, L-3)"
RPL27A,-0.12675769648475,13.1219068563664,-0.357678794525768,0.724731759923952,0.888203782010928,-6.28414682732797,I4-FP1,"(R+1) vs (L-92, L-44, L-3)"
ABI3BP,-0.0749288342945266,9.73329862018608,-0.355472016607492,0.726355999489087,0.888203782010928,-6.2849466341487,I4-FP1,"(R+1) vs (L-92, L-44, L-3)"
FKBP15,-0.204215669361628,11.6036804931805,-0.3554096581843,0.726401916171817,0.888203782010928,-6.28496916395455,I4-FP1,"(R+1) vs (L-92, L-44, L-3)"
ATIC,-0.0746218802868057,12.2914298037115,-0.353580498073373,0.727749264403795,0.888203782010928,-6.28562829753473,I4-FP1,"(R+1) vs (L-92, L-44, L-3)"
PTP4A1,0.0548106744099978,13.6906308777656,0.352462762311072,0.728573031772716,0.888203782010928,-6.28602942060521,I4-FP1,"(R+1) vs (L-92, L-44, L-3)"
BPGM,-0.305537317966264,13.9648128849635,-0.35142809777558,0.729335879205369,0.888203782010928,-6.28639961577519,I4-FP1,"(R+1) vs (L-92, L-44, L-3)"
CTRC,-0.103245470188145,12.2317831142452,-0.350272731927911,0.730188062108473,0.888203782010928,-6.28681172877739,I4-FP1,"(R+1) vs (L-92, L-44, L-3)"
WFDC5,-0.0901781605546521,12.6265080273079,-0.347773956419444,0.732032361953938,0.888203782010928,-6.28769845175262,I4-FP1,"(R+1) vs (L-92, L-44, L-3)"
CS,0.085766720753357,12.9606642118989,0.347269262680646,0.73240507142471,0.888203782010928,-6.28787678887954,I4-FP1,"(R+1) vs (L-92, L-44, L-3)"
HNRNPL,-0.0811970536460062,13.5280412198472,-0.345874711229061,0.73343528455687,0.888203782010928,-6.28836823538295,I4-FP1,"(R+1) vs (L-92, L-44, L-3)"
CUL3,-0.242599670716627,14.6742687140026,-0.345767177840537,0.733514745605483,0.888203782010928,-6.28840604965027,I4-FP1,"(R+1) vs (L-92, L-44, L-3)"
FAM114A1,0.0807646876623984,15.9684874943433,0.345463439021147,0.733739208020357,0.888203782010928,-6.28851279718093,I4-FP1,"(R+1) vs (L-92, L-44, L-3)"
VPS4B,-0.0839156896876822,12.5847863591515,-0.345284452691021,0.733871490146215,0.888203782010928,-6.28857565772114,I4-FP1,"(R+1) vs (L-92, L-44, L-3)"
IGKC,0.0518689963737344,22.6348645747009,0.344997508514396,0.734083577777491,0.888203782010928,-6.28867636632554,I4-FP1,"(R+1) vs (L-92, L-44, L-3)"
RAP2B,0.111176080632686,12.2908761027537,0.34434587543983,0.734565297850814,0.888203782010928,-6.28890476276939,I4-FP1,"(R+1) vs (L-92, L-44, L-3)"
CTSH,-0.0542053684450678,15.6484385864017,-0.343713721832015,0.735032726037306,0.888203782010928,-6.28912592459655,I4-FP1,"(R+1) vs (L-92, L-44, L-3)"
APMAP,0.0499218452670291,11.8848778359129,0.343573905547383,0.735136123641282,0.888203782010928,-6.28917478581723,I4-FP1,"(R+1) vs (L-92, L-44, L-3)"
GNAI2,0.0662048046872687,15.5012901175625,0.342327755963883,0.736057911967649,0.888203782010928,-6.28960940787877,I4-FP1,"(R+1) vs (L-92, L-44, L-3)"
SNX6.1,0.165554601692516,11.934543648602,0.342151797891187,0.736188103033918,0.888203782010928,-6.28967065157849,I4-FP1,"(R+1) vs (L-92, L-44, L-3)"
RPL17,-0.115694123127301,11.8837196913241,-0.341706811599124,0.736517384270863,0.888203782010928,-6.28982539419048,I4-FP1,"(R+1) vs (L-92, L-44, L-3)"
GNPTG,0.0646841858392619,13.5044053658161,0.341274074956963,0.736837651363541,0.888203782010928,-6.28997568643773,I4-FP1,"(R+1) vs (L-92, L-44, L-3)"
IGHV1-18,0.0685034147458445,17.0671955684933,0.340947182851891,0.737079616121334,0.888203782010928,-6.29008909358394,I4-FP1,"(R+1) vs (L-92, L-44, L-3)"
GHRL,0.107096123483049,12.4125388677515,0.340860355011419,0.737143890636685,0.888203782010928,-6.29011919833326,I4-FP1,"(R+1) vs (L-92, L-44, L-3)"
IGFBP2,0.0671024929842545,18.396577283501,0.339866015895986,0.73788009465148,0.888203782010928,-6.29046341379918,I4-FP1,"(R+1) vs (L-92, L-44, L-3)"
RPL7,-0.123604012762164,11.9993379562037,-0.339752598258061,0.737964085130949,0.888203782010928,-6.29050261310962,I4-FP1,"(R+1) vs (L-92, L-44, L-3)"
IGLV7-43,-0.108984606521827,11.942720542585,-0.339290271346739,0.738306492549907,0.888203782010928,-6.29066226855867,I4-FP1,"(R+1) vs (L-92, L-44, L-3)"
RPL10A,-0.0706292572217552,12.1868005446814,-0.338618225590206,0.738804321863059,0.888203782010928,-6.29089396361897,I4-FP1,"(R+1) vs (L-92, L-44, L-3)"
PTPN6,-0.0771630186045957,14.6449089605384,-0.337653730711845,0.739518995418536,0.888203782010928,-6.29122569136686,I4-FP1,"(R+1) vs (L-92, L-44, L-3)"
MAPRE1,0.0764728945326318,12.1657750249442,0.337390415499227,0.739714149758753,0.888203782010928,-6.29131609353428,I4-FP1,"(R+1) vs (L-92, L-44, L-3)"
GMFG,-0.0693067925733252,12.9265484015487,-0.3345394110341,0.741828314725394,0.888203782010928,-6.29229045099305,I4-FP1,"(R+1) vs (L-92, L-44, L-3)"
CD82,0.158597900487952,9.00001108112724,0.334489926021951,0.741865029110008,0.888203782010928,-6.29230729088652,I4-FP1,"(R+1) vs (L-92, L-44, L-3)"
NPM1,-0.103690359262399,12.0294020428436,-0.333686972360973,0.742460853052655,0.888203782010928,-6.29258019460328,I4-FP1,"(R+1) vs (L-92, L-44, L-3)"
AP3M1,-0.144615074708866,10.5540810602109,-0.333026237692924,0.742951270401027,0.888203782010928,-6.29280427594664,I4-FP1,"(R+1) vs (L-92, L-44, L-3)"
NIPSNAP3A,0.146176123892418,10.9921220196778,0.332732596342562,0.743169256281212,0.888203782010928,-6.29290372062068,I4-FP1,"(R+1) vs (L-92, L-44, L-3)"
FBL,0.118589056528023,11.164001567361,0.332480093508631,0.743356720679168,0.888203782010928,-6.29298916404333,I4-FP1,"(R+1) vs (L-92, L-44, L-3)"
DCN,-0.0561769861128844,13.8994641546775,-0.332403930205914,0.743413269455055,0.888203782010928,-6.29301492406435,I4-FP1,"(R+1) vs (L-92, L-44, L-3)"
EIF3J,-0.0791177202101831,13.5884726791484,-0.332071930929181,0.743659785660511,0.888203782010928,-6.29312714509015,I4-FP1,"(R+1) vs (L-92, L-44, L-3)"
GC,-0.0481620990638411,17.5445083321214,-0.331918513187159,0.74377371108277,0.888203782010928,-6.2931789653129,I4-FP1,"(R+1) vs (L-92, L-44, L-3)"
CON_sp|CATA_HUMAN|,-0.0839180800941203,12.2766603009913,-0.331739131567828,0.743906924559099,0.888203782010928,-6.29323952541831,I4-FP1,"(R+1) vs (L-92, L-44, L-3)"
COL4A1,-0.102280846299253,12.8273433193986,-0.330763323727803,0.74463173051096,0.888203782010928,-6.29356839658944,I4-FP1,"(R+1) vs (L-92, L-44, L-3)"
KLKB1,-0.0448948981167554,23.00321405434,-0.330560014207808,0.744782774717378,0.888203782010928,-6.29363679644625,I4-FP1,"(R+1) vs (L-92, L-44, L-3)"
APLP1,0.0647198240411999,13.2709769386969,0.327880236502304,0.746774647994495,0.889561034021656,-6.29453447770904,I4-FP1,"(R+1) vs (L-92, L-44, L-3)"
CHRD,0.0984652021293523,9.75481037340888,0.327672858716532,0.746928868226682,0.889561034021656,-6.29460364496299,I4-FP1,"(R+1) vs (L-92, L-44, L-3)"
"coy_tr|A0A0B4J269|A0A0B4J269_HUMAN readthrough, G_PROTEIN_RECEP_F1_2 domain-containing protein OS=Homo sapiens OX=9606",0.255883864021452,20.3167794320556,0.326876091225134,0.747521500970433,0.889666520035613,-6.29486899079147,I4-FP1,"(R+1) vs (L-92, L-44, L-3)"
CLEC11A,0.0998476419917349,12.3737454812837,0.325465372297296,0.748571185572361,0.890315459929392,-6.29533723430101,I4-FP1,"(R+1) vs (L-92, L-44, L-3)"
PFN1,-0.0677871111770791,17.9108016280483,-0.324544002577194,0.749257029480515,0.890531082177178,-6.29564197366753,I4-FP1,"(R+1) vs (L-92, L-44, L-3)"
MYLK,0.0877023627084572,13.6317531947018,0.323294641560229,0.750187365352239,0.891036810125641,-6.29605383133529,I4-FP1,"(R+1) vs (L-92, L-44, L-3)"
PPP2R1A,-0.166644431028444,9.8977522044913,-0.322503591759437,0.750776624070512,0.891137015120682,-6.29631379299355,I4-FP1,"(R+1) vs (L-92, L-44, L-3)"
MST1,0.0530038441785443,17.1784942100293,0.316097972332844,0.755553997972123,0.896204843024729,-6.29839567652496,I4-FP1,"(R+1) vs (L-92, L-44, L-3)"
NRP1,-0.0629944024700996,12.5267269472658,-0.314944153635081,0.756415612837227,0.896624282510212,-6.29876628950287,I4-FP1,"(R+1) vs (L-92, L-44, L-3)"
DKC1,0.081348137745751,14.4069842032948,0.31350946398899,0.757487426610342,0.897292152998156,-6.29922525070908,I4-FP1,"(R+1) vs (L-92, L-44, L-3)"
ITGBL1,-0.0792665031700234,10.4824907498614,-0.307185940071667,0.762217546611442,0.901131292834069,-6.30122346457793,I4-FP1,"(R+1) vs (L-92, L-44, L-3)"
IGLV1-47,-0.0655690423803037,19.5193774470898,-0.307137775355887,0.762253612045084,0.901131292834069,-6.30123852993055,I4-FP1,"(R+1) vs (L-92, L-44, L-3)"
DOCK1,0.186244492337138,12.2929579579633,0.3064023135242,0.762804390734015,0.901131292834069,-6.30146828337411,I4-FP1,"(R+1) vs (L-92, L-44, L-3)"
MEPE,-0.0639835394586008,12.851397488155,-0.305449894072037,0.76351784005534,0.901131292834069,-6.30176500314154,I4-FP1,"(R+1) vs (L-92, L-44, L-3)"
LIFR,-0.0496619600679473,16.2825539230961,-0.305048889120292,0.763818294697087,0.901131292834069,-6.3018896600729,I4-FP1,"(R+1) vs (L-92, L-44, L-3)"
RAB14,-0.0545260872725172,11.7368619753831,-0.304017105023067,0.764591540548632,0.901131292834069,-6.30220965702457,I4-FP1,"(R+1) vs (L-92, L-44, L-3)"
MASP2,-0.0527864939895827,16.3498570937435,-0.302037370288385,0.76607591789195,0.901131292834069,-6.30282064668981,I4-FP1,"(R+1) vs (L-92, L-44, L-3)"
CON_sp|KCRM_HUMAN|,-0.134874523521745,13.009982471468,-0.30189518614123,0.766182561521647,0.901131292834069,-6.30286437580292,I4-FP1,"(R+1) vs (L-92, L-44, L-3)"
HNRNPAB,-0.0594156805195549,15.3070171178279,-0.301175031034839,0.766722779597856,0.901131292834069,-6.3030855484365,I4-FP1,"(R+1) vs (L-92, L-44, L-3)"
RPLP2,0.0806080147089005,11.243224804777,0.30061702022349,0.767141451173663,0.901131292834069,-6.30325656415097,I4-FP1,"(R+1) vs (L-92, L-44, L-3)"
MINPP1,-0.0499780494560671,12.5253862368785,-0.300448034482843,0.767268254539203,0.901131292834069,-6.30330829193693,I4-FP1,"(R+1) vs (L-92, L-44, L-3)"
MYL12A,0.0857658238981358,17.3212529767326,0.300206242018225,0.767449702304807,0.901131292834069,-6.30338225633548,I4-FP1,"(R+1) vs (L-92, L-44, L-3)"
SARNP,-0.0639084034380577,12.5696069338974,-0.299757776544202,0.767786279835344,0.901131292834069,-6.30351928604019,I4-FP1,"(R+1) vs (L-92, L-44, L-3)"
CDC42,-0.055888771614736,16.3978031909171,-0.299637996650642,0.767876183808747,0.901131292834069,-6.30355585076459,I4-FP1,"(R+1) vs (L-92, L-44, L-3)"
PBXIP1,-0.0694097806691758,16.255473574868,-0.296388254142071,0.770316653283272,0.903394613318921,-6.30454236603861,I4-FP1,"(R+1) vs (L-92, L-44, L-3)"
GNAI2.1,0.0555671674929332,16.0864431290517,0.294794888109457,0.771514132402816,0.904026241541886,-6.30502216861003,I4-FP1,"(R+1) vs (L-92, L-44, L-3)"
SNRPD1,-0.0902665681707457,12.3511017437771,-0.293837149739195,0.772234196120342,0.904026241541886,-6.30530933547483,I4-FP1,"(R+1) vs (L-92, L-44, L-3)"
SERPIND1,0.0434996161793996,18.8670790804512,0.293627528542791,0.772391825634654,0.904026241541886,-6.30537206456226,I4-FP1,"(R+1) vs (L-92, L-44, L-3)"
MENT,-0.071366997487031,13.0467274282447,-0.289351654801084,0.775609382848062,0.907190563768608,-6.30664194314141,I4-FP1,"(R+1) vs (L-92, L-44, L-3)"
UXS1,0.0590247524968283,11.2410952620387,0.283244617642731,0.780212117144964,0.911449703641676,-6.3084236540325,I4-FP1,"(R+1) vs (L-92, L-44, L-3)"
PEPCAL_8|PEPCAL_8|,-0.0497042794604283,16.9066490503174,-0.282453542765278,0.780808948231232,0.911449703641676,-6.30865169305534,I4-FP1,"(R+1) vs (L-92, L-44, L-3)"
CAPNS1,0.0372106725395084,17.2264713576247,0.281583408265258,0.781465588150673,0.911449703641676,-6.30890179227261,I4-FP1,"(R+1) vs (L-92, L-44, L-3)"
LY96,-0.0658963093327607,10.2120119190186,-0.281508633380866,0.781522024304615,0.911449703641676,-6.30892324883293,I4-FP1,"(R+1) vs (L-92, L-44, L-3)"
PLCG2,-0.0596954737751858,12.3218866736135,-0.281096932366707,0.781832776948157,0.911449703641676,-6.30904128478308,I4-FP1,"(R+1) vs (L-92, L-44, L-3)"
NCKAP1L,0.124190737093403,11.16604489583,0.279696248566223,0.78289029822805,0.911642437632089,-6.30944158305743,I4-FP1,"(R+1) vs (L-92, L-44, L-3)"
SELENBP1,-0.0476255504619107,12.2232120586334,-0.279509767617756,0.78303112490099,0.911642437632089,-6.30949472753843,I4-FP1,"(R+1) vs (L-92, L-44, L-3)"
GOT2,-0.0538052554143071,19.6188479959883,-0.275650138155484,0.78594756479395,0.914122415527041,-6.31058677948267,I4-FP1,"(R+1) vs (L-92, L-44, L-3)"
ANK1,0.0768885542383266,12.9130944725646,0.275161209726629,0.78631724597993,0.914122415527041,-6.31072404375772,I4-FP1,"(R+1) vs (L-92, L-44, L-3)"
IDE,0.0665542841626258,14.6527663408328,0.273413495714891,0.787639127932799,0.914122415527041,-6.31121273060683,I4-FP1,"(R+1) vs (L-92, L-44, L-3)"
H1-4,0.0832729417696747,19.6274903718024,0.272795893891981,0.788106409523555,0.914122415527041,-6.31138468300211,I4-FP1,"(R+1) vs (L-92, L-44, L-3)"
CLEC3B,0.040037050678876,20.659315577364,0.2727257457639,0.788159489294146,0.914122415527041,-6.31140418922593,I4-FP1,"(R+1) vs (L-92, L-44, L-3)"
COL14A1,-0.0507662564069466,12.1546480260592,-0.272581376023987,0.788268734522468,0.914122415527041,-6.31144431874193,I4-FP1,"(R+1) vs (L-92, L-44, L-3)"
IGLL5,-0.0393341809796687,21.5843806717707,-0.270356670218566,0.789952749361326,0.915473803429245,-6.31206004166076,I4-FP1,"(R+1) vs (L-92, L-44, L-3)"
RPLP1,-0.103715259055196,10.9005950158548,-0.268335637274391,0.791483515283889,0.91664593469558,-6.31261505697304,I4-FP1,"(R+1) vs (L-92, L-44, L-3)"
SHBG,-0.0650114120170748,13.1245998559616,-0.267259467253563,0.792298981941922,0.91698865778852,-6.31290890909901,I4-FP1,"(R+1) vs (L-92, L-44, L-3)"
GSN,0.0641973416602237,12.3637865143763,0.263680879161386,0.795012421470354,0.91952616244769,-6.31387763152897,I4-FP1,"(R+1) vs (L-92, L-44, L-3)"
IGDCC4,0.059259969082678,14.9161638658073,0.260540418999545,0.797395873482173,0.921678923834994,-6.31471707921898,I4-FP1,"(R+1) vs (L-92, L-44, L-3)"
GNB2,-0.059787079219495,13.0110786390612,-0.258966444399092,0.798591214533457,0.922456474902848,-6.31513404951133,I4-FP1,"(R+1) vs (L-92, L-44, L-3)"
RASA3,0.100924314370116,11.8566386289527,0.258030517704644,0.799302238888495,0.922673938285281,-6.31538080225951,I4-FP1,"(R+1) vs (L-92, L-44, L-3)"
ADAMDEC1,0.0599642667913968,15.41450710121,0.25537047050201,0.801324063089969,0.924403249250847,-6.31607727007232,I4-FP1,"(R+1) vs (L-92, L-44, L-3)"
IGKV2-24,0.0445134664492421,16.693711536516,0.25133448640838,0.804394451254089,0.926330135795302,-6.31712031188049,I4-FP1,"(R+1) vs (L-92, L-44, L-3)"
CST3,-0.0387005779347013,16.983291081921,-0.25107202625681,0.804594232696788,0.926330135795302,-6.31718756967663,I4-FP1,"(R+1) vs (L-92, L-44, L-3)"
STX7,0.0670948404041027,11.3726876652506,0.250728266334814,0.804855919467933,0.926330135795302,-6.31727555574407,I4-FP1,"(R+1) vs (L-92, L-44, L-3)"
AIFM1,-0.0678869904388115,17.4626279727545,-0.249938310051098,0.80545736245521,0.926330135795302,-6.31747729314733,I4-FP1,"(R+1) vs (L-92, L-44, L-3)"
CHMP2A,-0.0603902226325185,12.7327727194354,-0.249726615409461,0.805618560025942,0.926330135795302,-6.31753124789784,I4-FP1,"(R+1) vs (L-92, L-44, L-3)"
CMPK1,-0.0727926656950508,10.9366534991018,-0.248482799439471,0.806565860290328,0.926815588159133,-6.31784734315229,I4-FP1,"(R+1) vs (L-92, L-44, L-3)"
IQGAP2,-0.0562701729797403,12.7691867720152,-0.247411637703322,0.80738191258548,0.927149691420541,-6.3181183051687,I4-FP1,"(R+1) vs (L-92, L-44, L-3)"
SPP1.1,-0.0501335136495502,12.9025593062497,-0.245689149451165,0.808694647211339,0.928053350018214,-6.31855158965709,I4-FP1,"(R+1) vs (L-92, L-44, L-3)"
IGKV1-8,-0.0398641591912216,17.7553781442739,-0.244500356591227,0.809600985553055,0.928489759260002,-6.31884887196271,I4-FP1,"(R+1) vs (L-92, L-44, L-3)"
CYRIB,0.0901251840272454,9.656444934416,0.243261228414815,0.810545994640392,0.928969922428761,-6.31915721727463,I4-FP1,"(R+1) vs (L-92, L-44, L-3)"
CD63,0.121830605376421,11.0562356342656,0.242490174697928,0.811134182638466,0.929040773755284,-6.3193483012699,I4-FP1,"(R+1) vs (L-92, L-44, L-3)"
RPS25,-0.0713060294669318,14.4283314910744,-0.240103932715941,0.812955226963571,0.930522681965436,-6.31993584603385,I4-FP1,"(R+1) vs (L-92, L-44, L-3)"
CDC37,0.0582915604205336,13.9024187828678,0.238820346771774,0.813935241647465,0.930552884407562,-6.32024950527478,I4-FP1,"(R+1) vs (L-92, L-44, L-3)"
C8B,-0.0447594121530379,19.5665151872291,-0.237981766278274,0.814575666594829,0.930552884407562,-6.32045352010536,I4-FP1,"(R+1) vs (L-92, L-44, L-3)"
FDPS,0.0528017407118941,13.5212124360953,0.237738146629131,0.814761744447305,0.930552884407562,-6.32051265568066,I4-FP1,"(R+1) vs (L-92, L-44, L-3)"
CBX3,-0.0862536954922887,10.6541509555215,-0.237134809427526,0.81522262507676,0.930552884407562,-6.32065884905642,I4-FP1,"(R+1) vs (L-92, L-44, L-3)"
ECRG4,-0.0514154849557613,10.917570427012,-0.236617637383512,0.815617740611047,0.930552884407562,-6.3207838701303,I4-FP1,"(R+1) vs (L-92, L-44, L-3)"
PCSK1N,0.0828452714919354,13.1363557515306,0.235198541784312,0.816702179942797,0.931175358611758,-6.32112552884128,I4-FP1,"(R+1) vs (L-92, L-44, L-3)"
IGHG2,-0.037055631191361,22.5336051704732,-0.234523077754096,0.817218487529526,0.931175358611758,-6.32128743485579,I4-FP1,"(R+1) vs (L-92, L-44, L-3)"
RAB1B,-0.0455984766782915,15.3137471801665,-0.230751121389943,0.820103251084221,0.933363908511116,-6.32218305001536,I4-FP1,"(R+1) vs (L-92, L-44, L-3)"
ESYT1,-0.0926643364606043,11.1336904644005,-0.230508075479854,0.820289221832082,0.933363908511116,-6.32224026400429,I4-FP1,"(R+1) vs (L-92, L-44, L-3)"
ST3GAL6,0.0489702262227389,17.9493468784214,0.229129230168544,0.82134447619827,0.933363908511116,-6.32256371530628,I4-FP1,"(R+1) vs (L-92, L-44, L-3)"
"coy_tr|H3BNC9|H3BNC9_HUMAN readthrough, 40S ribosomal protein S17 OS=Homo sapiens OX=9606",-0.0798736067878245,11.535610260359,-0.228999123255552,0.82144406743635,0.933363908511116,-6.32259413635607,I4-FP1,"(R+1) vs (L-92, L-44, L-3)"
KLK7,0.0509219895373469,13.3911966129559,0.227360591471882,0.822698559682064,0.933363908511116,-6.32297578067188,I4-FP1,"(R+1) vs (L-92, L-44, L-3)"
COL5A1,0.0493507791638752,15.6322365777848,0.2270837227051,0.822910584544771,0.933363908511116,-6.32303999945354,I4-FP1,"(R+1) vs (L-92, L-44, L-3)"
GIPC3,0.0553728140594849,16.5524728955767,0.226499632873893,0.823357923921856,0.933363908511116,-6.32317522196713,I4-FP1,"(R+1) vs (L-92, L-44, L-3)"
DDX46,0.0709819952864627,12.9198481790396,0.226063077665605,0.823692311009184,0.933363908511116,-6.32327606267948,I4-FP1,"(R+1) vs (L-92, L-44, L-3)"
C11orf54,-0.0568426768382011,15.442284662238,-0.225793826104269,0.82389856626647,0.933363908511116,-6.32333816117249,I4-FP1,"(R+1) vs (L-92, L-44, L-3)"
SLC44A1,0.102436946169252,11.4108072181132,0.222774189314879,0.826212604543732,0.935165266165011,-6.3240295512777,I4-FP1,"(R+1) vs (L-92, L-44, L-3)"
EHD4,-0.0742005971258858,11.2372550397097,-0.222336262950778,0.826548337233664,0.935165266165011,-6.32412905244555,I4-FP1,"(R+1) vs (L-92, L-44, L-3)"
STK10,0.0579348237293277,12.3774097991788,0.220932988333466,0.827624377780117,0.935782848675148,-6.32444657871793,I4-FP1,"(R+1) vs (L-92, L-44, L-3)"
APBB1IP,-0.174954112399033,10.5980544065734,-0.217305727948588,0.83040740776259,0.938328472919957,-6.32525807436598,I4-FP1,"(R+1) vs (L-92, L-44, L-3)"
ITLN1,0.0524616147097951,14.8545638893791,0.216418089295556,0.831088805277687,0.938400026719798,-6.32545462325748,I4-FP1,"(R+1) vs (L-92, L-44, L-3)"
ENDOD1,-0.107843429401302,10.8210959940148,-0.21566914061501,0.831663844380907,0.938400026719798,-6.32561983973941,I4-FP1,"(R+1) vs (L-92, L-44, L-3)"
ITIH4,0.0357440876883856,21.9664989050073,0.214682180350332,0.832421776889004,0.938400026719798,-6.32583669099264,I4-FP1,"(R+1) vs (L-92, L-44, L-3)"
MTCH2,-0.134392032622098,18.2059028450246,-0.214453497137989,0.832597417474903,0.938400026719798,-6.32588679523468,I4-FP1,"(R+1) vs (L-92, L-44, L-3)"
EEF2,0.039727470517068,13.0998047118446,0.211798771024212,0.834637046313535,0.939969287293386,-6.3264645548921,I4-FP1,"(R+1) vs (L-92, L-44, L-3)"
ADA,0.0297799475767028,16.2460534440127,0.211255139719986,0.835054868258374,0.939969287293386,-6.32658198454802,I4-FP1,"(R+1) vs (L-92, L-44, L-3)"
SRP14,-0.0842830360799169,11.6677009875375,-0.209377576155494,0.836498306239242,0.940473140589503,-6.32698524712274,I4-FP1,"(R+1) vs (L-92, L-44, L-3)"
SELENOF,0.0780871457562977,8.91690595251482,0.209286712210411,0.836568176048453,0.940473140589503,-6.32700467198555,I4-FP1,"(R+1) vs (L-92, L-44, L-3)"
INHBB,-0.0783330656315275,10.0249375120478,-0.208384414333586,0.837262073614129,0.940553119795477,-6.32719710960301,I4-FP1,"(R+1) vs (L-92, L-44, L-3)"
PAK1,0.0642875652548404,10.6244655610993,0.207270174868693,0.838119150938926,0.940553119795477,-6.32743360739033,I4-FP1,"(R+1) vs (L-92, L-44, L-3)"
NARS1,0.0681489888156239,11.6290056031032,0.206494553280656,0.838715885186361,0.940553119795477,-6.32759748854367,I4-FP1,"(R+1) vs (L-92, L-44, L-3)"
TARDBP,0.0593023119778983,11.6628699286326,0.206423073445564,0.838770884168884,0.940553119795477,-6.32761256075427,I4-FP1,"(R+1) vs (L-92, L-44, L-3)"
IGLV5-45,0.0324418291745693,15.9966445108068,0.205308215499978,0.839628803678783,0.940861297415593,-6.32784696713729,I4-FP1,"(R+1) vs (L-92, L-44, L-3)"
COL6A2.1,0.0965918857266263,9.72747956608975,0.204680627617284,0.840111844037946,0.940861297415593,-6.32797836595926,I4-FP1,"(R+1) vs (L-92, L-44, L-3)"
DSC3,-0.0399201873025454,18.0167767328993,-0.202069160943502,0.842122530994295,0.941935840289897,-6.32852083257878,I4-FP1,"(R+1) vs (L-92, L-44, L-3)"
PACSIN2,-0.0651709674454874,12.2231474871697,-0.202048203084602,0.842138671941902,0.941935840289897,-6.32852515800447,I4-FP1,"(R+1) vs (L-92, L-44, L-3)"
IDH3B,-0.0804881666178261,12.2196301202621,-0.199634151757749,0.843998362457101,0.94238132617918,-6.32902039807684,I4-FP1,"(R+1) vs (L-92, L-44, L-3)"
SERPINA1,0.0291862038541381,20.1184987892333,0.198089497817615,0.845188799271734,0.94238132617918,-6.3293341733529,I4-FP1,"(R+1) vs (L-92, L-44, L-3)"
OSBP2,-0.0506849886086033,12.8126484137679,-0.197554117601091,0.845601496785742,0.94238132617918,-6.32944236227728,I4-FP1,"(R+1) vs (L-92, L-44, L-3)"
CD44,-0.0463918727570327,12.8401711768337,-0.196535162083308,0.846387084934622,0.94238132617918,-6.32964746609886,I4-FP1,"(R+1) vs (L-92, L-44, L-3)"
PEF1,0.130041219350273,14.2743700073398,0.196214759882986,0.846634140963037,0.94238132617918,-6.32971174108978,I4-FP1,"(R+1) vs (L-92, L-44, L-3)"
FAM107B,-0.0435627385059085,10.8373109487617,-0.195610128793388,0.847100405009793,0.94238132617918,-6.32983275001541,I4-FP1,"(R+1) vs (L-92, L-44, L-3)"
PRKCSH,0.0323376288349681,12.767029730696,0.195365609308416,0.847288983839334,0.94238132617918,-6.32988158176711,I4-FP1,"(R+1) vs (L-92, L-44, L-3)"
DYNLL1,0.0380552620178331,11.5485795014686,0.194975971095435,0.8475895010387,0.94238132617918,-6.32995926878388,I4-FP1,"(R+1) vs (L-92, L-44, L-3)"
EEF1A1,-0.0433996721083467,16.6040776121941,-0.194665208172716,0.847829201142663,0.94238132617918,-6.33002111875622,I4-FP1,"(R+1) vs (L-92, L-44, L-3)"
ELN,-0.0417359439265947,10.9663398676693,-0.194287749913606,0.848120365756927,0.94238132617918,-6.33009611073047,I4-FP1,"(R+1) vs (L-92, L-44, L-3)"
CDV3,0.0333367833274547,12.905820798842,0.193091878100137,0.849042988385404,0.94238132617918,-6.3303327450474,I4-FP1,"(R+1) vs (L-92, L-44, L-3)"
CON_sp|UBE2I_HUMAN|,0.048879159625816,12.2932647536741,0.192794752129175,0.849272257798545,0.94238132617918,-6.33039131350821,I4-FP1,"(R+1) vs (L-92, L-44, L-3)"
PGK1,0.0402568618667356,14.6135509502618,0.192453521206575,0.849535576697757,0.94238132617918,-6.3304584649883,I4-FP1,"(R+1) vs (L-92, L-44, L-3)"
PDGFRB,0.0319377036845693,18.1302553309826,0.189330581323944,0.851946309223353,0.94238132617918,-6.3310675309671,I4-FP1,"(R+1) vs (L-92, L-44, L-3)"
TKFC,-0.0610432854152218,10.1286748912986,-0.188648972688422,0.852472672932719,0.94238132617918,-6.33119914560656,I4-FP1,"(R+1) vs (L-92, L-44, L-3)"
PRKACA,-0.0499616563588016,11.5165596425176,-0.188562062405313,0.852539793437593,0.94238132617918,-6.33121589349084,I4-FP1,"(R+1) vs (L-92, L-44, L-3)"
EIF4A3,-0.0765288736366187,11.6857559661417,-0.18841864946572,0.852650553277766,0.94238132617918,-6.33124351280814,I4-FP1,"(R+1) vs (L-92, L-44, L-3)"
ABHD10,0.0491515177482675,12.7981545657363,0.188366520323718,0.852690814132251,0.94238132617918,-6.3312535469621,I4-FP1,"(R+1) vs (L-92, L-44, L-3)"
GAPDH,-0.0319108833561294,20.0863161854552,-0.188039936759743,0.852943053601593,0.94238132617918,-6.33131634694638,I4-FP1,"(R+1) vs (L-92, L-44, L-3)"
FMNL1,0.0577425887680451,10.7941761925202,0.187247613473001,0.85355507869001,0.94238132617918,-6.33146825469276,I4-FP1,"(R+1) vs (L-92, L-44, L-3)"
SH3GLB1,0.0840085683805949,11.5251261121123,0.186996036073548,0.853749428079608,0.94238132617918,-6.33151635460099,I4-FP1,"(R+1) vs (L-92, L-44, L-3)"
EFEMP1,-0.0523736490263289,13.6334931126142,-0.184761358665485,0.855476189621857,0.943697171676611,-6.3319407826499,I4-FP1,"(R+1) vs (L-92, L-44, L-3)"
MSLN,-0.045242430309722,13.2133960052177,-0.18116744075399,0.858254824100227,0.946170995963086,-6.33261270781265,I4-FP1,"(R+1) vs (L-92, L-44, L-3)"
C8A,-0.0284658980404479,19.3286821253951,-0.178750241025015,0.86012475458322,0.94727862580325,-6.33305723559201,I4-FP1,"(R+1) vs (L-92, L-44, L-3)"
DNAJB11,-0.0393021432872764,10.9131754277177,-0.178481196098696,0.860332938902328,0.94727862580325,-6.33310634555563,I4-FP1,"(R+1) vs (L-92, L-44, L-3)"
NEK7,-0.0543634649664692,11.4569910853741,-0.177517069419636,0.861079057038273,0.947509062139995,-6.33328172655968,I4-FP1,"(R+1) vs (L-92, L-44, L-3)"
IGKV3D-15,0.026144115782607,18.6412229271832,0.176789023166234,0.861642566509127,0.947538398684492,-6.33341353572107,I4-FP1,"(R+1) vs (L-92, L-44, L-3)"
RPS6,-0.0594027011958608,13.0707202541737,-0.175726978667654,0.862464728355293,0.947851958622099,-6.33360484559081,I4-FP1,"(R+1) vs (L-92, L-44, L-3)"
CAP1,0.0443056988387269,18.6471031154312,0.172588533415023,0.864895238176078,0.949198608202771,-6.33416347185772,I4-FP1,"(R+1) vs (L-92, L-44, L-3)"
G3BP1,0.0913939751306571,21.5271498536674,0.17249052621707,0.864971160473128,0.949198608202771,-6.33418075507137,I4-FP1,"(R+1) vs (L-92, L-44, L-3)"
PDIA4,-0.0357440572214322,12.0610356989433,-0.17206161906532,0.865303433766719,0.949198608202771,-6.3342562761897,I4-FP1,"(R+1) vs (L-92, L-44, L-3)"
RHOC,-0.076856333254641,11.5727563758688,-0.170622506906776,0.866418498777992,0.94983145984047,-6.33450830298929,I4-FP1,"(R+1) vs (L-92, L-44, L-3)"
ATP2A3,0.0854834844623511,12.6500467361458,0.165031372584621,0.870753385254924,0.951876427844516,-6.33546743637617,I4-FP1,"(R+1) vs (L-92, L-44, L-3)"
FUS,-0.132532992857136,19.8066606133941,-0.164658162860751,0.871042891770286,0.951876427844516,-6.33553032473538,I4-FP1,"(R+1) vs (L-92, L-44, L-3)"
DNAJC3,-0.0258381038528909,16.3001766154617,-0.164295115176252,0.8713245333715,0.951876427844516,-6.3355913645267,I4-FP1,"(R+1) vs (L-92, L-44, L-3)"
SLAIN2,-0.119939548145566,17.3583303126197,-0.164228355245722,0.871376325669213,0.951876427844516,-6.33560257436059,I4-FP1,"(R+1) vs (L-92, L-44, L-3)"
ANXA7,-0.118694254970854,16.5670804252322,-0.163343081443212,0.872063176826991,0.951876427844516,-6.33575079353723,I4-FP1,"(R+1) vs (L-92, L-44, L-3)"
GMPPA,0.0678516166862159,10.3721620021127,0.163320120920727,0.872080992441088,0.951876427844516,-6.33575462713391,I4-FP1,"(R+1) vs (L-92, L-44, L-3)"
ARHGAP45,0.0549098853952312,12.9711778674828,0.162705632494002,0.87255781471405,0.951876427844516,-6.33585702540531,I4-FP1,"(R+1) vs (L-92, L-44, L-3)"
LYVE1,-0.0255720577493008,12.6535310003893,-0.162653417093456,0.872598334420638,0.951876427844516,-6.33586570883323,I4-FP1,"(R+1) vs (L-92, L-44, L-3)"
APOL1,-0.0249471956165123,17.9020185703508,-0.161440149852949,0.873539944593881,0.951997352211583,-6.33606669291232,I4-FP1,"(R+1) vs (L-92, L-44, L-3)"
FAM3C,0.0753418539502241,10.8965841519429,0.161120651411443,0.873787938007232,0.951997352211583,-6.33611936993828,I4-FP1,"(R+1) vs (L-92, L-44, L-3)"
PRDX4,0.0688694634717297,10.0554421676967,0.159404058945006,0.875120579908762,0.952210320660652,-6.33640061034383,I4-FP1,"(R+1) vs (L-92, L-44, L-3)"
ALOX12,0.0802545682895718,11.6508623283684,0.159342257315042,0.875168565548641,0.952210320660652,-6.33641067968723,I4-FP1,"(R+1) vs (L-92, L-44, L-3)"
APOD,0.0236754544708261,18.4256508905076,0.158289711275392,0.875985887221446,0.952210320660652,-6.33658157326269,I4-FP1,"(R+1) vs (L-92, L-44, L-3)"
RTN4,0.0787477124250042,12.2760707717475,0.156444567246427,0.877419021830961,0.952210320660652,-6.3368784294248,I4-FP1,"(R+1) vs (L-92, L-44, L-3)"
VIL1,0.0471757803244834,12.503884526436,0.156050125076127,0.877725444213815,0.952210320660652,-6.33694143898472,I4-FP1,"(R+1) vs (L-92, L-44, L-3)"
CD109,-0.19298267994883,16.7611740519058,-0.155966780170383,0.877790193245937,0.952210320660652,-6.33695473248941,I4-FP1,"(R+1) vs (L-92, L-44, L-3)"
STMN1,-0.0585204447473337,10.1020526254639,-0.15529218426307,0.878314306261223,0.952210320660652,-6.33706206982198,I4-FP1,"(R+1) vs (L-92, L-44, L-3)"
EZR,-0.0346815603524284,11.7952205516357,-0.154921261341258,0.878602511651057,0.952210320660652,-6.33712089097588,I4-FP1,"(R+1) vs (L-92, L-44, L-3)"
HNRNPA1,0.0443571360234038,14.8441448153745,0.154459970709441,0.878960956681319,0.952210320660652,-6.33719384698001,I4-FP1,"(R+1) vs (L-92, L-44, L-3)"
PLA2G2A,0.0312742321621826,15.0555932511605,0.1539228364379,0.87937836978859,0.952210320660652,-6.33727852472345,I4-FP1,"(R+1) vs (L-92, L-44, L-3)"
TMPO,-0.0386427980767845,11.6563015172407,-0.151488016285839,0.881270950371601,0.953674572290543,-6.33765867810676,I4-FP1,"(R+1) vs (L-92, L-44, L-3)"
RPL38,-0.0520027282743082,12.3445636298541,-0.150771373221928,0.881828136218141,0.953692806632978,-6.33776941748781,I4-FP1,"(R+1) vs (L-92, L-44, L-3)"
VTA1,-0.0253814387991351,12.8131724356171,-0.146509012937173,0.885143397942769,0.956692037580519,-6.33841723720649,I4-FP1,"(R+1) vs (L-92, L-44, L-3)"
HP,0.021389346628883,18.544193112884,0.145414759396427,0.885994862451985,0.957026274313191,-6.33858055925073,I4-FP1,"(R+1) vs (L-92, L-44, L-3)"
HNRNPR,0.0427683132332603,11.8008271822959,0.143350369575578,0.887601600979492,0.958175428580308,-6.33888535237868,I4-FP1,"(R+1) vs (L-92, L-44, L-3)"
CYFIP1,0.0331864995048967,12.1153725044244,0.141779365730658,0.888824667782842,0.958595306451143,-6.33911438713662,I4-FP1,"(R+1) vs (L-92, L-44, L-3)"
CHD8,0.109921367874497,14.2747638932705,0.140860560172055,0.889540114800835,0.958595306451143,-6.33924717167824,I4-FP1,"(R+1) vs (L-92, L-44, L-3)"
SIL1,0.0598365013903343,9.22278235141391,0.140432159066737,0.889873731621609,0.958595306451143,-6.33930878919242,I4-FP1,"(R+1) vs (L-92, L-44, L-3)"
AIFM1.1,-0.0327603640134519,15.6292743303111,-0.138407493734823,0.891450722457117,0.958595306451143,-6.33959746564409,I4-FP1,"(R+1) vs (L-92, L-44, L-3)"
NCKAP1,-0.0500383000119573,9.96429422827156,-0.138231365797294,0.891587928808403,0.958595306451143,-6.33962238016866,I4-FP1,"(R+1) vs (L-92, L-44, L-3)"
DBNL,0.0316551383144609,12.0558506234829,0.138198040138066,0.891613890401903,0.958595306451143,-6.33962709075399,I4-FP1,"(R+1) vs (L-92, L-44, L-3)"
CALHM5,0.034407716218034,15.3328941642842,0.137968967755629,0.891792347418003,0.958595306451143,-6.33965943948961,I4-FP1,"(R+1) vs (L-92, L-44, L-3)"
RNH1,0.0703449881864273,10.7848103885109,0.134787396192171,0.894271535960583,0.959569669927212,-6.34010319207445,I4-FP1,"(R+1) vs (L-92, L-44, L-3)"
EHD1,-0.0224015856838768,14.8971199073849,-0.134222489181059,0.894711848628653,0.959569669927212,-6.3401809030093,I4-FP1,"(R+1) vs (L-92, L-44, L-3)"
AP1G1,-0.0994659716846584,12.6473079230285,-0.134160879968316,0.894759871613706,0.959569669927212,-6.3401893585284,I4-FP1,"(R+1) vs (L-92, L-44, L-3)"
WDFY1,-0.0665209885238606,13.1332194707248,-0.134012601903326,0.894875452720228,0.959569669927212,-6.34020969297943,I4-FP1,"(R+1) vs (L-92, L-44, L-3)"
EPRS1,0.029480157915783,14.6053626199411,0.133098441727245,0.895588083821228,0.959569669927212,-6.34033456276577,I4-FP1,"(R+1) vs (L-92, L-44, L-3)"
PDLIM1,0.0384171814715337,13.2342484787741,0.132620366801664,0.895960802288977,0.959569669927212,-6.34039952576746,I4-FP1,"(R+1) vs (L-92, L-44, L-3)"
PXDN,-0.0283626725367884,14.8827232418308,-0.130815388066375,0.897368230100065,0.959813969690474,-6.34064269134067,I4-FP1,"(R+1) vs (L-92, L-44, L-3)"
PTPN12,0.0467492894730074,12.5816028747206,0.130610704539357,0.897527853797693,0.959813969690474,-6.34067005622719,I4-FP1,"(R+1) vs (L-92, L-44, L-3)"
CPN1,-0.0215073793464242,22.0084633551224,-0.130235694257463,0.897820319523497,0.959813969690474,-6.34072008175983,I4-FP1,"(R+1) vs (L-92, L-44, L-3)"
IGKV4-1,0.0180498555506929,19.3770679599652,0.127363873037454,0.90006051236737,0.961626394871918,-6.34109841682833,I4-FP1,"(R+1) vs (L-92, L-44, L-3)"
RPS18,0.0372415647939678,14.9091022928889,0.126624296085115,0.900637567457214,0.961660802517836,-6.34119448563769,I4-FP1,"(R+1) vs (L-92, L-44, L-3)"
PPP5C,-0.0433567787226554,13.8219254933453,-0.125708060905422,0.901352539164021,0.961842340764508,-6.3413127273327,I4-FP1,"(R+1) vs (L-92, L-44, L-3)"
PRPF8,0.165215713933719,19.3317003514208,0.123693031003958,0.902925245070773,0.962017442082504,-6.34156975487791,I4-FP1,"(R+1) vs (L-92, L-44, L-3)"
STAT1,-0.0286659861703881,15.2457316839054,-0.123413362171716,0.903143555954692,0.962017442082504,-6.34160510044471,I4-FP1,"(R+1) vs (L-92, L-44, L-3)"
UPF1,0.0355240508102827,11.5866290257819,0.123289038508951,0.903240606177575,0.962017442082504,-6.34162078727893,I4-FP1,"(R+1) vs (L-92, L-44, L-3)"
RPL12,0.0275031467966329,11.7562027276988,0.122704621566894,0.903696837944925,0.962017442082504,-6.34169431599898,I4-FP1,"(R+1) vs (L-92, L-44, L-3)"
RECK,-0.0189638403131073,15.0083453558235,-0.120106038813257,0.90572586680458,0.963168065035922,-6.34201703474044,I4-FP1,"(R+1) vs (L-92, L-44, L-3)"
PRKCD,-0.0274399265737965,13.7088505524082,-0.119922613007453,0.905869114991292,0.963168065035922,-6.34203955387848,I4-FP1,"(R+1) vs (L-92, L-44, L-3)"
TGFBI,0.0200219633968892,19.3380600776571,0.118082442284048,0.907306397469496,0.964115467509729,-6.34226356960475,I4-FP1,"(R+1) vs (L-92, L-44, L-3)"
PGM2,-0.0224765551552259,15.6701572597252,-0.117373753964043,0.907860013212782,0.964123299230181,-6.34234892030646,I4-FP1,"(R+1) vs (L-92, L-44, L-3)"
IGFBP5,0.0172256908121717,19.0789397704743,0.115982513023767,0.908946968903529,0.96430490548838,-6.34251498205266,I4-FP1,"(R+1) vs (L-92, L-44, L-3)"
IGHV3-15,0.0240442146389376,17.1184570099498,0.115756306434555,0.909123718262133,0.96430490548838,-6.34254179573701,I4-FP1,"(R+1) vs (L-92, L-44, L-3)"
ADD2,-0.054429784245217,10.7878511355205,-0.114982632605527,0.909728274860495,0.964366609686952,-6.34263310905164,I4-FP1,"(R+1) vs (L-92, L-44, L-3)"
IGHG1,0.0168314780240272,23.7772245800149,0.112099986061285,0.911981300565343,0.966174667165565,-6.34296795181193,I4-FP1,"(R+1) vs (L-92, L-44, L-3)"
CRHBP,-0.0233893179266235,10.891544522998,-0.110430402827256,0.913286569840076,0.966977082044232,-6.34315800525056,I4-FP1,"(R+1) vs (L-92, L-44, L-3)"
CHST14,-0.0202291309073743,11.4861220686949,-0.109689471101451,0.913865906973099,0.967010387174772,-6.34324143527983,I4-FP1,"(R+1) vs (L-92, L-44, L-3)"
APOC4-APOC2,0.0167078454935065,21.5688060641264,0.108457708231595,0.914829136455213,0.967449626029629,-6.34337889232578,I4-FP1,"(R+1) vs (L-92, L-44, L-3)"
CTPS1,-0.02130235403561,12.0424726994527,-0.104777792350634,0.917707606011375,0.969343318304368,-6.34378031392834,I4-FP1,"(R+1) vs (L-92, L-44, L-3)"
SYK,0.027234848487696,13.391468221257,0.104513484336643,0.917914396118664,0.969343318304368,-6.34380861319613,I4-FP1,"(R+1) vs (L-92, L-44, L-3)"
CD9,0.0316377001561392,14.8972050466975,0.104062262844048,0.918267438076433,0.969343318304368,-6.34385676019,I4-FP1,"(R+1) vs (L-92, L-44, L-3)"
SLC16A3,0.0356494282036088,11.7564567608519,0.102760629817617,0.91928595152835,0.969838436609406,-6.34399448343817,I4-FP1,"(R+1) vs (L-92, L-44, L-3)"
RAB10,-0.0271316411555382,13.925992443712,-0.0997081960493279,0.92167500769056,0.970994347557822,-6.34431066423503,I4-FP1,"(R+1) vs (L-92, L-44, L-3)"
ARHGAP17,0.0414343830058605,11.4790756028011,0.0993619156003173,0.921946080777862,0.970994347557822,-6.34434593164891,I4-FP1,"(R+1) vs (L-92, L-44, L-3)"
ARFGAP2,0.0216045203236827,15.1049472246648,0.099252127647585,0.922032026349524,0.970994347557822,-6.34435708756773,I4-FP1,"(R+1) vs (L-92, L-44, L-3)"
PPP1CA,-0.0194746972516757,13.4271168234409,-0.0965475391652975,0.924149575201503,0.972644007293174,-6.3446280198008,I4-FP1,"(R+1) vs (L-92, L-44, L-3)"
PGD,0.0168470343884052,13.3770061023526,0.0947691128357919,0.925542307288739,0.973472096833749,-6.34480209903068,I4-FP1,"(R+1) vs (L-92, L-44, L-3)"
SIRPA,0.0136804757961463,17.4546287164119,0.0941343560711141,0.926039462087176,0.973472096833749,-6.34486344856556,I4-FP1,"(R+1) vs (L-92, L-44, L-3)"
RETN,0.0167793252688515,13.1379901906185,0.092985158329093,0.926939617420264,0.973838348063552,-6.34497347118921,I4-FP1,"(R+1) vs (L-92, L-44, L-3)"
FCER1G,0.0191780310355849,13.5495722395684,0.0921764277096156,0.927573149098285,0.973924216632048,-6.34505008859576,I4-FP1,"(R+1) vs (L-92, L-44, L-3)"
PGLYRP2.1,0.0164525527868235,15.7147596953225,0.0902286510418429,0.929099173830691,0.974698130493037,-6.34523187232505,I4-FP1,"(R+1) vs (L-92, L-44, L-3)"
RPS4X,0.0300925375096348,13.4899965718901,0.0898259614121458,0.929414704600443,0.974698130493037,-6.34526897104439,I4-FP1,"(R+1) vs (L-92, L-44, L-3)"
APOH,0.0128267933786609,21.9324752135158,0.0871465395260532,0.93151449167332,0.976320117460457,-6.34551159734718,I4-FP1,"(R+1) vs (L-92, L-44, L-3)"
COL12A1,-0.013388456108041,13.5616084382591,-0.083799249189028,0.934138393302152,0.97817922554726,-6.34580438701099,I4-FP1,"(R+1) vs (L-92, L-44, L-3)"
DOK1,0.020359357353973,13.3424248099013,0.0827886791678584,0.934930721315392,0.97817922554726,-6.3458905306196,I4-FP1,"(R+1) vs (L-92, L-44, L-3)"
CRIP2,0.0144881386501598,11.9324122989434,0.0827629327170295,0.934950908497579,0.97817922554726,-6.34589271167172,I4-FP1,"(R+1) vs (L-92, L-44, L-3)"
DCTN1.1,0.0331718582685542,11.0154817837124,0.0798240684215827,0.937255497139313,0.979990021183673,-6.3461372160186,I4-FP1,"(R+1) vs (L-92, L-44, L-3)"
PDIA6,0.0138987545390811,13.7006941809259,0.0785400674889569,0.938262560930173,0.979990021183673,-6.34624126835645,I4-FP1,"(R+1) vs (L-92, L-44, L-3)"
CELF2,0.0175340329906745,12.5733457131666,0.0777603815212641,0.938874134308135,0.979990021183673,-6.34630362943809,I4-FP1,"(R+1) vs (L-92, L-44, L-3)"
EPHA4,0.0685180345046685,15.0447764172633,0.0777240656491386,0.938902620862092,0.979990021183673,-6.34630651891153,I4-FP1,"(R+1) vs (L-92, L-44, L-3)"
HSPE1,0.0399184589372705,10.3619365610779,0.0763241169100693,0.940000819742697,0.980556410665402,-6.34641687765033,I4-FP1,"(R+1) vs (L-92, L-44, L-3)"
ZC3HAV1,0.0263940632463395,13.2829841369716,0.0749220201886455,0.941100827715918,0.981124017081273,-6.34652539659929,I4-FP1,"(R+1) vs (L-92, L-44, L-3)"
TCN2,-0.0141547579969287,14.8948846056156,-0.0734424801118396,0.942261725652518,0.981754395381756,-6.34663772909063,I4-FP1,"(R+1) vs (L-92, L-44, L-3)"
CON_sp|ANXA5_HUMAN|,-0.015426977432984,14.5803406467892,-0.0673560146144771,0.947038746328337,0.986149491014462,-6.34707628520371,I4-FP1,"(R+1) vs (L-92, L-44, L-3)"
GDF2,0.0172220395435598,11.192063436401,0.0644875342094064,0.949290828530512,0.986209859148663,-6.34726983292569,I4-FP1,"(R+1) vs (L-92, L-44, L-3)"
DOK3,-0.0201221574224739,13.3510371020364,-0.0640324485001897,0.949648163293511,0.986209859148663,-6.3472997656715,I4-FP1,"(R+1) vs (L-92, L-44, L-3)"
COPG2,0.0194470153171639,11.9367442837674,0.0637956005912653,0.949834141385721,0.986209859148663,-6.34731526024107,I4-FP1,"(R+1) vs (L-92, L-44, L-3)"
RAB2A,-0.0229948609480796,10.5212823611931,-0.063465990937945,0.950092962934692,0.986209859148663,-6.34733672776562,I4-FP1,"(R+1) vs (L-92, L-44, L-3)"
NUMB,0.0297440121665033,10.9951165342821,0.0631844220792969,0.950314065621336,0.986209859148663,-6.34735497835473,I4-FP1,"(R+1) vs (L-92, L-44, L-3)"
DEFB103B,0.0150592742004711,12.8655096822557,0.0619874579538919,0.951254030951688,0.986209859148663,-6.34743165725293,I4-FP1,"(R+1) vs (L-92, L-44, L-3)"
VDAC3,0.0265772189382325,12.5219456207475,0.0618221866137955,0.951383822885999,0.986209859148663,-6.34744212955327,I4-FP1,"(R+1) vs (L-92, L-44, L-3)"
DDX17,0.0166968074938775,10.7593348354434,0.0614442527795587,0.951680629528118,0.986209859148663,-6.34746597203834,I4-FP1,"(R+1) vs (L-92, L-44, L-3)"
MLEC,-0.0356791502930455,11.1542294516359,-0.0608777349161493,0.952125552401882,0.986209859148663,-6.34750143789611,I4-FP1,"(R+1) vs (L-92, L-44, L-3)"
IGLV3-10,0.00908766748536038,17.1894234232382,0.0583561836932748,0.95410608290081,0.98768166353075,-6.34765531164143,I4-FP1,"(R+1) vs (L-92, L-44, L-3)"
MDH2,-0.0194999248620657,12.1076713208012,-0.0574304920885287,0.954833237204432,0.987717718237382,-6.34771016798737,I4-FP1,"(R+1) vs (L-92, L-44, L-3)"
TMEM59,-0.0111026844645323,14.7794014440387,-0.0561179707204993,0.955864325895608,0.987717718237382,-6.34778644484275,I4-FP1,"(R+1) vs (L-92, L-44, L-3)"
MOGS,0.0342107096055315,13.9491858892965,0.0548142790185464,0.956888557529681,0.987717718237382,-6.34786046355043,I4-FP1,"(R+1) vs (L-92, L-44, L-3)"
VASP,0.0143379275775163,15.6932855263992,0.0545991503176441,0.957057578597548,0.987717718237382,-6.34787251057634,I4-FP1,"(R+1) vs (L-92, L-44, L-3)"
CON_sp|HBA_HUMAN|,-0.0145382403251836,18.3297085389395,-0.0543231310481024,0.957274442880783,0.987717718237382,-6.34788789806177,I4-FP1,"(R+1) vs (L-92, L-44, L-3)"
CCL21,-0.00839259891988319,14.6028939808517,-0.0540378436780265,0.957498592580261,0.987717718237382,-6.34790372029301,I4-FP1,"(R+1) vs (L-92, L-44, L-3)"
F11,0.00702835502282894,22.2206747364,0.0521513906293383,0.958980865730001,0.988668941596642,-6.34800624809176,I4-FP1,"(R+1) vs (L-92, L-44, L-3)"
PDLIM5,-0.0124829706684685,10.9794872479762,-0.0503606202275995,0.960388099079465,0.989541736646384,-6.34810020626389,I4-FP1,"(R+1) vs (L-92, L-44, L-3)"
MGAT2,0.0156695446540382,11.3157097843809,0.0491878972547162,0.961309727761435,0.989878073522888,-6.34815995845685,I4-FP1,"(R+1) vs (L-92, L-44, L-3)"
CLINT1,-0.0116687759983502,12.5851272312314,-0.048518019536855,0.961836201751702,0.989878073522888,-6.34819345826136,I4-FP1,"(R+1) vs (L-92, L-44, L-3)"
TNIK,-0.0134008323885996,11.5270968096236,-0.0475620774818971,0.96258753221192,0.989983746797006,-6.34824046854009,I4-FP1,"(R+1) vs (L-92, L-44, L-3)"
PDLIM7,0.0116364117246856,13.6068272864745,0.0469601048451651,0.963060676062583,0.989983746797006,-6.34826959181155,I4-FP1,"(R+1) vs (L-92, L-44, L-3)"
IGHV3-64,-0.00844949801529537,15.9846465412955,-0.0445772726910282,0.964933692612708,0.991331762201065,-6.34838123313928,I4-FP1,"(R+1) vs (L-92, L-44, L-3)"
SERPINA7,-0.00559601120573027,13.3945070623111,-0.0392433612238599,0.969127138601858,0.994785172227067,-6.34861007636443,I4-FP1,"(R+1) vs (L-92, L-44, L-3)"
ILF2,0.0121698987135978,12.1981727847487,0.0388678743389578,0.969422377467737,0.994785172227067,-6.34862508895008,I4-FP1,"(R+1) vs (L-92, L-44, L-3)"
H1-10,-0.012053071503729,14.3893381397847,-0.0375008409089559,0.970497290379253,0.994865844589209,-6.34867852612553,I4-FP1,"(R+1) vs (L-92, L-44, L-3)"
PKM.1,-0.00668012524618433,18.7631725427149,-0.0369192535520465,0.970954616454228,0.994865844589209,-6.34870068031564,I4-FP1,"(R+1) vs (L-92, L-44, L-3)"
CFHR2,-0.00610705143257561,19.4049738432634,-0.0366173965528324,0.971191983131562,0.994865844589209,-6.34871204236334,I4-FP1,"(R+1) vs (L-92, L-44, L-3)"
SERPINA3,0.0055911481375297,18.3277409926502,0.0353522312661398,0.972186881689866,0.995307335372746,-6.34875864918022,I4-FP1,"(R+1) vs (L-92, L-44, L-3)"
RP2,0.00966010592803812,11.0307147921456,0.03426627216444,0.973040893906381,0.995604161011457,-6.34879734759151,I4-FP1,"(R+1) vs (L-92, L-44, L-3)"
KLK14,0.00872827811834575,10.7992848861782,0.0335027038073716,0.973641394035605,0.9956414023597,-6.34882383475224,I4-FP1,"(R+1) vs (L-92, L-44, L-3)"
C1QC,0.00442719978395089,22.9602408023983,0.0311732620384118,0.975473457095627,0.996937262173585,-6.34890095241348,I4-FP1,"(R+1) vs (L-92, L-44, L-3)"
MMP2,-0.00585182335948886,11.4003269146966,-0.0291075034134575,0.97709825601385,0.998019920060443,-6.34896469369799,I4-FP1,"(R+1) vs (L-92, L-44, L-3)"
RAB8B,0.0069879662020309,12.3334728400564,0.0283318040442763,0.977708400538803,0.998065544795251,-6.34898750064776,I4-FP1,"(R+1) vs (L-92, L-44, L-3)"
NONO,0.0143863727480209,10.917496341497,0.0260484562018228,0.979504501999221,0.998311725077211,-6.34905106008177,I4-FP1,"(R+1) vs (L-92, L-44, L-3)"
RPL13,0.00844596763499971,12.5125186413668,0.0259194534666149,0.97960598014089,0.998311725077211,-6.34905449172754,I4-FP1,"(R+1) vs (L-92, L-44, L-3)"
CFP,0.00355857928858327,21.9537695601153,0.0249636944448851,0.980357825231112,0.998311725077211,-6.34907938553623,I4-FP1,"(R+1) vs (L-92, L-44, L-3)"
GALNT2,-0.00363104434099881,12.0380762837145,-0.0246201946273127,0.98062804303886,0.998311725077211,-6.34908810393806,I4-FP1,"(R+1) vs (L-92, L-44, L-3)"
CTSA,-0.00489903732903762,12.1089811171469,-0.0231315326189698,0.981799142382869,0.998311725077211,-6.3491244917604,I4-FP1,"(R+1) vs (L-92, L-44, L-3)"
ATP2A2,-0.00857360329184331,13.2846304808144,-0.0224760852434022,0.982314782815416,0.998311725077211,-6.34913979373034,I4-FP1,"(R+1) vs (L-92, L-44, L-3)"
HPR,-0.00353498108694694,18.299060796629,-0.0215985122101711,0.983005182008227,0.998311725077211,-6.34915959279163,I4-FP1,"(R+1) vs (L-92, L-44, L-3)"
SFRP2,0.00509437573615478,11.53809683802,0.0212991232799632,0.983240718727503,0.998311725077211,-6.34916616698853,I4-FP1,"(R+1) vs (L-92, L-44, L-3)"
IGHV1-69,0.00298576189775801,15.3539007722115,0.0185665552547186,0.985390568440713,0.998311725077211,-6.34922192987751,I4-FP1,"(R+1) vs (L-92, L-44, L-3)"
PGLYRP1,-0.00807636884203155,9.22191178092535,-0.0180569879579464,0.985791484093523,0.998311725077211,-6.34923148285184,I4-FP1,"(R+1) vs (L-92, L-44, L-3)"
TREML1,0.0124284827462375,12.9533946156943,0.0179269523376924,0.985893793711632,0.998311725077211,-6.34923387808637,I4-FP1,"(R+1) vs (L-92, L-44, L-3)"
TOMM70,-0.00355005446158074,15.0963389291231,-0.0168078230404727,0.986774314133097,0.998311725077211,-6.34925377667586,I4-FP1,"(R+1) vs (L-92, L-44, L-3)"
SERPINA10,-0.00248699012923481,17.2088551637432,-0.015300731246026,0.987960107211751,0.998311725077211,-6.349278547421,I4-FP1,"(R+1) vs (L-92, L-44, L-3)"
PSMA2,-0.0044459779388255,9.92971029497118,-0.0149169220849834,0.98826209635857,0.998311725077211,-6.34928448426214,I4-FP1,"(R+1) vs (L-92, L-44, L-3)"
NUP107,-0.00329008333572744,13.3841838432169,-0.0139155665051355,0.989049992530957,0.998311725077211,-6.34929926344115,I4-FP1,"(R+1) vs (L-92, L-44, L-3)"
IGKV1D-37,0.00695895870618201,14.3550290332906,0.0138367197009445,0.989112032030346,0.998311725077211,-6.34930038355742,I4-FP1,"(R+1) vs (L-92, L-44, L-3)"
FUBP1,0.00327610073904516,12.946201698388,0.0134998622776964,0.989377084357534,0.998311725077211,-6.34930509735272,I4-FP1,"(R+1) vs (L-92, L-44, L-3)"
PICALM,-0.00266721899660637,11.4471165325413,-0.0128904170926961,0.989856622390702,0.998311725077211,-6.34931333037585,I4-FP1,"(R+1) vs (L-92, L-44, L-3)"
SLC25A3,-0.00555256959158612,11.25883311576,-0.0120215187071655,0.990540316338924,0.998311725077211,-6.34932441083181,I4-FP1,"(R+1) vs (L-92, L-44, L-3)"
ARRB1,0.00283663667249101,11.4993623240539,0.0118917987773591,0.990642387312703,0.998311725077211,-6.34932599874957,I4-FP1,"(R+1) vs (L-92, L-44, L-3)"
PGLYRP2,0.00207157639051303,16.7443930923819,0.0118421442337199,0.990681458358665,0.998311725077211,-6.34932660201775,I4-FP1,"(R+1) vs (L-92, L-44, L-3)"
AHSA1,0.00435291304152052,10.9528933001405,0.00888476287183871,0.993008535967922,0.998311725077211,-6.34935797993632,I4-FP1,"(R+1) vs (L-92, L-44, L-3)"
CON_sp|LYSC_LYSEN|,0.00151975975325768,20.7102946161587,0.00888140608947555,0.993011177363323,0.998311725077211,-6.34935801046444,I4-FP1,"(R+1) vs (L-92, L-44, L-3)"
IGHV1-45,0.00202502995029796,14.77081736869,0.00792360042070934,0.993764861756027,0.998311725077211,-6.34936624993578,I4-FP1,"(R+1) vs (L-92, L-44, L-3)"
IPO4,0.00165455684346227,17.2957723103659,0.00718041887139098,0.994349665513901,0.998311725077211,-6.34937199600759,I4-FP1,"(R+1) vs (L-92, L-44, L-3)"
SPARCL1,-0.00118029424186261,13.5754276521673,-0.00715635656541254,0.994368600011463,0.998311725077211,-6.34937217260017,I4-FP1,"(R+1) vs (L-92, L-44, L-3)"
ALB,0.00497091663443605,14.4123053219447,0.00711954701390716,0.99439756525378,0.998311725077211,-6.34937244159745,I4-FP1,"(R+1) vs (L-92, L-44, L-3)"
LGALS1,-0.00102151757210222,14.8845932351058,-0.00663503481041362,0.994778826087349,0.998311725077211,-6.34937585302343,I4-FP1,"(R+1) vs (L-92, L-44, L-3)"
PYHIN1,-0.00248321435516629,10.910192413048,-0.00650768784743713,0.994879035152853,0.998311725077211,-6.34937670978086,I4-FP1,"(R+1) vs (L-92, L-44, L-3)"
RPL31,-0.00176582308522199,14.1451457392096,-0.00645813167503204,0.994918030827657,0.998311725077211,-6.34937703869436,I4-FP1,"(R+1) vs (L-92, L-44, L-3)"
AHSG,-0.000635065279880109,20.4933368687821,-0.00422498514097924,0.996675302483308,0.998657599090676,-6.34938925105091,I4-FP1,"(R+1) vs (L-92, L-44, L-3)"
HBD,-0.001355380120172,14.2649921443435,-0.00412350352328641,0.996755159246831,0.998657599090676,-6.34938968474133,I4-FP1,"(R+1) vs (L-92, L-44, L-3)"
RPL26,-0.0013820248548626,11.1775708837492,-0.00380298697416273,0.997007376721653,0.998657599090676,-6.34939098525831,I4-FP1,"(R+1) vs (L-92, L-44, L-3)"
KPNB1,0.0012352864500631,10.892073132296,0.00314395550276437,0.997525975748931,0.998657599090676,-6.34939332886414,I4-FP1,"(R+1) vs (L-92, L-44, L-3)"
AKAP13,0.000782543574535665,12.7401852783792,0.0017871182802682,0.998593689012304,0.998671688417063,-6.34939675381309,I4-FP1,"(R+1) vs (L-92, L-44, L-3)"
BGLAP,-0.000599477609863896,10.6800300676415,-0.00168799773926035,0.998671688417063,0.998671688417063,-6.34939693013973,I4-FP1,"(R+1) vs (L-92, L-44, L-3)"
COL4A2,-1.5717355064401,12.0222256605722,-6.08075223888237,6.35999240680904e-06,0.00219001460303646,4.03219375051273,I4-FP2,"(R+1, R+45, R+82) vs (L-92, L-44, L-3)"
H4-16,-1.06018759324987,18.7826045693116,-6.02665632642538,7.15325981859918e-06,0.00219001460303646,3.92204356173437,I4-FP2,"(R+1, R+45, R+82) vs (L-92, L-44, L-3)"
LPL,-1.32095142207774,17.2139681615597,-5.98205934829039,7.88324685497339e-06,0.00219001460303646,3.83093214266228,I4-FP2,"(R+1, R+45, R+82) vs (L-92, L-44, L-3)"
TGFB1,1.25108186400107,16.086602457879,5.97172530252727,8.06304413440193e-06,0.00219001460303646,3.80978098351669,I4-FP2,"(R+1, R+45, R+82) vs (L-92, L-44, L-3)"
PF4,1.23215982355505,18.6304081331751,5.89798706393261,9.47427419567688e-06,0.00219001460303646,3.6584387704333,I4-FP2,"(R+1, R+45, R+82) vs (L-92, L-44, L-3)"
SNCA,1.61696188142918,14.0373583492254,5.87217674759179,1.00260798773897e-05,0.00219001460303646,3.60529305628729,I4-FP2,"(R+1, R+45, R+82) vs (L-92, L-44, L-3)"
PRDX2,1.01222670282897,14.3530038429782,5.86948045160362,1.00855935666152e-05,0.00219001460303646,3.59973604710077,I4-FP2,"(R+1, R+45, R+82) vs (L-92, L-44, L-3)"
PDGFA,1.00259986521105,12.9128367264662,5.73795991296091,1.34749513540073e-05,0.00256024075726139,3.32752170985794,I4-FP2,"(R+1, R+45, R+82) vs (L-92, L-44, L-3)"
CCN2,1.11467667014269,13.2284611261661,5.65486297732516,1.61984464939991e-05,0.00273573763009762,3.15439249837997,I4-FP2,"(R+1, R+45, R+82) vs (L-92, L-44, L-3)"
LTBP1,1.10656790281287,16.9268670599714,5.47834132383998,2.40109188871307e-05,0.00364965967084387,2.78381864062509,I4-FP2,"(R+1, R+45, R+82) vs (L-92, L-44, L-3)"
NCF1,-1.07868770283295,13.5787857494288,-5.39404097281056,2.9010301823275e-05,0.0037520534289173,2.60556492476856,I4-FP2,"(R+1, R+45, R+82) vs (L-92, L-44, L-3)"
APP,1.09028777370418,12.9163117364704,5.38476879292351,2.96214744388208e-05,0.0037520534289173,2.58591033612544,I4-FP2,"(R+1, R+45, R+82) vs (L-92, L-44, L-3)"
MNDA,-1.10258282421466,16.3347932241652,-5.18741027425593,4.62602065575452e-05,0.00540888568980529,2.16539773908476,I4-FP2,"(R+1, R+45, R+82) vs (L-92, L-44, L-3)"
FBLN5,-1.1290722597483,11.03006799957,-5.12306201791141,5.35398291164054e-05,0.00578446637523825,2.0274445981575,I4-FP2,"(R+1, R+45, R+82) vs (L-92, L-44, L-3)"
PF4V1,1.48000008764687,14.3506870214247,5.09489409238723,5.70835497556406e-05,0.00578446637523825,1.96693420969921,I4-FP2,"(R+1, R+45, R+82) vs (L-92, L-44, L-3)"
AIDA,1.17015104368242,10.27329652715,5.05371203435183,6.26987562652247e-05,0.00595638184519635,1.87833709829249,I4-FP2,"(R+1, R+45, R+82) vs (L-92, L-44, L-3)"
CARHSP1,1.2735839677455,11.6445780748906,5.0154907299581,6.84121888533581e-05,0.00611685453277084,1.79597575664302,I4-FP2,"(R+1, R+45, R+82) vs (L-92, L-44, L-3)"
RTCA,0.873353325995729,11.773952589005,4.94141991188244,8.10365084390651e-05,0.00684308293485438,1.63601335813583,I4-FP2,"(R+1, R+45, R+82) vs (L-92, L-44, L-3)"
THBS4,-0.615590530444045,16.8550975089398,-4.8027913748389,0.000111383678833712,0.00869011638341591,1.33548991664485,I4-FP2,"(R+1, R+45, R+82) vs (L-92, L-44, L-3)"
SFPQ,-0.932315749891911,12.7657187133364,-4.77458258092356,0.000118851371237642,0.00869011638341591,1.27417167295207,I4-FP2,"(R+1, R+45, R+82) vs (L-92, L-44, L-3)"
QPCT,-1.17913757503366,10.7878595253249,-4.76945407314059,0.000120262563055601,0.00869011638341591,1.26301808871206,I4-FP2,"(R+1, R+45, R+82) vs (L-92, L-44, L-3)"
ANXA1,-0.837140174851112,14.9424375399373,-4.74997819211121,0.000125778000286282,0.00869011638341591,1.22064622706496,I4-FP2,"(R+1, R+45, R+82) vs (L-92, L-44, L-3)"
LEAP2,-1.04107857160285,13.2918302965586,-4.69587809771928,0.000142480605197444,0.00941610956087461,1.10282340319177,I4-FP2,"(R+1, R+45, R+82) vs (L-92, L-44, L-3)"
AQR,-1.01523616999852,11.5484288036343,-4.67118886279543,0.000150832299273032,0.00955271228729208,1.04899683328442,I4-FP2,"(R+1, R+45, R+82) vs (L-92, L-44, L-3)"
PRDX6,0.792760802034136,14.7163897302978,4.60389712208064,0.000176197034681965,0.0107127797086635,0.902124386984782,I4-FP2,"(R+1, R+45, R+82) vs (L-92, L-44, L-3)"
FBN2,-0.755452609316808,14.9364055779376,-4.57171186668903,0.000189811925030492,0.0110966971556287,0.83179733882034,I4-FP2,"(R+1, R+45, R+82) vs (L-92, L-44, L-3)"
PPIC,-0.739976471564611,12.5575779373115,-4.49972825582303,0.000224233580334111,0.0126235200780684,0.674346264952395,I4-FP2,"(R+1, R+45, R+82) vs (L-92, L-44, L-3)"
FGA.1,-2.47081572702903,11.086032534248,-4.46394150993202,0.000243624768324068,0.0126772348218607,0.595995922452623,I4-FP2,"(R+1, R+45, R+82) vs (L-92, L-44, L-3)"
EIF5A,0.8536869608981,15.072802469019,4.45326562574602,0.000249730565714831,0.0126772348218607,0.572614160746737,I4-FP2,"(R+1, R+45, R+82) vs (L-92, L-44, L-3)"
FXYD2,-0.892169438987002,11.9650663928685,-4.45244095465111,0.00025020858201041,0.0126772348218607,0.570807858766466,I4-FP2,"(R+1, R+45, R+82) vs (L-92, L-44, L-3)"
SPARC,1.06049831519967,12.409125051917,4.4168991084972,0.000271710462505158,0.0133225775163819,0.492940141819938,I4-FP2,"(R+1, R+45, R+82) vs (L-92, L-44, L-3)"
GCA,-0.960305412686167,11.685903073477,-4.36206507084427,0.00030859185671792,0.0146581131941012,0.372740469406274,I4-FP2,"(R+1, R+45, R+82) vs (L-92, L-44, L-3)"
FUCA1,-0.874516558657745,13.2146898306557,-4.29103618080226,0.000363956496576679,0.0167640568120167,0.21695245619316,I4-FP2,"(R+1, R+45, R+82) vs (L-92, L-44, L-3)"
FBXO7,1.1870005766784,13.9501256172931,4.21174403591032,0.000437638103368282,0.0195649975623467,0.0429748755310619,I4-FP2,"(R+1, R+45, R+82) vs (L-92, L-44, L-3)"
THBS1,0.774546721389953,16.8022088563596,4.17318583028894,0.000478704064683736,0.0206366604037499,-0.0416330982224142,I4-FP2,"(R+1, R+45, R+82) vs (L-92, L-44, L-3)"
MMRN1,0.911961973744166,17.4435925758902,4.16424712882074,0.000488763009562498,0.0206366604037499,-0.0612465655747067,I4-FP2,"(R+1, R+45, R+82) vs (L-92, L-44, L-3)"
PAFAH1B1,1.17480469039876,11.5773440433309,4.12845541375031,0.000531207294114804,0.0214353541294048,-0.13977582606044,I4-FP2,"(R+1, R+45, R+82) vs (L-92, L-44, L-3)"
BDNF,1.11977034183071,12.1967043214804,4.12294346032994,0.000538064064627425,0.0214353541294048,-0.151868329245875,I4-FP2,"(R+1, R+45, R+82) vs (L-92, L-44, L-3)"
FN3K,1.02701167572828,12.5705805823886,4.11352507544533,0.000549986059899204,0.0214353541294048,-0.172530200858198,I4-FP2,"(R+1, R+45, R+82) vs (L-92, L-44, L-3)"
CSE1L,-1.22008881913014,12.315821707228,-4.0858074764335,0.000586627745355272,0.0221875742802225,-0.233329395544394,I4-FP2,"(R+1, R+45, R+82) vs (L-92, L-44, L-3)"
NCF4,-0.996245533316344,11.6446301842464,-4.07721115388532,0.000598480622032319,0.0221875742802225,-0.252183113161115,I4-FP2,"(R+1, R+45, R+82) vs (L-92, L-44, L-3)"
ANGPTL8,-0.759217170255317,13.8509665166976,-3.9307623999521,0.000841454491200914,0.0304526387291759,-0.573091501149956,I4-FP2,"(R+1, R+45, R+82) vs (L-92, L-44, L-3)"
LOX,-0.673636563448562,14.0159938351922,-3.91754673045829,0.000867719508436513,0.0306728756470581,-0.60201462842236,I4-FP2,"(R+1, R+45, R+82) vs (L-92, L-44, L-3)"
CILP2,-0.765796333774185,12.0514190422339,-3.87806102928895,0.000951160236013018,0.0324716058729466,-0.688384429050775,I4-FP2,"(R+1, R+45, R+82) vs (L-92, L-44, L-3)"
NUDT2,-0.699903433015503,14.6719760896831,-3.87348607454211,0.000961330437028025,0.0324716058729466,-0.698386715021777,I4-FP2,"(R+1, R+45, R+82) vs (L-92, L-44, L-3)"
ATP2C1,1.69594934974776,12.4578482433618,3.85448659291375,0.00100473766048352,0.0332000270420643,-0.739914022646002,I4-FP2,"(R+1, R+45, R+82) vs (L-92, L-44, L-3)"
CAMP,-0.74360327820024,20.1228907619425,-3.81407881090949,0.00110364598193586,0.0356923806923939,-0.828167520692646,I4-FP2,"(R+1, R+45, R+82) vs (L-92, L-44, L-3)"
RPL27,1.42697879841654,11.3578700305621,3.78600239458804,0.00117801135034716,0.0373036927609934,-0.889430654531359,I4-FP2,"(R+1, R+45, R+82) vs (L-92, L-44, L-3)"
DEFB1,-0.556623287396217,14.5046957786188,-3.77049188389174,0.00122120652254088,0.0378823247808599,-0.923252834230889,I4-FP2,"(R+1, R+45, R+82) vs (L-92, L-44, L-3)"
NBEAL2,-0.67611647796083,14.3638201869113,-3.74029028910697,0.00130987651479895,0.0398202460498881,-0.989062461357612,I4-FP2,"(R+1, R+45, R+82) vs (L-92, L-44, L-3)"
NUP205,-0.91890487278124,15.4381875456767,-3.73080554677959,0.00133901958088868,0.0399080345676628,-1.00971614346732,I4-FP2,"(R+1, R+45, R+82) vs (L-92, L-44, L-3)"
IGHV3-21,-0.831834582514808,11.5934981183089,-3.72126537688333,0.00136898156568456,0.0400163842277026,-1.03048365487235,I4-FP2,"(R+1, R+45, R+82) vs (L-92, L-44, L-3)"
OLA1,0.701067121907339,13.4268983434493,3.67971482413494,0.00150741701834649,0.0432315824129561,-1.12084866546321,I4-FP2,"(R+1, R+45, R+82) vs (L-92, L-44, L-3)"
PPBP,0.564847929908303,21.938072951394,3.6667774485256,0.00155328764615892,0.0437221707807697,-1.14895575412391,I4-FP2,"(R+1, R+45, R+82) vs (L-92, L-44, L-3)"
SOD3,-0.479419313817455,16.8295430349424,-3.61143249617017,0.00176562253350487,0.0487953863804983,-1.26902477162548,I4-FP2,"(R+1, R+45, R+82) vs (L-92, L-44, L-3)"
SFRP4,-0.756083334719967,12.6984423172327,-3.5980503291948,0.00182112942586112,0.0494306558448018,-1.29801299787191,I4-FP2,"(R+1, R+45, R+82) vs (L-92, L-44, L-3)"
S100A12,-1.19647550599663,13.907731108882,-3.56776102458096,0.00195321007410124,0.0520856019760331,-1.36355772511827,I4-FP2,"(R+1, R+45, R+82) vs (L-92, L-44, L-3)"
GCLM,0.959730609030236,11.3806386806513,3.53852601301115,0.00208964529474731,0.0542999960434999,-1.42672805834819,I4-FP2,"(R+1, R+45, R+82) vs (L-92, L-44, L-3)"
LOXL1,-0.604231530688998,12.9467990859795,-3.53479972694038,0.00210769721484637,0.0542999960434999,-1.43477291004762,I4-FP2,"(R+1, R+45, R+82) vs (L-92, L-44, L-3)"
WARS1,-0.57031800305398,16.1258308057994,-3.51823860381865,0.00218980516826353,0.0554750642626763,-1.47050826544018,I4-FP2,"(R+1, R+45, R+82) vs (L-92, L-44, L-3)"
ABCF2,-0.746013478587165,11.7183335445564,-3.48983996197782,0.00233800011198025,0.0582583634460652,-1.53171128131717,I4-FP2,"(R+1, R+45, R+82) vs (L-92, L-44, L-3)"
MGP,-0.511653169360784,18.6391785556752,-3.46799279532271,0.00245868778380141,0.0602775069577122,-1.57872780102644,I4-FP2,"(R+1, R+45, R+82) vs (L-92, L-44, L-3)"
CCL5,0.618969046807272,16.4811271143616,3.45865596405195,0.00251211696819266,0.060609806216712,-1.59880285004336,I4-FP2,"(R+1, R+45, R+82) vs (L-92, L-44, L-3)"
FGB,-0.456621733847395,23.3753491877796,-3.43819676194728,0.00263321721355418,0.0623079746992243,-1.64275235329455,I4-FP2,"(R+1, R+45, R+82) vs (L-92, L-44, L-3)"
TIMP3,0.457407886479465,14.5302408568385,3.43306438659978,0.00266448576016419,0.0623079746992243,-1.65376877249688,I4-FP2,"(R+1, R+45, R+82) vs (L-92, L-44, L-3)"
HUWE1,-1.044539474296,11.8969171543781,-3.42484187835987,0.00271534281988359,0.0625351679730767,-1.67141061237013,I4-FP2,"(R+1, R+45, R+82) vs (L-92, L-44, L-3)"
CON_sp|LYSC_HUMAN|,-0.437304228437476,21.4113130457254,-3.41167402607554,0.00279878044257874,0.0630046577425456,-1.69964367143444,I4-FP2,"(R+1, R+45, R+82) vs (L-92, L-44, L-3)"
CXCL2,1.04845175816038,11.0860142676179,3.40859831819365,0.00281862942532441,0.0630046577425456,-1.70623480070937,I4-FP2,"(R+1, R+45, R+82) vs (L-92, L-44, L-3)"
ST13,0.758954259829742,15.5061676578762,3.38293184959959,0.00298974560704,0.0652358433706696,-1.76118481877206,I4-FP2,"(R+1, R+45, R+82) vs (L-92, L-44, L-3)"
OGN,-0.587176091102906,13.7948823922497,-3.37569482000275,0.00303980943428556,0.0652358433706696,-1.7766615768967,I4-FP2,"(R+1, R+45, R+82) vs (L-92, L-44, L-3)"
GRIK1,-0.688089853978166,14.9745150007826,-3.37340284810816,0.00305583544387626,0.0652358433706696,-1.78156147136449,I4-FP2,"(R+1, R+45, R+82) vs (L-92, L-44, L-3)"
ANTXR1,-0.650726400887732,16.0302118770751,-3.36357475423711,0.00312550028868523,0.0652358433706696,-1.8025636347929,I4-FP2,"(R+1, R+45, R+82) vs (L-92, L-44, L-3)"
PEBP4,-0.572655409280082,15.4171602484238,-3.36252437286751,0.00313303721451242,0.0652358433706696,-1.80480739592749,I4-FP2,"(R+1, R+45, R+82) vs (L-92, L-44, L-3)"
HEXB,-0.580357340228189,13.8184634344766,-3.35040172180069,0.00322132204911506,0.0659072582604117,-1.83069100850599,I4-FP2,"(R+1, R+45, R+82) vs (L-92, L-44, L-3)"
DUSP3.1,-0.537943191113438,16.5203983496613,-3.34626496338503,0.00325200287469136,0.0659072582604117,-1.8395184623575,I4-FP2,"(R+1, R+45, R+82) vs (L-92, L-44, L-3)"
NSF,0.552219107664402,12.3522962354382,3.33456346460569,0.00334034710177073,0.0665975829552821,-1.86447405106427,I4-FP2,"(R+1, R+45, R+82) vs (L-92, L-44, L-3)"
KRTDAP,-0.575512781453964,13.9066019403465,-3.3274053222308,0.00339554400352276,0.0665975829552821,-1.8797295598734,I4-FP2,"(R+1, R+45, R+82) vs (L-92, L-44, L-3)"
"coy_tr|A0A3B3ISV5|A0A3B3ISV5_HUMAN readthrough, Uncharacterized protein OS=Homo sapiens OX=9606",0.425009327731478,11.2796053546429,3.31705357629753,0.00347694957779388,0.0665975829552821,-1.90177695891703,I4-FP2,"(R+1, R+45, R+82) vs (L-92, L-44, L-3)"
PA2G4,0.674912917908853,13.4793257023995,3.31302815807238,0.00350911843081163,0.0665975829552821,-1.91034576267668,I4-FP2,"(R+1, R+45, R+82) vs (L-92, L-44, L-3)"
IGLV9-49,-0.597537541846527,13.95508699176,-3.30860473003378,0.00354480384104023,0.0665975829552821,-1.91975878350916,I4-FP2,"(R+1, R+45, R+82) vs (L-92, L-44, L-3)"
HLA-A.1,-0.624049494219326,12.9241643488034,-3.30515268833846,0.00357289915541329,0.0665975829552821,-1.92710249532709,I4-FP2,"(R+1, R+45, R+82) vs (L-92, L-44, L-3)"
IGLV2-11,-0.498502897556001,17.4426136668924,-3.29941529286091,0.00362007699997043,0.0665975829552821,-1.93930365556292,I4-FP2,"(R+1, R+45, R+82) vs (L-92, L-44, L-3)"
CORO1B,1.22744525757668,12.0350034245001,3.29696416783841,0.00364041753437149,0.0665975829552821,-1.94451457622859,I4-FP2,"(R+1, R+45, R+82) vs (L-92, L-44, L-3)"
SERPINF2,0.629086223882723,19.1053474143256,3.28901445194159,0.00370715988770488,0.0665975829552821,-1.96140827621917,I4-FP2,"(R+1, R+45, R+82) vs (L-92, L-44, L-3)"
NDST1,-1.08631274213501,10.7671354654722,-3.28700640556599,0.00372420694157827,0.0665975829552821,-1.96567385074373,I4-FP2,"(R+1, R+45, R+82) vs (L-92, L-44, L-3)"
COL18A1,-0.547792628763186,16.4468737070333,-3.26088704430281,0.00395304623064312,0.069867793843925,-2.02109551520294,I4-FP2,"(R+1, R+45, R+82) vs (L-92, L-44, L-3)"
PRPS1,0.92943070509326,13.5759231122904,3.24045319086184,0.00414159429168098,0.0723588887741965,-2.06437104966851,I4-FP2,"(R+1, R+45, R+82) vs (L-92, L-44, L-3)"
CILP,-0.810520465669936,10.1728103642442,-3.2192671093523,0.00434634394511652,0.0743299801967266,-2.10916108371045,I4-FP2,"(R+1, R+45, R+82) vs (L-92, L-44, L-3)"
CYBB,-0.663272737185808,12.2428963392359,-3.21867397836955,0.00435221594572938,0.0743299801967266,-2.11041386408616,I4-FP2,"(R+1, R+45, R+82) vs (L-92, L-44, L-3)"
COASY,0.896650924391652,11.6694681441136,3.20870138059527,0.00445211070462919,0.0751912030115152,-2.13146776587939,I4-FP2,"(R+1, R+45, R+82) vs (L-92, L-44, L-3)"
PCOLCE,-0.399700698693489,20.2549008111805,-3.16199166930127,0.00495051443182997,0.0826899113888084,-2.22983035060291,I4-FP2,"(R+1, R+45, R+82) vs (L-92, L-44, L-3)"
BMP1,-0.53336657733277,14.3039765009674,-3.14720072324013,0.00511936293329546,0.084580778897925,-2.26088907896631,I4-FP2,"(R+1, R+45, R+82) vs (L-92, L-44, L-3)"
CD74,-0.61864222716361,10.7974428616194,-3.12247235898755,0.00541423333841721,0.0880040894086712,-2.31271640830307,I4-FP2,"(R+1, R+45, R+82) vs (L-92, L-44, L-3)"
PCOLCE2,-0.401955018094081,15.1560496456615,-3.12018252072245,0.0054423581607994,0.0880040894086712,-2.31750926182542,I4-FP2,"(R+1, R+45, R+82) vs (L-92, L-44, L-3)"
MARCO,-0.477380223549358,15.2197538151124,-3.11530742804532,0.00550270952349828,0.0880433523759724,-2.3277096779473,I4-FP2,"(R+1, R+45, R+82) vs (L-92, L-44, L-3)"
SRGN,1.07763559491383,16.6039066150567,3.10699636828943,0.00560709754772886,0.0887790445057069,-2.34508790537572,I4-FP2,"(R+1, R+45, R+82) vs (L-92, L-44, L-3)"
ATP6V0D1,-0.689750248836389,13.4821289706615,-3.08511293950274,0.00589123007730324,0.0923161826546488,-2.39077565463377,I4-FP2,"(R+1, R+45, R+82) vs (L-92, L-44, L-3)"
CON_sp|LEP_HUMAN|,-0.89130055600753,13.4316784645648,-3.07814605302144,0.00598458207897001,0.0928220893881064,-2.40529936949655,I4-FP2,"(R+1, R+45, R+82) vs (L-92, L-44, L-3)"
HMGA1,0.71289452117328,12.9418001751505,3.07043484976779,0.00608957909210632,0.0930687224344445,-2.42136240717184,I4-FP2,"(R+1, R+45, R+82) vs (L-92, L-44, L-3)"
CON_sp|RS27A_HUMAN|,0.449896712178548,14.5706697741633,3.06726945994567,0.00613319433072696,0.0930687224344445,-2.42795238203338,I4-FP2,"(R+1, R+45, R+82) vs (L-92, L-44, L-3)"
ITGAM,-0.811423971205078,11.4716338396905,-3.06359728283563,0.00618417168807822,0.0930687224344445,-2.43559465780934,I4-FP2,"(R+1, R+45, R+82) vs (L-92, L-44, L-3)"
DMTN,0.627404924127237,13.8445999242653,3.04107158541953,0.00650596955976244,0.0969517032435187,-2.48240767259313,I4-FP2,"(R+1, R+45, R+82) vs (L-92, L-44, L-3)"
CPB2,-0.462459564211421,20.5389479402738,-3.03669039523545,0.00657041383087181,0.0969614468245161,-2.49149936972317,I4-FP2,"(R+1, R+45, R+82) vs (L-92, L-44, L-3)"
UGT8,0.657913898902849,13.5477625237081,3.02426015229753,0.00675663293153423,0.0979334155987054,-2.51727023361604,I4-FP2,"(R+1, R+45, R+82) vs (L-92, L-44, L-3)"
LCN2,-0.654219119358751,14.0669858235119,-3.01924247092653,0.00683324035393801,0.0979334155987054,-2.5276629679523,I4-FP2,"(R+1, R+45, R+82) vs (L-92, L-44, L-3)"
CYB5R3,0.69441808703104,13.8503475502569,3.01706922354639,0.00686668034241715,0.0979334155987054,-2.5321624273299,I4-FP2,"(R+1, R+45, R+82) vs (L-92, L-44, L-3)"
NAA50,0.65334197686368,10.4159839811375,3.01443330363021,0.00690745180037496,0.0979334155987054,-2.53761831587989,I4-FP2,"(R+1, R+45, R+82) vs (L-92, L-44, L-3)"
EIF4E,0.537116021859322,11.9688248033731,3.01115877614404,0.00695842689780275,0.0979334155987054,-2.54439374101411,I4-FP2,"(R+1, R+45, R+82) vs (L-92, L-44, L-3)"
TPPP3,0.917230684711942,15.8697819985617,3.00429819318688,0.00706640776575996,0.0982142581169641,-2.55858099555078,I4-FP2,"(R+1, R+45, R+82) vs (L-92, L-44, L-3)"
CHRDL1,-0.481555686474724,13.8620905810105,-3.00170701326647,0.0071076107847803,0.0982142581169641,-2.56393649528798,I4-FP2,"(R+1, R+45, R+82) vs (L-92, L-44, L-3)"
FCGR3B,-0.691271503164669,11.7510874136995,-2.98350168603653,0.00740370879901231,0.100111087627451,-2.60151835973078,I4-FP2,"(R+1, R+45, R+82) vs (L-92, L-44, L-3)"
PKHD1L1,-0.484288226326404,13.9053705705144,-2.9781023919818,0.00749379006489951,0.100111087627451,-2.61264892366232,I4-FP2,"(R+1, R+45, R+82) vs (L-92, L-44, L-3)"
CHID1,-0.60390065669169,14.9205753541603,-2.97779463012126,0.00749895645865367,0.100111087627451,-2.61328315634361,I4-FP2,"(R+1, R+45, R+82) vs (L-92, L-44, L-3)"
HMGB2,-0.757030637538569,14.6375469346943,-2.97723667696786,0.00750833157205884,0.100111087627451,-2.61443292190652,I4-FP2,"(R+1, R+45, R+82) vs (L-92, L-44, L-3)"
DNAJB1,0.644006369127668,12.4028180736188,2.95988149162498,0.0078056550141181,0.103088639956753,-2.65015831060024,I4-FP2,"(R+1, R+45, R+82) vs (L-92, L-44, L-3)"
APOA1,-0.406964926486828,23.2735163442147,-2.95323304822207,0.00792253404998557,0.103088639956753,-2.6638242603551,I4-FP2,"(R+1, R+45, R+82) vs (L-92, L-44, L-3)"
ITGB5,-0.82188101623579,12.9564877725848,-2.95211177298791,0.00794241142589274,0.103088639956753,-2.66612796507844,I4-FP2,"(R+1, R+45, R+82) vs (L-92, L-44, L-3)"
DNASE1L3,-0.518740444017968,11.697185660632,-2.94871429534633,0.00800293389137954,0.103088639956753,-2.67310629171133,I4-FP2,"(R+1, R+45, R+82) vs (L-92, L-44, L-3)"
MYH10,-0.587128051816552,14.2092359000169,-2.93588115777538,0.00823557527517438,0.105060912195747,-2.69943890437531,I4-FP2,"(R+1, R+45, R+82) vs (L-92, L-44, L-3)"
CON_sp|TRYP_PIG|,-0.47698296182946,19.729341668367,-2.93030534910595,0.00833867115202549,0.105060912195747,-2.71086697337556,I4-FP2,"(R+1, R+45, R+82) vs (L-92, L-44, L-3)"
FKBP1B,-2.47622477271516,18.5618765985068,-2.92897770490904,0.00836340156295095,0.105060912195747,-2.71358691263956,I4-FP2,"(R+1, R+45, R+82) vs (L-92, L-44, L-3)"
HPSE,0.70245607691077,13.6130496631182,2.90759908393459,0.00877147672532158,0.108719091956824,-2.75732238424469,I4-FP2,"(R+1, R+45, R+82) vs (L-92, L-44, L-3)"
BTK.1,-1.68400024869223,9.20656973465891,-2.90600320543765,0.00880269497910372,0.108719091956824,-2.76058237921666,I4-FP2,"(R+1, R+45, R+82) vs (L-92, L-44, L-3)"
IGHV3-74,-0.498040204629967,15.661844472746,-2.90262207868343,0.00886918908068828,0.108719091956824,-2.76748698954478,I4-FP2,"(R+1, R+45, R+82) vs (L-92, L-44, L-3)"
SERPINE2,0.637452464300334,11.3889691215649,2.89861640400696,0.00894859044496563,0.108814859810782,-2.77566308206882,I4-FP2,"(R+1, R+45, R+82) vs (L-92, L-44, L-3)"
H2BC18,-0.522293799210093,18.9929248860334,-2.89453731365086,0.00903014871835299,0.108843821781726,-2.78398465113343,I4-FP2,"(R+1, R+45, R+82) vs (L-92, L-44, L-3)"
C1QTNF3,-0.713026633724187,11.9557215050975,-2.89135916635858,0.00909418774097316,0.108843821781726,-2.79046517562108,I4-FP2,"(R+1, R+45, R+82) vs (L-92, L-44, L-3)"
EXT1,-0.469838350605854,13.9589505269439,-2.88144089025411,0.00929685541462478,0.110400158048669,-2.81067202365873,I4-FP2,"(R+1, R+45, R+82) vs (L-92, L-44, L-3)"
MBL2,0.572794248158789,14.9555304408607,2.87281356236217,0.00947666378863125,0.110717090732822,-2.82822718934492,I4-FP2,"(R+1, R+45, R+82) vs (L-92, L-44, L-3)"
NAMPT,-0.579080526821808,10.3783306416614,-2.8727018061359,0.00947901473201494,0.110717090732822,-2.82845446191131,I4-FP2,"(R+1, R+45, R+82) vs (L-92, L-44, L-3)"
HSP90AA1,0.444347591338917,14.824870632494,2.86971447593576,0.00954206505657881,0.110717090732822,-2.83452837095553,I4-FP2,"(R+1, R+45, R+82) vs (L-92, L-44, L-3)"
FGG,-0.355033035515209,23.2669931417822,-2.86215545218865,0.00970340711091835,0.111736203095423,-2.84988664631715,I4-FP2,"(R+1, R+45, R+82) vs (L-92, L-44, L-3)"
AXL,-0.819159640094056,11.5889359715086,-2.8490346250371,0.0099896920045935,0.113359198089129,-2.87650786438273,I4-FP2,"(R+1, R+45, R+82) vs (L-92, L-44, L-3)"
ITGA7,-3.27413945187574,20.3206802177013,-2.84886216703326,0.00999350825259434,0.113359198089129,-2.87685745094197,I4-FP2,"(R+1, R+45, R+82) vs (L-92, L-44, L-3)"
STC2,-0.438909051348369,14.0513456558386,-2.84381276081983,0.0101058655997246,0.113784560826529,-2.88708932851969,I4-FP2,"(R+1, R+45, R+82) vs (L-92, L-44, L-3)"
H2AC20,-0.519071236904864,19.4550910464679,-2.83749717558602,0.0102481014693806,0.114189814551917,-2.89987686386699,I4-FP2,"(R+1, R+45, R+82) vs (L-92, L-44, L-3)"
CR1,-0.425397152756227,12.0887539861991,-2.83282497169602,0.0103545577662173,0.114189814551917,-2.90932970983781,I4-FP2,"(R+1, R+45, R+82) vs (L-92, L-44, L-3)"
PFKL.1,0.66369264335141,12.6574841218352,2.83227173511505,0.0103672331632661,0.114189814551917,-2.91044861399334,I4-FP2,"(R+1, R+45, R+82) vs (L-92, L-44, L-3)"
S100A11,-0.516122370409204,14.9914288370235,-2.82684975371699,0.0104922467592878,0.114735360245449,-2.92140980460945,I4-FP2,"(R+1, R+45, R+82) vs (L-92, L-44, L-3)"
PADI4,-0.830285528863205,13.8316934104195,-2.82345648110293,0.0105712174764505,0.114773218315749,-2.9282654533008,I4-FP2,"(R+1, R+45, R+82) vs (L-92, L-44, L-3)"
ZYX,0.518179375173396,14.9262267402098,2.81809311151805,0.0106971988151824,0.115317320560832,-2.93909469385398,I4-FP2,"(R+1, R+45, R+82) vs (L-92, L-44, L-3)"
COMP,-0.505889777869381,15.1748496528043,-2.81211352286243,0.0108393477227413,0.116026820694132,-2.95115839350918,I4-FP2,"(R+1, R+45, R+82) vs (L-92, L-44, L-3)"
S100A9,-0.480666273855423,19.9021384150666,-2.79669249720156,0.0112143251444622,0.119201218318759,-2.98222211805121,I4-FP2,"(R+1, R+45, R+82) vs (L-92, L-44, L-3)"
TAF15,0.522836151520422,13.5855205063384,2.78737657102742,0.0114468233655419,0.120827579969609,-3.00095411360391,I4-FP2,"(R+1, R+45, R+82) vs (L-92, L-44, L-3)"
PSAPL1,-0.401329455909598,11.870396392014,-2.77244404156272,0.0118291244231559,0.121865210164505,-3.03092594933877,I4-FP2,"(R+1, R+45, R+82) vs (L-92, L-44, L-3)"
DBN1,0.607798401203602,12.0480579972921,2.77204186799109,0.0118395874662957,0.121865210164505,-3.03173224967676,I4-FP2,"(R+1, R+45, R+82) vs (L-92, L-44, L-3)"
SYNCRIP,0.684636676237506,14.3925209383421,2.77062656098032,0.0118764786880457,0.121865210164505,-3.03456935041274,I4-FP2,"(R+1, R+45, R+82) vs (L-92, L-44, L-3)"
ERN1,0.815407657956901,10.8575474470932,2.76826283420328,0.0119383359462666,0.121865210164505,-3.03930629232786,I4-FP2,"(R+1, R+45, R+82) vs (L-92, L-44, L-3)"
VPS4A,0.695801425447326,12.0162948065186,2.76797087699356,0.0119459975753363,0.121865210164505,-3.03989126179431,I4-FP2,"(R+1, R+45, R+82) vs (L-92, L-44, L-3)"
SSB,-0.917268803389671,12.1475770433428,-2.76203658003686,0.0121027474151329,0.12264117380668,-3.05177571389625,I4-FP2,"(R+1, R+45, R+82) vs (L-92, L-44, L-3)"
STXBP5,4.30343228173659,19.3271046401411,2.75469232802588,0.0122994565896952,0.123532263374799,-3.06646903537689,I4-FP2,"(R+1, R+45, R+82) vs (L-92, L-44, L-3)"
PLIN4,-0.68472670946301,12.4613974396575,-2.75270428851063,0.0123532263374799,0.123532263374799,-3.07044358761717,I4-FP2,"(R+1, R+45, R+82) vs (L-92, L-44, L-3)"
NAMPT.1,-0.598826963370505,12.6992972927369,-2.74567875325999,0.0125450435085099,0.12422214687661,-3.08447955056286,I4-FP2,"(R+1, R+45, R+82) vs (L-92, L-44, L-3)"
RGS10,0.553431214296528,14.4942622340355,2.74420408615429,0.0125856648809197,0.12422214687661,-3.08742378489962,I4-FP2,"(R+1, R+45, R+82) vs (L-92, L-44, L-3)"
NME1-NME2,0.565027941825096,12.0078834726685,2.73897284410565,0.012730778234591,0.124843760752119,-3.0978627565934,I4-FP2,"(R+1, R+45, R+82) vs (L-92, L-44, L-3)"
SNX5,1.12103927520361,11.932799138864,2.73580638809094,0.0128193875776507,0.124906853320699,-3.10417731476685,I4-FP2,"(R+1, R+45, R+82) vs (L-92, L-44, L-3)"
ATP1A1,-0.622141837033817,15.9998976360537,-2.7258769268771,0.0131010742338877,0.126196440827563,-3.12395841067465,I4-FP2,"(R+1, R+45, R+82) vs (L-92, L-44, L-3)"
PFKL,0.60566158353591,14.1091740316672,2.72515689517629,0.0131217280871781,0.126196440827563,-3.12539162997694,I4-FP2,"(R+1, R+45, R+82) vs (L-92, L-44, L-3)"
ERP44,-0.374372746098549,14.6494042996427,-2.72240981938232,0.0132008119023569,0.126196440827563,-3.13085817248179,I4-FP2,"(R+1, R+45, R+82) vs (L-92, L-44, L-3)"
LZIC,-0.348408280811447,22.4276140753987,-2.71951428207906,0.0132846604336384,0.126204274119564,-3.13661757223965,I4-FP2,"(R+1, R+45, R+82) vs (L-92, L-44, L-3)"
S100A8,-0.477025043612108,20.1353559208236,-2.70281347728307,0.0137782513002595,0.130080384946549,-3.16978457944439,I4-FP2,"(R+1, R+45, R+82) vs (L-92, L-44, L-3)"
F10,-0.465318095878643,21.9083624888219,-2.69216756627126,0.0141019328867411,0.132314432023744,-3.19088024872795,I4-FP2,"(R+1, R+45, R+82) vs (L-92, L-44, L-3)"
MTHFD1,0.448839331630045,14.1801836152083,2.68851412008207,0.0142146681899221,0.132553961034857,-3.19811138335649,I4-FP2,"(R+1, R+45, R+82) vs (L-92, L-44, L-3)"
CHAD,-0.378821476053538,18.3856812058084,-2.68565828880776,0.0143033865355971,0.132567972768948,-3.20376080775515,I4-FP2,"(R+1, R+45, R+82) vs (L-92, L-44, L-3)"
LMAN2,-0.50743558847293,13.7564424669813,-2.68073081615464,0.0144576987962521,0.133186073759413,-3.21350211531646,I4-FP2,"(R+1, R+45, R+82) vs (L-92, L-44, L-3)"
ITGB2,-0.483212173749622,12.4356519175422,-2.67119597538402,0.0147607951275818,0.135159087915207,-3.23232930834758,I4-FP2,"(R+1, R+45, R+82) vs (L-92, L-44, L-3)"
ADSL,-0.62858339607559,18.6998512980166,-2.66512948277926,0.0149567648848203,0.135350919698638,-3.24429240730499,I4-FP2,"(R+1, R+45, R+82) vs (L-92, L-44, L-3)"
IDH1,-0.527218349920939,12.2950280092362,-2.66503493686424,0.0149598384930073,0.135350919698638,-3.24447875497941,I4-FP2,"(R+1, R+45, R+82) vs (L-92, L-44, L-3)"
H3-3B,-0.594529402444958,17.224164490391,-2.6541551741575,0.0153175562528635,0.137767369848239,-3.26590262134697,I4-FP2,"(R+1, R+45, R+82) vs (L-92, L-44, L-3)"
STIP1,0.536449600117455,15.6420105767638,2.63625990826336,0.0159236180366675,0.14009923153605,-3.30105458429702,I4-FP2,"(R+1, R+45, R+82) vs (L-92, L-44, L-3)"
COTL1,0.906206446123347,12.2033700745913,2.63608064426764,0.0159298024722377,0.14009923153605,-3.30140616673243,I4-FP2,"(R+1, R+45, R+82) vs (L-92, L-44, L-3)"
MMP1,0.638318625504966,12.1587467151254,2.63168910426114,0.0160820179963779,0.14009923153605,-3.31001567507962,I4-FP2,"(R+1, R+45, R+82) vs (L-92, L-44, L-3)"
GAPVD1,-1.00748798204126,12.4004614629457,-2.62891870076223,0.0161787498078647,0.14009923153605,-3.31544359441803,I4-FP2,"(R+1, R+45, R+82) vs (L-92, L-44, L-3)"
H2AZ1,-0.757159594431856,11.7732415940192,-2.62783804111067,0.0162166312520318,0.14009923153605,-3.3175601665423,I4-FP2,"(R+1, R+45, R+82) vs (L-92, L-44, L-3)"
TNFSF12,-0.601525079141877,10.1619460057094,-2.62782562735593,0.0162170668906957,0.14009923153605,-3.3175844777054,I4-FP2,"(R+1, R+45, R+82) vs (L-92, L-44, L-3)"
PI3,-0.571446686292494,11.9092316170262,-2.62611130543146,0.0162773343768123,0.14009923153605,-3.32094130688958,I4-FP2,"(R+1, R+45, R+82) vs (L-92, L-44, L-3)"
MPP1,0.546031580961523,12.7525744454672,2.62506598388989,0.0163141868301847,0.14009923153605,-3.3229876649919,I4-FP2,"(R+1, R+45, R+82) vs (L-92, L-44, L-3)"
DHX9,0.713273469627729,12.2662415394879,2.61902157868788,0.0165288317448174,0.140263775870463,-3.33481302614906,I4-FP2,"(R+1, R+45, R+82) vs (L-92, L-44, L-3)"
NAA10,1.42655365395635,14.225815167271,2.61715026589101,0.0165958238418927,0.140263775870463,-3.33847153227789,I4-FP2,"(R+1, R+45, R+82) vs (L-92, L-44, L-3)"
IGHV3-64D,-0.427253509088778,16.2517690315843,-2.61675006841566,0.0166101839846602,0.140263775870463,-3.3392537801985,I4-FP2,"(R+1, R+45, R+82) vs (L-92, L-44, L-3)"
PLOD1,-1.06606346475034,10.4498570754732,-2.61090968941358,0.0168210926814842,0.141260004838983,-3.35066338319142,I4-FP2,"(R+1, R+45, R+82) vs (L-92, L-44, L-3)"
FGA,-0.323885699745805,23.6016283866146,-2.59853686560088,0.0172762860133814,0.143691570087581,-3.37479529106624,I4-FP2,"(R+1, R+45, R+82) vs (L-92, L-44, L-3)"
SCFD1,0.549336512392018,11.9819788250045,2.59790855797192,0.0172997087671232,0.143691570087581,-3.37601930753577,I4-FP2,"(R+1, R+45, R+82) vs (L-92, L-44, L-3)"
CON_sp|PRDX1_HUMAN|,0.409352290024335,13.6433442242571,2.593076350472,0.0174808533016226,0.143714348993144,-3.38542836040657,I4-FP2,"(R+1, R+45, R+82) vs (L-92, L-44, L-3)"
ANTXR2,-0.438464586815909,15.4906126292661,-2.5915148517109,0.0175397706330411,0.143714348993144,-3.38846707609285,I4-FP2,"(R+1, R+45, R+82) vs (L-92, L-44, L-3)"
MIA,-0.372351167545115,13.5083945122393,-2.58888852906405,0.0176392878071548,0.143714348993144,-3.39357601838698,I4-FP2,"(R+1, R+45, R+82) vs (L-92, L-44, L-3)"
IGFBP6,-0.368211314734981,17.0428662294486,-2.58780114520441,0.0176806468827092,0.143714348993144,-3.39569057228236,I4-FP2,"(R+1, R+45, R+82) vs (L-92, L-44, L-3)"
RNASE1,-0.554120399861433,15.1288715273896,-2.58296505115257,0.0178656999252204,0.144446084501782,-3.40508986989729,I4-FP2,"(R+1, R+45, R+82) vs (L-92, L-44, L-3)"
GPX3,-0.502613347946091,17.8898151500592,-2.57564045390244,0.0181494559421055,0.14515504370488,-3.41930986011915,I4-FP2,"(R+1, R+45, R+82) vs (L-92, L-44, L-3)"
RELN,-0.379568101953001,16.2541199977634,-2.56937739488035,0.0183954507489673,0.14515504370488,-3.43145371367588,I4-FP2,"(R+1, R+45, R+82) vs (L-92, L-44, L-3)"
FCGBP,-0.542986344604484,11.8902700341155,-2.56913956766558,0.0184048535276103,0.14515504370488,-3.43191457397201,I4-FP2,"(R+1, R+45, R+82) vs (L-92, L-44, L-3)"
CHGB,-0.715900133040472,10.6307582430838,-2.56879389865332,0.0184185280302044,0.14515504370488,-3.43258437313332,I4-FP2,"(R+1, R+45, R+82) vs (L-92, L-44, L-3)"
SRPX,-0.415865579729317,14.2223724981403,-2.56848210415951,0.0184308706809486,0.14515504370488,-3.43318849700776,I4-FP2,"(R+1, R+45, R+82) vs (L-92, L-44, L-3)"
KIAA0513,-1.48935516391912,14.3720831846338,-2.56468666692051,0.0185817421791481,0.145588907795387,-3.44053960827167,I4-FP2,"(R+1, R+45, R+82) vs (L-92, L-44, L-3)"
EPB41,0.576206570273331,14.5526302104967,2.55297934615154,0.0190544746066112,0.148527186677174,-3.46318174076011,I4-FP2,"(R+1, R+45, R+82) vs (L-92, L-44, L-3)"
MGLL,0.69541644965931,13.6574890405508,2.54579199824,0.0193502757807519,0.150063363197667,-3.47705737324856,I4-FP2,"(R+1, R+45, R+82) vs (L-92, L-44, L-3)"
PLEKHH3,-0.580306155397055,14.9003702831027,-2.53508707166947,0.0197988606449341,0.152762782641116,-3.49768863921281,I4-FP2,"(R+1, R+45, R+82) vs (L-92, L-44, L-3)"
LEFTY1,-0.466343278146778,13.3003135754892,-2.52755514396123,0.0201203192848524,0.1544590167322,-3.51217920745478,I4-FP2,"(R+1, R+45, R+82) vs (L-92, L-44, L-3)"
SAR1A,0.877772762433711,15.4122917443316,2.52329123229191,0.0203044671471779,0.155089397305077,-3.52037309891046,I4-FP2,"(R+1, R+45, R+82) vs (L-92, L-44, L-3)"
QDPR,0.501620444843313,13.7009225049347,2.51611411977751,0.0206180064009839,0.156696848647478,-3.53414983608575,I4-FP2,"(R+1, R+45, R+82) vs (L-92, L-44, L-3)"
IGHV3-23,-1.27725695771443,13.0587925039275,-2.51123680413748,0.020833663380882,0.157548101188759,-3.5435009463208,I4-FP2,"(R+1, R+45, R+82) vs (L-92, L-44, L-3)"
HNRNPDL,0.711312033023766,11.6119684652995,2.50296822973875,0.0212041101051443,0.15856601167251,-3.55933340077035,I4-FP2,"(R+1, R+45, R+82) vs (L-92, L-44, L-3)"
APOE,-0.477128871365959,21.4430961890111,-2.50165961394784,0.0212633013791107,0.15856601167251,-3.56183672017878,I4-FP2,"(R+1, R+45, R+82) vs (L-92, L-44, L-3)"
PIN1,0.606429171176891,12.5781991987006,2.5012639638755,0.0212812278823632,0.15856601167251,-3.56259345119596,I4-FP2,"(R+1, R+45, R+82) vs (L-92, L-44, L-3)"
PMM2,0.63879094101351,11.019886483424,2.49855206187432,0.0214044832298664,0.158706412240961,-3.56777869847981,I4-FP2,"(R+1, R+45, R+82) vs (L-92, L-44, L-3)"
GALNT16,-0.467720806898674,11.0825055678866,-2.4905224122048,0.0217733628488861,0.160657822962654,-3.58311513196726,I4-FP2,"(R+1, R+45, R+82) vs (L-92, L-44, L-3)"
ANKRD28,-1.75233770495381,13.6623588589584,-2.48425125652882,0.0220655897402893,0.162027518865893,-3.59507562309693,I4-FP2,"(R+1, R+45, R+82) vs (L-92, L-44, L-3)"
TAC3,-0.375181396458137,13.6348727324737,-2.48125719721185,0.0222063998963754,0.162277537704281,-3.6007805967935,I4-FP2,"(R+1, R+45, R+82) vs (L-92, L-44, L-3)"
CNBP,0.732580389656892,11.5468368288057,2.47378417117308,0.0225615324913258,0.16284344642655,-3.61500473807341,I4-FP2,"(R+1, R+45, R+82) vs (L-92, L-44, L-3)"
EIF2S2,0.660320523997782,12.1210288723508,2.47223999803673,0.0226355738390949,0.16284344642655,-3.61794120022822,I4-FP2,"(R+1, R+45, R+82) vs (L-92, L-44, L-3)"
ILF3,-0.513807816366522,16.9214640208046,-2.47077233041995,0.0227061574250216,0.16284344642655,-3.62073131250201,I4-FP2,"(R+1, R+45, R+82) vs (L-92, L-44, L-3)"
PRSS1,0.762452659112501,14.9433182577524,2.47064324212531,0.0227123754226505,0.16284344642655,-3.62097667572947,I4-FP2,"(R+1, R+45, R+82) vs (L-92, L-44, L-3)"
S100B,-0.642204457867233,20.9897773791665,-2.46758255470665,0.0228602715952766,0.163134332510894,-3.62679233338435,I4-FP2,"(R+1, R+45, R+82) vs (L-92, L-44, L-3)"
LCAT,0.578191758860596,12.9702943870161,2.46282195457367,0.0230921000535993,0.163548257591438,-3.63583071296674,I4-FP2,"(R+1, R+45, R+82) vs (L-92, L-44, L-3)"
GAL3ST1,-0.418947092065431,12.1803477920806,-2.46197710912056,0.0231334706461574,0.163548257591438,-3.63743378795672,I4-FP2,"(R+1, R+45, R+82) vs (L-92, L-44, L-3)"
FIS1,0.426264161014373,13.5803097224652,2.43875546026861,0.0242980668862076,0.170986396606646,-3.68138555457527,I4-FP2,"(R+1, R+45, R+82) vs (L-92, L-44, L-3)"
LIPG,-0.536389723229769,13.9264346349729,-2.42459535602318,0.0250348253897205,0.175332897566297,-3.7080804814496,I4-FP2,"(R+1, R+45, R+82) vs (L-92, L-44, L-3)"
MCTS1,0.386210575243909,13.3618243705846,2.42158943911055,0.0251938806239036,0.175332897566297,-3.71373685667973,I4-FP2,"(R+1, R+45, R+82) vs (L-92, L-44, L-3)"
TSPAN9,0.719749105381803,12.3361528131281,2.41834735968012,0.0253664870917714,0.175332897566297,-3.71983350863157,I4-FP2,"(R+1, R+45, R+82) vs (L-92, L-44, L-3)"
FGD3,1.00153690778565,13.0737795330827,2.41814812802905,0.0253771299109115,0.175332897566297,-3.72020801920183,I4-FP2,"(R+1, R+45, R+82) vs (L-92, L-44, L-3)"
SLPI,-0.371208791558064,17.3704411793174,-2.4099515930232,0.025818604757779,0.177575924125901,-3.73560158895127,I4-FP2,"(R+1, R+45, R+82) vs (L-92, L-44, L-3)"
MECP2,0.997671308749849,12.2206660761966,2.40660374144134,0.0260009717024085,0.17802467111559,-3.74188112429077,I4-FP2,"(R+1, R+45, R+82) vs (L-92, L-44, L-3)"
TPT1,0.462862812005285,13.1722885610103,2.39635043446841,0.0265669808236774,0.181084353596366,-3.76108440392553,I4-FP2,"(R+1, R+45, R+82) vs (L-92, L-44, L-3)"
GPX1,0.498280642987305,15.9603720623411,2.39255652104328,0.0267793028836107,0.181576026878926,-3.7681789340196,I4-FP2,"(R+1, R+45, R+82) vs (L-92, L-44, L-3)"
ALYREF,0.688444013446055,11.3290886511875,2.38809435397588,0.0270310408013175,0.181576026878926,-3.77651541573984,I4-FP2,"(R+1, R+45, R+82) vs (L-92, L-44, L-3)"
RPS9,0.776600287356167,12.8628449950265,2.38703226647813,0.0270912826804238,0.181576026878926,-3.77849844575646,I4-FP2,"(R+1, R+45, R+82) vs (L-92, L-44, L-3)"
A2M,0.672196312948099,15.8654618301424,2.3865804764456,0.0271169461194186,0.181576026878926,-3.77934184276507,I4-FP2,"(R+1, R+45, R+82) vs (L-92, L-44, L-3)"
APOC2,-0.448997031873856,12.4130438969494,-2.37715427636787,0.0276575681570401,0.184059134334332,-3.79691906738352,I4-FP2,"(R+1, R+45, R+82) vs (L-92, L-44, L-3)"
UBE2V1,0.571542894406432,10.3613314465387,2.37590504513013,0.0277299616858962,0.184059134334332,-3.79924573178231,I4-FP2,"(R+1, R+45, R+82) vs (L-92, L-44, L-3)"
LTBP3,-0.511891879097756,16.2923961338841,-2.3723653265743,0.027936046235957,0.184620827298498,-3.8058348012591,I4-FP2,"(R+1, R+45, R+82) vs (L-92, L-44, L-3)"
CAPN2,-0.341287926640012,15.3954756267053,-2.36958047400771,0.028099179855763,0.184895036280345,-3.81101499113558,I4-FP2,"(R+1, R+45, R+82) vs (L-92, L-44, L-3)"
CDK6,-0.534607233164505,13.2664613195062,-2.3639295166825,0.0284329258550989,0.185015502822535,-3.82151640770641,I4-FP2,"(R+1, R+45, R+82) vs (L-92, L-44, L-3)"
EMILIN2,-0.454659572942128,10.2639710753384,-2.35739006918497,0.0288237320544182,0.185015502822535,-3.83365198462315,I4-FP2,"(R+1, R+45, R+82) vs (L-92, L-44, L-3)"
RAN,0.579747526725967,16.6046943886868,2.35544399257243,0.0289409898013405,0.185015502822535,-3.83725988987978,I4-FP2,"(R+1, R+45, R+82) vs (L-92, L-44, L-3)"
ADA2,-0.340798375798552,14.858635000312,-2.35510170634305,0.0289616593605695,0.185015502822535,-3.83789429970527,I4-FP2,"(R+1, R+45, R+82) vs (L-92, L-44, L-3)"
DNM1L,0.635125945712339,13.1328525472046,2.35376889269721,0.0290422740466399,0.185015502822535,-3.84036412272262,I4-FP2,"(R+1, R+45, R+82) vs (L-92, L-44, L-3)"
KRT5,-1.2088305677868,11.8658497734555,-2.3506937645384,0.029229065608517,0.185015502822535,-3.84605970400911,I4-FP2,"(R+1, R+45, R+82) vs (L-92, L-44, L-3)"
CON_sp|TRFL_HUMAN|,-0.506530406636322,19.8795026507814,-2.35010774451562,0.0292647880242612,0.185015502822535,-3.84714463706472,I4-FP2,"(R+1, R+45, R+82) vs (L-92, L-44, L-3)"
CPT2,-0.367962324306194,15.9507627426483,-2.34655894635698,0.0294819796248885,0.185015502822535,-3.85371157808336,I4-FP2,"(R+1, R+45, R+82) vs (L-92, L-44, L-3)"
DGKA,0.607586052744597,11.5592861101809,2.3462178231457,0.0295029352922193,0.185015502822535,-3.854342530292,I4-FP2,"(R+1, R+45, R+82) vs (L-92, L-44, L-3)"
ZNF83,-0.587880668276133,14.5855181425037,-2.34560400372684,0.0295406777961908,0.185015502822535,-3.85547774361604,I4-FP2,"(R+1, R+45, R+82) vs (L-92, L-44, L-3)"
CLIC1,0.602823225852059,14.0703555948266,2.34467713959296,0.0295977534897423,0.185015502822535,-3.85719160186213,I4-FP2,"(R+1, R+45, R+82) vs (L-92, L-44, L-3)"
NOTUM,-0.524691656700273,14.8919361112013,-2.34306546233858,0.0296972426574182,0.185015502822535,-3.86017086038605,I4-FP2,"(R+1, R+45, R+82) vs (L-92, L-44, L-3)"
IGKV3-20,-0.319773024841545,19.7774381402709,-2.34302317813399,0.0296998570320385,0.185015502822535,-3.86024900955183,I4-FP2,"(R+1, R+45, R+82) vs (L-92, L-44, L-3)"
APLP2,-0.8481740597585,12.9507619976354,-2.33380370619738,0.0302749970976296,0.186866594508374,-3.87726983604276,I4-FP2,"(R+1, R+45, R+82) vs (L-92, L-44, L-3)"
RHOG,-0.486264034836622,14.2520531472312,-2.33305902857577,0.0303218992461831,0.186866594508374,-3.87864303577899,I4-FP2,"(R+1, R+45, R+82) vs (L-92, L-44, L-3)"
CTSC,-0.318493506190105,12.9202755014627,-2.33110914918464,0.030445027285667,0.186866594508374,-3.88223750647856,I4-FP2,"(R+1, R+45, R+82) vs (L-92, L-44, L-3)"
AIMP1,0.696773811450723,12.0799951205706,2.33041834140824,0.0304887601566294,0.186866594508374,-3.883510566304,I4-FP2,"(R+1, R+45, R+82) vs (L-92, L-44, L-3)"
AK1,0.578190719679256,16.2487971731026,2.32729045301415,0.030687504681208,0.187329345845125,-3.88927220992174,I4-FP2,"(R+1, R+45, R+82) vs (L-92, L-44, L-3)"
ANGPTL3,-0.404327144282437,17.0811003701209,-2.3237572430957,0.0309134429480172,0.187953733123944,-3.895775319407,I4-FP2,"(R+1, R+45, R+82) vs (L-92, L-44, L-3)"
NIBAN1,-0.394140954311453,13.1801908309801,-2.31251000173888,0.0316429427461013,0.19144189157621,-3.91644011116294,I4-FP2,"(R+1, R+45, R+82) vs (L-92, L-44, L-3)"
KHSRP,0.405620751910484,11.9824515398139,2.31104612569847,0.0317390504455296,0.19144189157621,-3.9191256182572,I4-FP2,"(R+1, R+45, R+82) vs (L-92, L-44, L-3)"
SBDS,0.553896987112537,13.7182880996971,2.30493063485311,0.0321434705575237,0.192786894117719,-3.93033432890638,I4-FP2,"(R+1, R+45, R+82) vs (L-92, L-44, L-3)"
ACTBL2,1.35153565410628,16.0198075776204,2.30384581513844,0.0322157046749346,0.192786894117719,-3.9323208948597,I4-FP2,"(R+1, R+45, R+82) vs (L-92, L-44, L-3)"
YWHAH,0.767369107797815,13.4099678885059,2.29951473735509,0.0325055895830816,0.193758808495231,-3.94024691850592,I4-FP2,"(R+1, R+45, R+82) vs (L-92, L-44, L-3)"
IGLV5-39,-0.498038448736044,14.8177924978313,-2.2971450680696,0.0326652108051485,0.193937717375958,-3.94457995439086,I4-FP2,"(R+1, R+45, R+82) vs (L-92, L-44, L-3)"
FN1,-0.833162969417486,17.1100009031416,-2.29528833472044,0.0327907851089613,0.193937717375958,-3.9479733122312,I4-FP2,"(R+1, R+45, R+82) vs (L-92, L-44, L-3)"
CTSL,-0.337030787141484,14.8907989106854,-2.27302002004197,0.0343318790582665,0.202009369956779,-3.98854993260124,I4-FP2,"(R+1, R+45, R+82) vs (L-92, L-44, L-3)"
SEPTIN2,0.617947467718925,13.9697645274862,2.27175586825156,0.034421333433425,0.202009369956779,-3.99084669647689,I4-FP2,"(R+1, R+45, R+82) vs (L-92, L-44, L-3)"
SBSN,0.561918632459519,11.8148477788778,2.26563939894598,0.0348571841772387,0.202792420924943,-4.00194906231676,I4-FP2,"(R+1, R+45, R+82) vs (L-92, L-44, L-3)"
SERPINA6,-0.313485385449272,12.8175591455086,-2.26414443636908,0.0349644817209185,0.202792420924943,-4.00466005784201,I4-FP2,"(R+1, R+45, R+82) vs (L-92, L-44, L-3)"
NUDCD2,0.672753110509804,11.0769017209093,2.26339570014162,0.0350183345650441,0.202792420924943,-4.00601744676352,I4-FP2,"(R+1, R+45, R+82) vs (L-92, L-44, L-3)"
H2BC20P,-0.485859094945404,14.9461463511078,-2.26156845631878,0.0351500791785023,0.202792420924943,-4.00932899075825,I4-FP2,"(R+1, R+45, R+82) vs (L-92, L-44, L-3)"
DEFA1B,-0.346196912980129,20.7001140184582,-2.25935937871807,0.0353099620764278,0.202792420924943,-4.01333049286006,I4-FP2,"(R+1, R+45, R+82) vs (L-92, L-44, L-3)"
SWAP70,-0.555831659659865,11.7570298350984,-2.25811325922585,0.0354004449164902,0.202792420924943,-4.01558671284334,I4-FP2,"(R+1, R+45, R+82) vs (L-92, L-44, L-3)"
SEC31A,-0.310150004888868,22.3754393775397,-2.25690099663714,0.0354886736618651,0.202792420924943,-4.017780946315,I4-FP2,"(R+1, R+45, R+82) vs (L-92, L-44, L-3)"
CDH1,-0.439890326238696,20.2559967532172,-2.25490978893513,0.0356340325697142,0.202860410134702,-4.0213836265932,I4-FP2,"(R+1, R+45, R+82) vs (L-92, L-44, L-3)"
SERPING1.1,-0.283981088062258,23.8456108778419,-2.24235281872681,0.0365633578035487,0.20737426813953,-4.04406066693761,I4-FP2,"(R+1, R+45, R+82) vs (L-92, L-44, L-3)"
CON_sp|CAS2_BOVIN|,-0.335145478927792,13.9027384042024,-2.24045988347538,0.0367053642233165,0.207405775536955,-4.04747283514646,I4-FP2,"(R+1, R+45, R+82) vs (L-92, L-44, L-3)"
ARHGDIB,0.474784346307286,12.7622562167921,2.23510148165567,0.0371100932052042,0.208916080266335,-4.05712273008919,I4-FP2,"(R+1, R+45, R+82) vs (L-92, L-44, L-3)"
GSTO1,0.336390105253887,13.224950005585,2.23239053948817,0.0373164095277902,0.209302370783177,-4.06199972969292,I4-FP2,"(R+1, R+45, R+82) vs (L-92, L-44, L-3)"
IL16,0.487718682930319,11.6090916327536,2.22976341860676,0.0375173488078982,0.209407422030379,-4.06672264994828,I4-FP2,"(R+1, R+45, R+82) vs (L-92, L-44, L-3)"
BSG,0.478677209056904,12.639854241364,2.22854763183739,0.0376106751409826,0.209407422030379,-4.06890724102424,I4-FP2,"(R+1, R+45, R+82) vs (L-92, L-44, L-3)"
HMGN1,0.505730646732395,13.5596392825934,2.21985649432193,0.0382840412701231,0.212378623104332,-4.08450368821893,I4-FP2,"(R+1, R+45, R+82) vs (L-92, L-44, L-3)"
ADIPOQ,0.362773882715904,12.9918876771334,2.21021225486698,0.0390441514545245,0.215807673494099,-4.10176870678891,I4-FP2,"(R+1, R+45, R+82) vs (L-92, L-44, L-3)"
UBE2M,0.434612757930544,13.8614095275176,2.19628721017139,0.0401660099331817,0.221204112675493,-4.1266190249924,I4-FP2,"(R+1, R+45, R+82) vs (L-92, L-44, L-3)"
GZMM,1.02039020412504,16.4706396764099,2.19150505297619,0.0405580192771213,0.222556640076622,-4.13513171026159,I4-FP2,"(R+1, R+45, R+82) vs (L-92, L-44, L-3)"
IGFBP4,-0.320192990107365,19.7820703463272,-2.18584073137599,0.0410268575595592,0.224319508958741,-4.14520046663368,I4-FP2,"(R+1, R+45, R+82) vs (L-92, L-44, L-3)"
IGHV3-72.1,-0.707544996776,15.4670819716961,-2.18037599451889,0.0414838555042743,0.224811398820325,-4.15489973203948,I4-FP2,"(R+1, R+45, R+82) vs (L-92, L-44, L-3)"
KLK10,-0.570510106930516,9.90975182817948,-2.18026278091357,0.0414933720600402,0.224811398820325,-4.15510051969792,I4-FP2,"(R+1, R+45, R+82) vs (L-92, L-44, L-3)"
KNG1.1,-0.302906577003948,24.5627599287287,-2.1789846635389,0.0416009466990234,0.224811398820325,-4.15736686642006,I4-FP2,"(R+1, R+45, R+82) vs (L-92, L-44, L-3)"
CCN5,-0.371969767973283,14.9602820496355,-2.17628604348127,0.0418289153836935,0.224811398820325,-4.16214942658515,I4-FP2,"(R+1, R+45, R+82) vs (L-92, L-44, L-3)"
SEPTIN6,0.619584962753609,13.5424083201217,2.17596238817218,0.041856332806679,0.224811398820325,-4.16272277830123,I4-FP2,"(R+1, R+45, R+82) vs (L-92, L-44, L-3)"
TUBA8,0.674011503032289,12.0590927420591,2.17094474541751,0.0422834859193995,0.226034853027663,-4.17160493993817,I4-FP2,"(R+1, R+45, R+82) vs (L-92, L-44, L-3)"
LIMS1,0.619472054303608,16.0316163643553,2.16979950916468,0.0423815349426868,0.226034853027663,-4.17363049754959,I4-FP2,"(R+1, R+45, R+82) vs (L-92, L-44, L-3)"
RSU1,0.618452408501205,16.7699982146824,2.1672267039992,0.0426025601454782,0.226419200773171,-4.17817862832251,I4-FP2,"(R+1, R+45, R+82) vs (L-92, L-44, L-3)"
MYL9,0.582934081509252,16.0313609571534,2.16268748894165,0.0429950762807026,0.22691149445862,-4.1861950068843,I4-FP2,"(R+1, R+45, R+82) vs (L-92, L-44, L-3)"
PAICS,0.737084015580487,11.6324198528283,2.16155392534484,0.0430936102016468,0.22691149445862,-4.18819533182218,I4-FP2,"(R+1, R+45, R+82) vs (L-92, L-44, L-3)"
RBM3,0.361233637983772,12.6612100447058,2.16063609471452,0.0431735422052633,0.22691149445862,-4.18981450383944,I4-FP2,"(R+1, R+45, R+82) vs (L-92, L-44, L-3)"
CTTN,0.475101217690053,14.1702792719368,2.15927501018561,0.0432923246006577,0.22691149445862,-4.19221486946277,I4-FP2,"(R+1, R+45, R+82) vs (L-92, L-44, L-3)"
MACROH2A1,-0.539052547370925,13.3212455175953,-2.14956503365423,0.0441483774074236,0.230603208451147,-4.20931253934718,I4-FP2,"(R+1, R+45, R+82) vs (L-92, L-44, L-3)"
FOCAD,-0.579643711879938,14.450466691666,-2.14742784630689,0.0443388499783945,0.230655193132591,-4.2130695052193,I4-FP2,"(R+1, R+45, R+82) vs (L-92, L-44, L-3)"
SACM1L,0.517759686780484,14.3319373882502,2.14440173653377,0.0446098228917889,0.230655193132591,-4.21838522789537,I4-FP2,"(R+1, R+45, R+82) vs (L-92, L-44, L-3)"
KIF13B,-0.479779787553003,14.7120998294005,-2.14421375073027,0.0446267055883786,0.230655193132591,-4.21871529709106,I4-FP2,"(R+1, R+45, R+82) vs (L-92, L-44, L-3)"
ACP1,0.483827040885922,15.060231724806,2.14048356529776,0.044962909399432,0.230655193132591,-4.22526118949258,I4-FP2,"(R+1, R+45, R+82) vs (L-92, L-44, L-3)"
GCG,-0.462997035350392,14.0413777801027,-2.13947449999114,0.0450542513320796,0.230655193132591,-4.22703074871613,I4-FP2,"(R+1, R+45, R+82) vs (L-92, L-44, L-3)"
COL6A1,0.357826025592585,13.4328050487228,2.13931383180943,0.0450688107634075,0.230655193132591,-4.2273124594365,I4-FP2,"(R+1, R+45, R+82) vs (L-92, L-44, L-3)"
PEPCAL_19|PEPCAL_19|,-0.274426674642114,20.6673561573311,-2.13364074617092,0.0455856395740209,0.232517356216482,-4.23725120017694,I4-FP2,"(R+1, R+45, R+82) vs (L-92, L-44, L-3)"
BGN,-0.362102307689351,14.2137448414295,-2.12540759783142,0.0463452597850997,0.235466227183359,-4.25164622305745,I4-FP2,"(R+1, R+45, R+82) vs (L-92, L-44, L-3)"
APOC4,-0.654904525310264,18.4108783674854,-2.12402870372567,0.0464735974703998,0.235466227183359,-4.25405377666291,I4-FP2,"(R+1, R+45, R+82) vs (L-92, L-44, L-3)"
EWSR1,0.553717558890644,11.7116719144229,2.11708450735477,0.0471248212086351,0.237972519060217,-4.26616376478085,I4-FP2,"(R+1, R+45, R+82) vs (L-92, L-44, L-3)"
COL6A3,0.38928134030972,13.3263644954797,2.1131271278332,0.0474996282665298,0.239070976705713,-4.27305411252809,I4-FP2,"(R+1, R+45, R+82) vs (L-92, L-44, L-3)"
TLL2,-0.443138033046421,11.7596580854534,-2.10451577283365,0.0483245558419921,0.242099385778689,-4.28802014167902,I4-FP2,"(R+1, R+45, R+82) vs (L-92, L-44, L-3)"
RPL13A,-0.897794499726428,12.7019099017336,-2.10352930665561,0.0484198771557378,0.242099385778689,-4.28973214591188,I4-FP2,"(R+1, R+45, R+82) vs (L-92, L-44, L-3)"
LRRFIP2,0.89832529306525,11.9419526517495,2.10029805539502,0.0487333015026502,0.242525036416589,-4.29533646927898,I4-FP2,"(R+1, R+45, R+82) vs (L-92, L-44, L-3)"
DAG1,0.414308957100562,11.371690168784,2.09936527974975,0.0488241191733398,0.242525036416589,-4.29695329216338,I4-FP2,"(R+1, R+45, R+82) vs (L-92, L-44, L-3)"
F12,-0.291386761020945,24.1875124561565,-2.09560205713187,0.0491920723580324,0.243556840339443,-4.30347172346834,I4-FP2,"(R+1, R+45, R+82) vs (L-92, L-44, L-3)"
SEPTIN11,0.534002254304086,14.5317147779607,2.09300215840639,0.0494477414844148,0.244027815117891,-4.30797086151464,I4-FP2,"(R+1, R+45, R+82) vs (L-92, L-44, L-3)"
PDCD6IP,0.527976728833083,11.2983944339678,2.08897079747772,0.0498465513645662,0.244202471184767,-4.3149402648097,I4-FP2,"(R+1, R+45, R+82) vs (L-92, L-44, L-3)"
ZG16,-0.294956636128848,16.705774202721,-2.08816360687123,0.0499267522422581,0.244202471184767,-4.31633472535652,I4-FP2,"(R+1, R+45, R+82) vs (L-92, L-44, L-3)"
PMVK,0.344652824017325,12.3441251427931,2.0877779557754,0.0499651108805675,0.244202471184767,-4.31700083730267,I4-FP2,"(R+1, R+45, R+82) vs (L-92, L-44, L-3)"
MYL4,0.764345544350836,10.0324785319184,2.08021402277557,0.0507228503656015,0.246156757911933,-4.33004999949695,I4-FP2,"(R+1, R+45, R+82) vs (L-92, L-44, L-3)"
PLA1A,0.344727010664524,14.267314095094,2.07833587140194,0.0509125988765211,0.246156757911933,-4.33328555260689,I4-FP2,"(R+1, R+45, R+82) vs (L-92, L-44, L-3)"
CUTA,0.411369964369294,12.8460850233406,2.07772056266474,0.0509749021896027,0.246156757911933,-4.33434516633966,I4-FP2,"(R+1, R+45, R+82) vs (L-92, L-44, L-3)"
SLK,1.08707878877686,10.9999739855641,2.07734711606712,0.0510127491725389,0.246156757911933,-4.33498817694163,I4-FP2,"(R+1, R+45, R+82) vs (L-92, L-44, L-3)"
GMPR,0.536965408954401,11.9808073478736,2.0726705798642,0.0514888424541528,0.246357352371217,-4.34303421444045,I4-FP2,"(R+1, R+45, R+82) vs (L-92, L-44, L-3)"
"coy_tr|A0A1B0GU92|A0A1B0GU92_HUMAN readthrough, Peptidase A1 domain-containing protein OS=Homo sapiens OX=9606",0.27861775546787,14.3607204177104,2.07249097834069,0.0515072063084846,0.246357352371217,-4.34334299363509,I4-FP2,"(R+1, R+45, R+82) vs (L-92, L-44, L-3)"
GP5,0.568662841245872,11.7749407798434,2.07216500576293,0.0515405513513468,0.246357352371217,-4.34390337765426,I4-FP2,"(R+1, R+45, R+82) vs (L-92, L-44, L-3)"
C1R,-0.271884546471252,23.7229664531979,-2.07042821265239,0.0517185429679549,0.246366659096574,-4.34688818734199,I4-FP2,"(R+1, R+45, R+82) vs (L-92, L-44, L-3)"
AZU1,-0.706177175378208,16.1068989566937,-2.06771348833559,0.0519978650962287,0.246366659096574,-4.35155048606913,I4-FP2,"(R+1, R+45, R+82) vs (L-92, L-44, L-3)"
FBLN7,-0.339996505960924,14.1622195275319,-2.06741414112234,0.0520287484013161,0.246366659096574,-4.35206435228898,I4-FP2,"(R+1, R+45, R+82) vs (L-92, L-44, L-3)"
BLVRA,0.751437434131629,11.3525446626229,2.06396051601304,0.0523862512304628,0.247289136243178,-4.35798952675855,I4-FP2,"(R+1, R+45, R+82) vs (L-92, L-44, L-3)"
PROZ,-0.588378311631458,15.8770767685149,-2.06177161257899,0.0526139794113193,0.247595197229738,-4.36174165424682,I4-FP2,"(R+1, R+45, R+82) vs (L-92, L-44, L-3)"
CTSS,-0.337713219854517,17.3177456669453,-2.06013601684915,0.0527847239276282,0.247632038178996,-4.36454368060795,I4-FP2,"(R+1, R+45, R+82) vs (L-92, L-44, L-3)"
CFHR1,-0.239175861227749,21.7470423097125,-2.05323519770777,0.0535106215655801,0.250265060860559,-4.3763503244437,I4-FP2,"(R+1, R+45, R+82) vs (L-92, L-44, L-3)"
C5,-0.325141604944885,18.4669379831607,-2.04703161311099,0.0541708238984644,0.251519309553304,-4.38694258374229,I4-FP2,"(R+1, R+45, R+82) vs (L-92, L-44, L-3)"
DPT,-0.30461627610529,14.9061852325335,-2.04640958475169,0.054237423892139,0.251519309553304,-4.38800353565998,I4-FP2,"(R+1, R+45, R+82) vs (L-92, L-44, L-3)"
GBA,-0.301282598973713,15.9785529315212,-2.04605688838093,0.0542752194299236,0.251519309553304,-4.38860501487324,I4-FP2,"(R+1, R+45, R+82) vs (L-92, L-44, L-3)"
FABP5,-0.446125632852968,13.0696409472941,-2.0441747198184,0.05447731605284,0.251688511855066,-4.39181369892859,I4-FP2,"(R+1, R+45, R+82) vs (L-92, L-44, L-3)"
KHDRBS1,0.611293297598903,12.0163255803727,2.04231026639345,0.0546781765548091,0.251699758715436,-4.39499032558941,I4-FP2,"(R+1, R+45, R+82) vs (L-92, L-44, L-3)"
STK24,0.783619866583492,12.0607642622847,2.04108133784089,0.0548109342992168,0.251699758715436,-4.39708314322462,I4-FP2,"(R+1, R+45, R+82) vs (L-92, L-44, L-3)"
URB1,0.560269478359522,15.9256090380072,2.03001133927738,0.0560198976695585,0.256476639932918,-4.41589858004362,I4-FP2,"(R+1, R+45, R+82) vs (L-92, L-44, L-3)"
LMNB2,-0.542997488681294,9.70876389098684,-2.02846909154301,0.0561902121721531,0.256483851356374,-4.41851469789605,I4-FP2,"(R+1, R+45, R+82) vs (L-92, L-44, L-3)"
PDGFD,0.364653890144513,11.0937525643447,2.02347331874271,0.0567450997671992,0.257415387283637,-4.42698026047824,I4-FP2,"(R+1, R+45, R+82) vs (L-92, L-44, L-3)"
RPL22,0.421762307029574,12.1702343498864,2.02293249549242,0.0568054633196773,0.257415387283637,-4.42789590410004,I4-FP2,"(R+1, R+45, R+82) vs (L-92, L-44, L-3)"
CD2AP,0.869708694623652,11.7357082772134,2.02206553202512,0.0569023487679619,0.257415387283637,-4.42936339222555,I4-FP2,"(R+1, R+45, R+82) vs (L-92, L-44, L-3)"
RNASE3,-0.499431406958549,16.3940984851858,-2.01935408323595,0.0572063162971129,0.258022554218432,-4.4339503792473,I4-FP2,"(R+1, R+45, R+82) vs (L-92, L-44, L-3)"
IGLV2-8,-0.319687643322712,18.3776347276021,-2.01730133730688,0.0574374059830711,0.258298393770024,-4.43742039080748,I4-FP2,"(R+1, R+45, R+82) vs (L-92, L-44, L-3)"
DNM2,0.340339427418598,13.1425177427119,2.01289472753224,0.0579363083764976,0.25977341808931,-4.44486173016883,I4-FP2,"(R+1, R+45, R+82) vs (L-92, L-44, L-3)"
ECM2,-0.287077342712153,13.6798960565282,-2.00977328356116,0.0582920507313196,0.260096271753224,-4.45012646974783,I4-FP2,"(R+1, R+45, R+82) vs (L-92, L-44, L-3)"
HPCAL1,0.558554632543922,11.5166940216694,2.00926165890328,0.0583505451762167,0.260096271753224,-4.45098888953796,I4-FP2,"(R+1, R+45, R+82) vs (L-92, L-44, L-3)"
CTRB1,0.691551727935674,12.5075956170595,2.00680626435125,0.0586320034368671,0.260586681941631,-4.45512584305217,I4-FP2,"(R+1, R+45, R+82) vs (L-92, L-44, L-3)"
ITIH3,0.308946892251011,16.3449809047458,2.00400159933695,0.0589549825939134,0.260771820954069,-4.4598472463299,I4-FP2,"(R+1, R+45, R+82) vs (L-92, L-44, L-3)"
CASS4,-0.349117718289173,15.1600005964139,-2.00346652831653,0.0590167805317105,0.260771820954069,-4.46074750359673,I4-FP2,"(R+1, R+45, R+82) vs (L-92, L-44, L-3)"
ITIH4.1,-0.436701508872335,16.7091984584637,-1.9995952546284,0.0594656197685261,0.261740711641784,-4.4672562673348,I4-FP2,"(R+1, R+45, R+82) vs (L-92, L-44, L-3)"
SERPINF1,-0.254736859053352,19.5658992154901,-1.99757479903758,0.0597010822917242,0.261740711641784,-4.47065000108542,I4-FP2,"(R+1, R+45, R+82) vs (L-92, L-44, L-3)"
IGHV2-5,-0.505660161424241,14.1275581034308,-1.99713326324334,0.0597526493024336,0.261740711641784,-4.47139134567068,I4-FP2,"(R+1, R+45, R+82) vs (L-92, L-44, L-3)"
EIF3A,0.628140713328962,12.4324230861024,1.99479274858993,0.0600266630133826,0.26208147078579,-4.4753193176284,I4-FP2,"(R+1, R+45, R+82) vs (L-92, L-44, L-3)"
SND1,-0.651350680776071,15.326939401913,-1.99207744237595,0.0603459602792652,0.26208147078579,-4.47987251877677,I4-FP2,"(R+1, R+45, R+82) vs (L-92, L-44, L-3)"
FKBP2,-0.3261938440065,14.6448273357575,-1.99048259073466,0.0605342072806306,0.26208147078579,-4.48254498121997,I4-FP2,"(R+1, R+45, R+82) vs (L-92, L-44, L-3)"
H1-0,-0.673330981517049,14.0567559644561,-1.98733700358453,0.0609070305028536,0.26208147078579,-4.48781187973982,I4-FP2,"(R+1, R+45, R+82) vs (L-92, L-44, L-3)"
DDX1.1,-1.01136814912717,11.4260260484056,-1.98691296637577,0.0609574448428459,0.26208147078579,-4.48852146103788,I4-FP2,"(R+1, R+45, R+82) vs (L-92, L-44, L-3)"
ITGA6,0.637128868187153,12.5423890795027,1.98628885319676,0.0610317141766237,0.26208147078579,-4.48956566795886,I4-FP2,"(R+1, R+45, R+82) vs (L-92, L-44, L-3)"
DENR,0.365137593247629,12.9125887758581,1.98624114156175,0.0610373951698485,0.26208147078579,-4.48964548570068,I4-FP2,"(R+1, R+45, R+82) vs (L-92, L-44, L-3)"
AHSP,0.551254605695968,10.3928160505429,1.98383687696273,0.0613242806697231,0.262571567937969,-4.49366600152187,I4-FP2,"(R+1, R+45, R+82) vs (L-92, L-44, L-3)"
IGF1,-0.292294270394345,16.1423221547737,-1.97905351374913,0.0618986258834491,0.26337422317062,-4.50165545140379,I4-FP2,"(R+1, R+45, R+82) vs (L-92, L-44, L-3)"
GTPBP2,-0.314011080236934,18.3674050043289,-1.97841954999045,0.0619751054428824,0.26337422317062,-4.50271338402344,I4-FP2,"(R+1, R+45, R+82) vs (L-92, L-44, L-3)"
IFITM3,-0.566548839714036,10.839616622259,-1.97795202313692,0.0620315604572908,0.26337422317062,-4.50349343091851,I4-FP2,"(R+1, R+45, R+82) vs (L-92, L-44, L-3)"
PDIA3,0.232825525257236,16.730940973556,1.97348981950971,0.0625726918175425,0.26472209991032,-4.51093230976686,I4-FP2,"(R+1, R+45, R+82) vs (L-92, L-44, L-3)"
FKBP3,0.362245830581406,13.5742485480914,1.97171137505593,0.0627895325374768,0.26472209991032,-4.51389404773286,I4-FP2,"(R+1, R+45, R+82) vs (L-92, L-44, L-3)"
IQGAP1,-0.335381682794251,11.2915249125243,-1.9684855400466,0.0631845569948962,0.26472209991032,-4.51926170976181,I4-FP2,"(R+1, R+45, R+82) vs (L-92, L-44, L-3)"
SKAP2,0.378728303194447,12.6554525594245,1.96804291504023,0.0632389314853502,0.26472209991032,-4.51999776792561,I4-FP2,"(R+1, R+45, R+82) vs (L-92, L-44, L-3)"
TUBB4B,0.532757156781242,15.7517094401725,1.96762095275601,0.0632908064124123,0.26472209991032,-4.5206993635318,I4-FP2,"(R+1, R+45, R+82) vs (L-92, L-44, L-3)"
IGHV3-73,-0.285701714986625,16.5060989670433,-1.96678265737429,0.0633939765574714,0.26472209991032,-4.52209290043864,I4-FP2,"(R+1, R+45, R+82) vs (L-92, L-44, L-3)"
GNG2,-0.483014677385186,11.6286571233427,-1.95944344457105,0.0643036300057218,0.266448679564918,-4.53427644159607,I4-FP2,"(R+1, R+45, R+82) vs (L-92, L-44, L-3)"
FLNC,1.51735918729267,14.6984139540085,1.95838490881512,0.0644357824195998,0.266448679564918,-4.53603118709087,I4-FP2,"(R+1, R+45, R+82) vs (L-92, L-44, L-3)"
CCT2,0.675355078961621,13.5054985902855,1.95791496548782,0.0644945295984464,0.266448679564918,-4.53681001548415,I4-FP2,"(R+1, R+45, R+82) vs (L-92, L-44, L-3)"
IGLV8-61,-0.315583623452038,19.5433436439655,-1.95688303844115,0.0646236968607005,0.266448679564918,-4.53851977424706,I4-FP2,"(R+1, R+45, R+82) vs (L-92, L-44, L-3)"
IGKV1-5,-0.290317682508185,19.6535277028294,-1.95640251459621,0.0646839228680624,0.266448679564918,-4.53931573103241,I4-FP2,"(R+1, R+45, R+82) vs (L-92, L-44, L-3)"
FGFBP2,-0.464367377251656,11.368308782636,-1.95135596286129,0.0653194454533221,0.268339343483918,-4.54766717878068,I4-FP2,"(R+1, R+45, R+82) vs (L-92, L-44, L-3)"
OXSR1,0.487751958430342,11.9013762696997,1.94797973301975,0.0657477102123195,0.2683606095881,-4.55324643332195,I4-FP2,"(R+1, R+45, R+82) vs (L-92, L-44, L-3)"
ETF1,0.326832520635205,13.2977810568644,1.94754868957476,0.0658025657976707,0.2683606095881,-4.55395827410821,I4-FP2,"(R+1, R+45, R+82) vs (L-92, L-44, L-3)"
LRPPRC,-0.336136214898271,13.1326859366133,-1.94697683033306,0.0658754046077605,0.2683606095881,-4.55490250128266,I4-FP2,"(R+1, R+45, R+82) vs (L-92, L-44, L-3)"
HPRT1,0.457926315482453,10.4299268639317,1.94575842241829,0.0660308342012825,0.2683606095881,-4.5569136631784,I4-FP2,"(R+1, R+45, R+82) vs (L-92, L-44, L-3)"
PKM,-0.256462514234744,13.7638052319862,-1.93936650162199,0.0668515790730701,0.270971733842844,-4.5674507075366,I4-FP2,"(R+1, R+45, R+82) vs (L-92, L-44, L-3)"
AMBP,-0.305859096661759,19.82977371493,-1.93666477291794,0.0672012010211766,0.271664429660075,-4.57189752584342,I4-FP2,"(R+1, R+45, R+82) vs (L-92, L-44, L-3)"
VCAN,0.388674746175894,13.3485148106056,1.93191856697209,0.0678193166848886,0.272914759995034,-4.57969933143348,I4-FP2,"(R+1, R+45, R+82) vs (L-92, L-44, L-3)"
F7,-0.455348855540876,18.1035307885321,-1.93153421740245,0.0678695916303442,0.272914759995034,-4.58033056309825,I4-FP2,"(R+1, R+45, R+82) vs (L-92, L-44, L-3)"
CCT4,0.624627348881142,12.4729996059754,1.92919609338938,0.0681761421577247,0.273102656265718,-4.58416873619498,I4-FP2,"(R+1, R+45, R+82) vs (L-92, L-44, L-3)"
RPS2,0.57040215758214,10.9133235816517,1.92843902045456,0.0682756640664297,0.273102656265718,-4.58541084882088,I4-FP2,"(R+1, R+45, R+82) vs (L-92, L-44, L-3)"
PPIA,0.264369419852709,17.1609711952737,1.92465986330912,0.0687743830112188,0.274375491278353,-4.59160632821938,I4-FP2,"(R+1, R+45, R+82) vs (L-92, L-44, L-3)"
S100A4,0.402969397340282,14.157063738065,1.92119643657264,0.0692342638491739,0.275487123169487,-4.59727702506091,I4-FP2,"(R+1, R+45, R+82) vs (L-92, L-44, L-3)"
IGLV4-69,-0.523221149116951,12.684314768014,-1.91809221597911,0.0696487573089608,0.276412822740523,-4.60235374303945,I4-FP2,"(R+1, R+45, R+82) vs (L-92, L-44, L-3)"
REG4,-0.328696340447116,14.0043645830655,-1.91292157530036,0.0703440419045465,0.278445165872163,-4.61079763366758,I4-FP2,"(R+1, R+45, R+82) vs (L-92, L-44, L-3)"
SEPTIN7.1,0.561456415759106,12.5439593870079,1.9094611382737,0.0708127771482073,0.278983183173531,-4.6164400772958,I4-FP2,"(R+1, R+45, R+82) vs (L-92, L-44, L-3)"
KRAS,0.351780723113408,13.8047229115234,1.90920894858459,0.0708470452006468,0.278983183173531,-4.61685101694978,I4-FP2,"(R+1, R+45, R+82) vs (L-92, L-44, L-3)"
APCS,-0.759106699430077,22.1430465389279,-1.90242967121195,0.0717737295599821,0.281901986902255,-4.62788396737811,I4-FP2,"(R+1, R+45, R+82) vs (L-92, L-44, L-3)"
ACO2,0.575975591840091,10.5651416262771,1.89811462866409,0.0723691222579104,0.283145325168381,-4.63489261362003,I4-FP2,"(R+1, R+45, R+82) vs (L-92, L-44, L-3)"
hCG_2014768,0.458056861544424,13.8785390091921,1.89743820319834,0.0724628496648027,0.283145325168381,-4.63599030684801,I4-FP2,"(R+1, R+45, R+82) vs (L-92, L-44, L-3)"
PTP4A2,-0.229548618949483,13.81722074806,-1.89137911872518,0.0733071957504269,0.285579867293658,-4.64581101382969,I4-FP2,"(R+1, R+45, R+82) vs (L-92, L-44, L-3)"
PLG,-0.276071117177053,23.4357055616503,-1.89027730734554,0.0734616632314609,0.285579867293658,-4.64759455433011,I4-FP2,"(R+1, R+45, R+82) vs (L-92, L-44, L-3)"
C1QB,-0.237381389481864,22.7782982186789,-1.88371303842839,0.074387888153725,0.286684376332961,-4.65820564768375,I4-FP2,"(R+1, R+45, R+82) vs (L-92, L-44, L-3)"
PPP1R14A,0.552780166275734,11.2204944047025,1.88301755228593,0.0744866214242688,0.286684376332961,-4.65932841691176,I4-FP2,"(R+1, R+45, R+82) vs (L-92, L-44, L-3)"
CON_sp|CATG_HUMAN|,-0.645749149595115,16.4788891176128,-1.88215178046795,0.074609690010686,0.286684376332961,-4.6607256929535,I4-FP2,"(R+1, R+45, R+82) vs (L-92, L-44, L-3)"
CTHRC1,-0.341430118731848,12.7518584438201,-1.88193235988268,0.0746409088183273,0.286684376332961,-4.66107974769645,I4-FP2,"(R+1, R+45, R+82) vs (L-92, L-44, L-3)"
LECT2,-0.288694632761,18.9343486657537,-1.88110804305162,0.0747582939702419,0.286684376332961,-4.66240960401959,I4-FP2,"(R+1, R+45, R+82) vs (L-92, L-44, L-3)"
DARS1,0.594599121393264,12.1768868260741,1.88007923952433,0.0749050263665552,0.286684376332961,-4.66406879523471,I4-FP2,"(R+1, R+45, R+82) vs (L-92, L-44, L-3)"
FBN1,-0.292867107091566,14.460215999689,-1.87895233684295,0.075066040645078,0.286684376332961,-4.66588548075561,I4-FP2,"(R+1, R+45, R+82) vs (L-92, L-44, L-3)"
CD5L,-0.248007636314913,20.5525851912854,-1.87679061712794,0.0753757636999403,0.287145766475963,-4.66936830885776,I4-FP2,"(R+1, R+45, R+82) vs (L-92, L-44, L-3)"
HSP90AB1,0.291355272411275,13.8783438250874,1.8747542238182,0.0756685572739551,0.287540517641029,-4.67264670149062,I4-FP2,"(R+1, R+45, R+82) vs (L-92, L-44, L-3)"
LUM,-0.255179138727136,16.098847046203,-1.87166082566478,0.0761152394803896,0.288516618479282,-4.67762208848134,I4-FP2,"(R+1, R+45, R+82) vs (L-92, L-44, L-3)"
ARCN1,-0.414488996982113,10.8464594782019,-1.86909912640603,0.0764868964479811,0.288748265483172,-4.68173801869414,I4-FP2,"(R+1, R+45, R+82) vs (L-92, L-44, L-3)"
PECAM1,0.425388272206523,14.1972773861104,1.86862207695126,0.0765562835458674,0.288748265483172,-4.68250407437753,I4-FP2,"(R+1, R+45, R+82) vs (L-92, L-44, L-3)"
RANBP1,0.386316626870952,12.584520489884,1.86445541976644,0.0771646786557244,0.289591832247992,-4.68918924806384,I4-FP2,"(R+1, R+45, R+82) vs (L-92, L-44, L-3)"
TNC,-0.393111524382121,13.084544834742,-1.86407321921967,0.0772206975793591,0.289591832247992,-4.68980195268181,I4-FP2,"(R+1, R+45, R+82) vs (L-92, L-44, L-3)"
ENSA,0.396809249500108,12.4271253744363,1.86318172174417,0.0773515025609769,0.289591832247992,-4.69123077288441,I4-FP2,"(R+1, R+45, R+82) vs (L-92, L-44, L-3)"
HMCN2,-0.492697673543311,12.3548436398828,-1.86029698297416,0.0777760987891399,0.290466020047893,-4.69585096485246,I4-FP2,"(R+1, R+45, R+82) vs (L-92, L-44, L-3)"
RPL32,-0.396021890859577,15.301873550096,-1.85649352169106,0.0783390417661489,0.291851332069966,-4.7019350167567,I4-FP2,"(R+1, R+45, R+82) vs (L-92, L-44, L-3)"
STOM,0.469872340584553,16.1616355036765,1.85434643478671,0.0786584022651352,0.292324624555025,-4.70536571126986,I4-FP2,"(R+1, R+45, R+82) vs (L-92, L-44, L-3)"
NOTCH3,-0.34565404793099,12.3900490194461,-1.84843872171818,0.0795430164380573,0.29419545226905,-4.71479106652275,I4-FP2,"(R+1, R+45, R+82) vs (L-92, L-44, L-3)"
MS4A1,-0.336254927702817,13.3501564008125,-1.84839960993457,0.0795489018964339,0.29419545226905,-4.71485339717328,I4-FP2,"(R+1, R+45, R+82) vs (L-92, L-44, L-3)"
FN1.1,-0.64935429206195,17.6232222228622,-1.84571113370459,0.0799543727577131,0.294813131943751,-4.7191357018373,I4-FP2,"(R+1, R+45, R+82) vs (L-92, L-44, L-3)"
STT3B,-0.876966223162227,14.8563406954577,-1.8447231572707,0.0801038312452429,0.294813131943751,-4.72070829872094,I4-FP2,"(R+1, R+45, R+82) vs (L-92, L-44, L-3)"
FCN1,-1.37781309390712,15.734340803036,-1.84259807913245,0.0804261359850379,0.295284364003038,-4.72408887549677,I4-FP2,"(R+1, R+45, R+82) vs (L-92, L-44, L-3)"
PSMD4,0.609010494232313,10.9307808883257,1.84068066341162,0.0807179179145704,0.295604572491257,-4.7271367747413,I4-FP2,"(R+1, R+45, R+82) vs (L-92, L-44, L-3)"
ADH1B,0.517614571146678,13.5478688176667,1.83947211100828,0.0809023040502388,0.295604572491257,-4.72905673826025,I4-FP2,"(R+1, R+45, R+82) vs (L-92, L-44, L-3)"
DPYSL2,0.395505683893826,10.7459579594107,1.83774973811355,0.0811657188834543,0.2958558578006,-4.73179146227903,I4-FP2,"(R+1, R+45, R+82) vs (L-92, L-44, L-3)"
TUBA4A,0.518602376325038,15.6647324585977,1.83416574409446,0.081716248346541,0.297149993987422,-4.73747627402903,I4-FP2,"(R+1, R+45, R+82) vs (L-92, L-44, L-3)"
SERPINA5,-0.459963094175574,18.2902670095724,-1.83230073185096,0.0820040170395609,0.297484739618455,-4.74043142827831,I4-FP2,"(R+1, R+45, R+82) vs (L-92, L-44, L-3)"
TBCA,0.625590538907822,12.6651673459539,1.82676247208265,0.0828637840856276,0.299887980500366,-4.74919453101744,I4-FP2,"(R+1, R+45, R+82) vs (L-92, L-44, L-3)"
RDX,0.62970582464362,12.109648760436,1.82365097259247,0.0833502601528088,0.300932055658597,-4.75410965567422,I4-FP2,"(R+1, R+45, R+82) vs (L-92, L-44, L-3)"
HSPA1B,-0.266014996002848,14.9057261637723,-1.82172645062398,0.08365240011453,0.301112774822701,-4.75714681251947,I4-FP2,"(R+1, R+45, R+82) vs (L-92, L-44, L-3)"
SERBP1,0.632756940746913,10.3478602632099,1.82035549133774,0.0838682156206562,0.301112774822701,-4.75930899932789,I4-FP2,"(R+1, R+45, R+82) vs (L-92, L-44, L-3)"
FSCN1,0.343332436080839,11.4924923540162,1.81955396457719,0.0839946161347536,0.301112774822701,-4.76057258502571,I4-FP2,"(R+1, R+45, R+82) vs (L-92, L-44, L-3)"
LSM3,-0.547498586265797,10.7354913487498,-1.81572130437624,0.0846013230827098,0.302574143731103,-4.76660926439315,I4-FP2,"(R+1, R+45, R+82) vs (L-92, L-44, L-3)"
JCHAIN,-0.266800001144471,19.845577547225,-1.81197584475544,0.0851979108164351,0.303558797496396,-4.77249994167808,I4-FP2,"(R+1, R+45, R+82) vs (L-92, L-44, L-3)"
CON_sp|IGF2_HUMAN|,-0.279489468211469,20.4937785011311,-1.81047533530675,0.0854379420230695,0.303558797496396,-4.77485746559627,I4-FP2,"(R+1, R+45, R+82) vs (L-92, L-44, L-3)"
EIF4H,0.402934194618765,13.9248950940833,1.81023921652427,0.085475766663459,0.303558797496396,-4.77522831799598,I4-FP2,"(R+1, R+45, R+82) vs (L-92, L-44, L-3)"
SMAP1,0.708346388497469,12.1611916390323,1.80688097177545,0.0860153145890115,0.303759705462887,-4.78049914287673,I4-FP2,"(R+1, R+45, R+82) vs (L-92, L-44, L-3)"
RPS3,0.707953287358295,11.7058295137356,1.80600511331787,0.0861565194480426,0.303759705462887,-4.78187268226661,I4-FP2,"(R+1, R+45, R+82) vs (L-92, L-44, L-3)"
F2,-0.276674682020143,20.5469670017526,-1.80577305139835,0.0861939659663295,0.303759705462887,-4.78223652775271,I4-FP2,"(R+1, R+45, R+82) vs (L-92, L-44, L-3)"
IGKV1D-33,0.294101546139579,17.7663351815404,1.80455580035283,0.0863906188276183,0.303759705462887,-4.78414449148225,I4-FP2,"(R+1, R+45, R+82) vs (L-92, L-44, L-3)"
BPI,-0.558025097194139,16.382253655859,-1.8036849536949,0.0865315476746252,0.303759705462887,-4.78550893033276,I4-FP2,"(R+1, R+45, R+82) vs (L-92, L-44, L-3)"
IGHM,-0.243160419446301,23.0684382475076,-1.80067685719611,0.0870198857959156,0.304647019102305,-4.79021841927242,I4-FP2,"(R+1, R+45, R+82) vs (L-92, L-44, L-3)"
MAP4,0.422980752656391,11.3785120297744,1.79955825339677,0.0872020913423232,0.304647019102305,-4.79196829106928,I4-FP2,"(R+1, R+45, R+82) vs (L-92, L-44, L-3)"
HSPD1,0.544965639994764,12.2472780422208,1.79663425269784,0.0876799383926592,0.304647019102305,-4.79653877074975,I4-FP2,"(R+1, R+45, R+82) vs (L-92, L-44, L-3)"
MGAT1,-0.281560384107592,15.70543528935,-1.79584391933594,0.087809486341006,0.304647019102305,-4.7977732293569,I4-FP2,"(R+1, R+45, R+82) vs (L-92, L-44, L-3)"
MAN1A1,-0.29800773036354,17.4859379760786,-1.79338695134926,0.0882132838081533,0.304647019102305,-4.80160842133266,I4-FP2,"(R+1, R+45, R+82) vs (L-92, L-44, L-3)"
AGT,-0.260209345459639,15.9682992291309,-1.79338418028053,0.088213740136009,0.304647019102305,-4.80161274471481,I4-FP2,"(R+1, R+45, R+82) vs (L-92, L-44, L-3)"
ADAMTSL4,-0.30141505512778,16.5970940893112,-1.79315962118724,0.0882507263881784,0.304647019102305,-4.80196308286391,I4-FP2,"(R+1, R+45, R+82) vs (L-92, L-44, L-3)"
SEMA3B,-0.28747675805951,13.4155971394417,-1.79232858231974,0.088387720673761,0.304647019102305,-4.80325932862849,I4-FP2,"(R+1, R+45, R+82) vs (L-92, L-44, L-3)"
MDH1,2.09256091567416,16.9585916822479,1.78996635287512,0.0887781356258556,0.30530037590792,-4.80694157814779,I4-FP2,"(R+1, R+45, R+82) vs (L-92, L-44, L-3)"
NAPA,0.484806437850846,12.1843778447098,1.78201405406061,0.0901034587785802,0.309158594454722,-4.81931223948761,I4-FP2,"(R+1, R+45, R+82) vs (L-92, L-44, L-3)"
ORM2,-0.238624854985179,18.9217935337195,-1.77750809768024,0.0908620015942128,0.310385744703802,-4.82630430904842,I4-FP2,"(R+1, R+45, R+82) vs (L-92, L-44, L-3)"
GP9,0.566832269879554,14.0561118625739,1.77746365410748,0.0908695107849947,0.310385744703802,-4.82637321093732,I4-FP2,"(R+1, R+45, R+82) vs (L-92, L-44, L-3)"
SNX2.1,0.655291478729722,11.8806100939711,1.77549194465917,0.0912031922049942,0.310403703213875,-4.82942875841144,I4-FP2,"(R+1, R+45, R+82) vs (L-92, L-44, L-3)"
ABCF1,-0.454404639943952,11.6983672585768,-1.77396312066237,0.0914626516920188,0.310403703213875,-4.8317962998116,I4-FP2,"(R+1, R+45, R+82) vs (L-92, L-44, L-3)"
IGHV3-16,0.776376256262688,12.720228219958,1.77381744860927,0.091487407263037,0.310403703213875,-4.8320218118698,I4-FP2,"(R+1, R+45, R+82) vs (L-92, L-44, L-3)"
USP14,0.283346951529306,12.8513822253799,1.76974844163134,0.0921812428494279,0.311647853831016,-4.83831560488316,I4-FP2,"(R+1, R+45, R+82) vs (L-92, L-44, L-3)"
ITGB1,0.517826191085111,14.0838975814104,1.76830719628535,0.0924280891496951,0.311647853831016,-4.84054238775938,I4-FP2,"(R+1, R+45, R+82) vs (L-92, L-44, L-3)"
EEF1G,0.41875979424752,17.2217191862999,1.76792533044069,0.0924935881357074,0.311647853831016,-4.8411321681403,I4-FP2,"(R+1, R+45, R+82) vs (L-92, L-44, L-3)"
SETD3,1.00962452734447,13.897916665145,1.76687337874109,0.0926742302181706,0.311647853831016,-4.84275640368432,I4-FP2,"(R+1, R+45, R+82) vs (L-92, L-44, L-3)"
EHD3,0.408992816812221,14.5557390614766,1.76064709809273,0.0937496686274625,0.313878715309607,-4.85235569884624,I4-FP2,"(R+1, R+45, R+82) vs (L-92, L-44, L-3)"
CLSTN1,-0.350595413060588,11.4726445020916,-1.75939092795148,0.0939679434038269,0.313878715309607,-4.85428943185214,I4-FP2,"(R+1, R+45, R+82) vs (L-92, L-44, L-3)"
SERPINA4,-0.232811087871645,17.177399728231,-1.75923003442405,0.0939959322800672,0.313878715309607,-4.85453703766738,I4-FP2,"(R+1, R+45, R+82) vs (L-92, L-44, L-3)"
MANF,0.280546242920852,15.1655534992553,1.75826698112707,0.0941636145928822,0.313878715309607,-4.85601878024381,I4-FP2,"(R+1, R+45, R+82) vs (L-92, L-44, L-3)"
SNX2,0.376563143894388,12.3003098576908,1.75478888596289,0.0947713562142268,0.314283638353555,-4.86136527172994,I4-FP2,"(R+1, R+45, R+82) vs (L-92, L-44, L-3)"
HRG,-0.267701000900817,24.0767922790228,-1.7544257654167,0.0948350004293882,0.314283638353555,-4.86192301712874,I4-FP2,"(R+1, R+45, R+82) vs (L-92, L-44, L-3)"
PIP4K2A,0.784336308589843,11.7640892113079,1.75402441465821,0.0949053881607118,0.314283638353555,-4.8625393865199,I4-FP2,"(R+1, R+45, R+82) vs (L-92, L-44, L-3)"
SEPTIN7,0.421418429827658,14.3060700765267,1.75197988233399,0.0952646522581774,0.314740963678633,-4.86567767294967,I4-FP2,"(R+1, R+45, R+82) vs (L-92, L-44, L-3)"
EIF3G,0.352997134249708,16.9177468688108,1.75088446090084,0.0954576212209539,0.314740963678633,-4.86735802060304,I4-FP2,"(R+1, R+45, R+82) vs (L-92, L-44, L-3)"
CHMP1B,0.596508457704628,12.4105263168497,1.74667628529356,0.0962020689027656,0.316508971281826,-4.87380619269378,I4-FP2,"(R+1, R+45, R+82) vs (L-92, L-44, L-3)"
IGHV3-72,0.249704534664225,15.341564353052,1.74508012653301,0.0964857433542777,0.3167566520486,-4.87624904718864,I4-FP2,"(R+1, R+45, R+82) vs (L-92, L-44, L-3)"
PDIA5,0.455698962927224,13.3108756563328,1.74245223945057,0.0969543496030634,0.317609076285897,-4.88026739853661,I4-FP2,"(R+1, R+45, R+82) vs (L-92, L-44, L-3)"
COL6A2,0.38421596601837,12.7977468777306,1.73554753071587,0.0981949491637393,0.319997717888989,-4.89080460196109,I4-FP2,"(R+1, R+45, R+82) vs (L-92, L-44, L-3)"
GSPT1,0.860981184495251,10.4185788083016,1.73543376207605,0.0982155043089093,0.319997717888989,-4.89097796890744,I4-FP2,"(R+1, R+45, R+82) vs (L-92, L-44, L-3)"
H1-5,-0.432641527178233,18.5881714689842,-1.7332944512953,0.0986027137846246,0.319997717888989,-4.89423643213816,I4-FP2,"(R+1, R+45, R+82) vs (L-92, L-44, L-3)"
REG3A,-0.303000914011018,12.3769985692435,-1.73326285452326,0.0986084425369779,0.319997717888989,-4.89428453646809,I4-FP2,"(R+1, R+45, R+82) vs (L-92, L-44, L-3)"
C3,-0.236710210752768,23.149350846333,-1.73255896336699,0.0987361379539052,0.319997717888989,-4.89535600642337,I4-FP2,"(R+1, R+45, R+82) vs (L-92, L-44, L-3)"
ANXA3,-0.392749216103652,13.1747044408233,-1.71950694251942,0.101129825792451,0.326687342078051,-4.91516647799061,I4-FP2,"(R+1, R+45, R+82) vs (L-92, L-44, L-3)"
F9,-0.2917682725638,20.4169344200223,-1.71896603805189,0.101230090867606,0.326687342078051,-4.91598510924091,I4-FP2,"(R+1, R+45, R+82) vs (L-92, L-44, L-3)"
ORM1,-0.257480998029919,17.745282386021,-1.70971301787944,0.102958528500459,0.331561362967581,-4.92995989676149,I4-FP2,"(R+1, R+45, R+82) vs (L-92, L-44, L-3)"
MAN1A2,-0.483549159545795,13.181930413757,-1.70850467228337,0.103186099385423,0.331591693585294,-4.93178077578222,I4-FP2,"(R+1, R+45, R+82) vs (L-92, L-44, L-3)"
PFKM,-0.585574246412267,12.8846519864502,-1.70617835430473,0.103625433670872,0.331663736871211,-4.93528368941077,I4-FP2,"(R+1, R+45, R+82) vs (L-92, L-44, L-3)"
IGHV1-8,-0.264731694419559,12.6112999309169,-1.70607537971043,0.103644917772253,0.331663736871211,-4.93543866512292,I4-FP2,"(R+1, R+45, R+82) vs (L-92, L-44, L-3)"
KIF5B,-0.261501213597149,16.5312409840025,-1.703912124653,0.104054958389008,0.331671247547816,-4.93869275409888,I4-FP2,"(R+1, R+45, R+82) vs (L-92, L-44, L-3)"
INHBE,-0.275742374403609,15.436692142873,-1.70376090078329,0.104083674394939,0.331671247547816,-4.93892012007641,I4-FP2,"(R+1, R+45, R+82) vs (L-92, L-44, L-3)"
IDH2,0.317302906988373,12.8688068313695,1.70073539975767,0.104659614936396,0.332808817370969,-4.94346586158477,I4-FP2,"(R+1, R+45, R+82) vs (L-92, L-44, L-3)"
CCT6A,0.488569480595588,12.8025104947564,1.69793246797519,0.10519561610286,0.333756259997438,-4.94767189438605,I4-FP2,"(R+1, R+45, R+82) vs (L-92, L-44, L-3)"
TJP2,0.511393326577014,12.2870511503607,1.6956292747741,0.10563780703186,0.333756259997438,-4.95112420422929,I4-FP2,"(R+1, R+45, R+82) vs (L-92, L-44, L-3)"
C11orf54,-0.982270337608216,15.4437481038812,-1.69498254737484,0.10576225764055,0.333756259997438,-4.95209297807578,I4-FP2,"(R+1, R+45, R+82) vs (L-92, L-44, L-3)"
EIF1AX,0.419639128477557,13.436458082663,1.69379696639908,0.105990725772165,0.333756259997438,-4.95386822725083,I4-FP2,"(R+1, R+45, R+82) vs (L-92, L-44, L-3)"
TALDO1,-0.223348582486483,17.2865538716956,-1.69166847058338,0.106401956492971,0.333756259997438,-4.95705306650189,I4-FP2,"(R+1, R+45, R+82) vs (L-92, L-44, L-3)"
RASGRP2,0.556730427303211,13.9705945900618,1.6911858426412,0.106495390624791,0.333756259997438,-4.95777480512292,I4-FP2,"(R+1, R+45, R+82) vs (L-92, L-44, L-3)"
TFPI,-0.278802848525815,14.0726832353897,-1.68972635483812,0.106778365695885,0.333756259997438,-4.95995644891684,I4-FP2,"(R+1, R+45, R+82) vs (L-92, L-44, L-3)"
FYB1,0.37642303750764,13.4710802346822,1.68923486499715,0.106873803283799,0.333756259997438,-4.96069081533859,I4-FP2,"(R+1, R+45, R+82) vs (L-92, L-44, L-3)"
RDH11,0.69884641209728,11.8259084167816,1.686848942882,0.107338136965294,0.333756259997438,-4.96425353106215,I4-FP2,"(R+1, R+45, R+82) vs (L-92, L-44, L-3)"
PRAP1,0.420342551724212,11.0139274969379,1.68675460409708,0.107356531917066,0.333756259997438,-4.96439432349,I4-FP2,"(R+1, R+45, R+82) vs (L-92, L-44, L-3)"
DTD1,0.583411462092552,11.8956409450624,1.68667066114226,0.107372902064965,0.333756259997438,-4.9645195961514,I4-FP2,"(R+1, R+45, R+82) vs (L-92, L-44, L-3)"
ARHGDIA,0.212433912102365,12.0079983825093,1.68495156188806,0.107708620986502,0.334116538570373,-4.96708408788032,I4-FP2,"(R+1, R+45, R+82) vs (L-92, L-44, L-3)"
ANXA6,-0.279042389957981,15.9716481722722,-1.682743092685,0.108141220882298,0.334484106216408,-4.97037576467577,I4-FP2,"(R+1, R+45, R+82) vs (L-92, L-44, L-3)"
DDX5,-0.314573482160966,17.919375031199,-1.68210125008714,0.108267223854258,0.334484106216408,-4.97133181811119,I4-FP2,"(R+1, R+45, R+82) vs (L-92, L-44, L-3)"
RAB32,-0.87501106416694,13.5885696985498,-1.67957265341021,0.108764841911216,0.335339877697868,-4.97509564748181,I4-FP2,"(R+1, R+45, R+82) vs (L-92, L-44, L-3)"
MMRN2,0.344739294302375,13.6495852945751,1.67591145637126,0.109488803076142,0.33688862484967,-4.98053791735844,I4-FP2,"(R+1, R+45, R+82) vs (L-92, L-44, L-3)"
ITIH1,0.25630756603244,17.4780511373352,1.67357164090211,0.109953621013264,0.337635361495276,-4.98401137221371,I4-FP2,"(R+1, R+45, R+82) vs (L-92, L-44, L-3)"
HMCN1,-0.417682456951617,17.1343299983833,-1.67074283835927,0.110517820186676,0.338461500032573,-4.98820591291597,I4-FP2,"(R+1, R+45, R+82) vs (L-92, L-44, L-3)"
DSTN,0.351591301856069,15.530512897929,1.66999191341636,0.110668003629071,0.338461500032573,-4.98931849618253,I4-FP2,"(R+1, R+45, R+82) vs (L-92, L-44, L-3)"
SARS1,0.408609258135905,12.60444173948,1.66837111510963,0.110992751558382,0.338773056965345,-4.99171863031329,I4-FP2,"(R+1, R+45, R+82) vs (L-92, L-44, L-3)"
PRCP,-0.306068992763254,10.9357053571378,-1.66607057210773,0.111455085855351,0.339502465932133,-4.99512237477555,I4-FP2,"(R+1, R+45, R+82) vs (L-92, L-44, L-3)"
PCBP1,0.32362202972407,13.8054570425622,1.65847842755747,0.112992486606925,0.343497159285053,-5.00633040147037,I4-FP2,"(R+1, R+45, R+82) vs (L-92, L-44, L-3)"
F5,-0.220242286097558,22.0587093412662,-1.65478105169924,0.113747694398698,0.345102785401242,-5.01177486870644,I4-FP2,"(R+1, R+45, R+82) vs (L-92, L-44, L-3)"
FRZB,-0.412448459530809,12.4951990234965,-1.65205266699417,0.114307721804042,0.34607804366817,-5.01578664661719,I4-FP2,"(R+1, R+45, R+82) vs (L-92, L-44, L-3)"
SIRPB1,-0.305276197300663,15.959055732452,-1.65099954049542,0.114524510503348,0.34607804366817,-5.0173338231294,I4-FP2,"(R+1, R+45, R+82) vs (L-92, L-44, L-3)"
APOC1,-0.234974919993998,20.1170922321491,-1.64977799359156,0.11477640530904,0.346151063630439,-5.01912750486852,I4-FP2,"(R+1, R+45, R+82) vs (L-92, L-44, L-3)"
CXCL10,-0.345682708360804,11.894963022951,-1.64502171017894,0.115761673116185,0.348431174527923,-5.02610200065658,I4-FP2,"(R+1, R+45, R+82) vs (L-92, L-44, L-3)"
RPL4,0.635234726516383,11.0474858900817,1.64227595765228,0.116333710766222,0.349269706055043,-5.03012142283299,I4-FP2,"(R+1, R+45, R+82) vs (L-92, L-44, L-3)"
CNTN4,-0.520961735130141,12.4485381143328,-1.64148073615709,0.116499829585465,0.349269706055043,-5.03128458100496,I4-FP2,"(R+1, R+45, R+82) vs (L-92, L-44, L-3)"
STK26,-0.584499940000462,17.2297284685029,-1.63508775528859,0.117842603180158,0.352552113056932,-5.04062009657854,I4-FP2,"(R+1, R+45, R+82) vs (L-92, L-44, L-3)"
SEPTIN5,0.459958614818303,12.6013864119842,1.63406528792643,0.118058569438143,0.352552113056932,-5.04211063680511,I4-FP2,"(R+1, R+45, R+82) vs (L-92, L-44, L-3)"
TCOF1,-0.306509771825695,13.2113046679187,-1.63265879190275,0.118356196705,0.352747880375688,-5.04415986118674,I4-FP2,"(R+1, R+45, R+82) vs (L-92, L-44, L-3)"
SAA1,-0.402440257751116,19.7558910556262,-1.62164467641508,0.120708857826222,0.356882925815102,-5.06016103518117,I4-FP2,"(R+1, R+45, R+82) vs (L-92, L-44, L-3)"
PARVB,0.529320216923657,14.2950901473127,1.62148932820226,0.120742320791282,0.356882925815102,-5.06038613753469,I4-FP2,"(R+1, R+45, R+82) vs (L-92, L-44, L-3)"
MMP19,-0.336194732699326,14.0438635592618,-1.62106942559455,0.12083280953362,0.356882925815102,-5.06099450227653,I4-FP2,"(R+1, R+45, R+82) vs (L-92, L-44, L-3)"
APOF,0.363142146152647,17.23181224473,1.62035701941967,0.120986463326647,0.356882925815102,-5.06202638018929,I4-FP2,"(R+1, R+45, R+82) vs (L-92, L-44, L-3)"
MSN,0.237296124725812,17.1140332125083,1.62030660504017,0.120997343078126,0.356882925815102,-5.06209938940457,I4-FP2,"(R+1, R+45, R+82) vs (L-92, L-44, L-3)"
NID1,0.474281412361502,11.2237603647965,1.61875888601391,0.121331752230673,0.356882925815102,-5.06433993166497,I4-FP2,"(R+1, R+45, R+82) vs (L-92, L-44, L-3)"
FANCD2,-0.260003111604795,17.7475530285192,-1.61850282586377,0.121387153056847,0.356882925815102,-5.0647104585902,I4-FP2,"(R+1, R+45, R+82) vs (L-92, L-44, L-3)"
TWF2,0.423446678419644,13.3864839354511,1.61120509413218,0.122975057814663,0.360853451502487,-5.07525180998609,I4-FP2,"(R+1, R+45, R+82) vs (L-92, L-44, L-3)"
SMC3,-0.443653740380574,11.5961871745774,-1.60967709352012,0.123309736673634,0.361138342473842,-5.07745438089677,I4-FP2,"(R+1, R+45, R+82) vs (L-92, L-44, L-3)"
CON_sp|B2MG_HUMAN|,-0.254555112226835,16.0977042944492,-1.60786057247236,0.123708606403042,0.361609772562738,-5.0800707793637,I4-FP2,"(R+1, R+45, R+82) vs (L-92, L-44, L-3)"
FGFR1,-0.332933540857744,11.6679319581187,-1.60399030776095,0.124562052255191,0.363405603508426,-5.08563776018447,I4-FP2,"(R+1, R+45, R+82) vs (L-92, L-44, L-3)"
PCSK6,-0.241936991159779,13.1548973261382,-1.60249609572911,0.12489286687016,0.363672715790506,-5.08778429842938,I4-FP2,"(R+1, R+45, R+82) vs (L-92, L-44, L-3)"
SPP1,-0.323491138167375,11.0964431386615,-1.59884732221533,0.125703796805516,0.365334170448154,-5.09301960382747,I4-FP2,"(R+1, R+45, R+82) vs (L-92, L-44, L-3)"
PDAP1,0.452693188161205,12.590690085812,1.59654727699043,0.126217242309139,0.366126351736435,-5.09631505885488,I4-FP2,"(R+1, R+45, R+82) vs (L-92, L-44, L-3)"
MPO,-0.395157693712416,17.6522140805291,-1.59197987217261,0.1272420514944,0.36832316433495,-5.10284839427766,I4-FP2,"(R+1, R+45, R+82) vs (L-92, L-44, L-3)"
TUBB8,-0.595270921404297,14.6034571090715,-1.59066007996573,0.127539474490221,0.36832316433495,-5.1047335947466,I4-FP2,"(R+1, R+45, R+82) vs (L-92, L-44, L-3)"
ANO10,0.702413151121694,12.3558898056719,1.5896516506524,0.127767122307894,0.36832316433495,-5.1061732361105,I4-FP2,"(R+1, R+45, R+82) vs (L-92, L-44, L-3)"
TUBB,0.329820492828272,14.1613277124317,1.58886988500151,0.12794383603214,0.36832316433495,-5.10728880992182,I4-FP2,"(R+1, R+45, R+82) vs (L-92, L-44, L-3)"
MESD,0.22489950783042,13.7062423059449,1.58426731531276,0.12898837477202,0.370628222407317,-5.11384812054413,I4-FP2,"(R+1, R+45, R+82) vs (L-92, L-44, L-3)"
NTAQ1,-0.264918383817404,13.3879655520287,-1.58292448117973,0.129294467916254,0.370806775910766,-5.11575909990587,I4-FP2,"(R+1, R+45, R+82) vs (L-92, L-44, L-3)"
OMD,0.97183134181405,13.1411004955902,1.58082683626513,0.129773832421899,0.371480650247244,-5.11874175820105,I4-FP2,"(R+1, R+45, R+82) vs (L-92, L-44, L-3)"
CHGA,-0.31893547303165,13.1825394673514,-1.57790249558111,0.13044459642391,0.372698846925459,-5.12289483401146,I4-FP2,"(R+1, R+45, R+82) vs (L-92, L-44, L-3)"
LCP2,0.387322643952614,13.7334033417583,1.57634905758073,0.13080208932254,0.372746079421046,-5.12509858501824,I4-FP2,"(R+1, R+45, R+82) vs (L-92, L-44, L-3)"
NCF2,-0.488925719278203,11.7186514192361,-1.57493930754241,0.131127223242182,0.372746079421046,-5.12709705176454,I4-FP2,"(R+1, R+45, R+82) vs (L-92, L-44, L-3)"
GNA13,0.614421167189364,11.4370687921311,1.57463796153796,0.131196810848855,0.372746079421046,-5.12752406255731,I4-FP2,"(R+1, R+45, R+82) vs (L-92, L-44, L-3)"
KIF2C,-0.23746100536227,18.3969951448263,-1.57086111089846,0.132071588873066,0.374531371431084,-5.13287057025298,I4-FP2,"(R+1, R+45, R+82) vs (L-92, L-44, L-3)"
C4B_2,-0.210685540610118,23.2210034503941,-1.5690716820652,0.13248774482106,0.374967842156718,-5.13540023239082,I4-FP2,"(R+1, R+45, R+82) vs (L-92, L-44, L-3)"
CALD1,0.44900321624241,16.6544526050789,1.56685821347656,0.133004029511106,0.374967842156718,-5.13852627199551,I4-FP2,"(R+1, R+45, R+82) vs (L-92, L-44, L-3)"
YWHAB,0.381768419696939,13.407804767978,1.56626111174094,0.1331435885526,0.374967842156718,-5.13936896458911,I4-FP2,"(R+1, R+45, R+82) vs (L-92, L-44, L-3)"
HCLS1,-0.337532803420968,12.4779470200876,-1.56596749447048,0.133212259713571,0.374967842156718,-5.13978325720118,I4-FP2,"(R+1, R+45, R+82) vs (L-92, L-44, L-3)"
SELL,-0.233878639264657,13.0913654893929,-1.5605369368599,0.1344876883269,0.377419197820423,-5.14743493653611,I4-FP2,"(R+1, R+45, R+82) vs (L-92, L-44, L-3)"
C1S,-0.215189862238684,23.5695954057467,-1.56014665733158,0.13457974027544,0.377419197820423,-5.14798405113632,I4-FP2,"(R+1, R+45, R+82) vs (L-92, L-44, L-3)"
MIA3,-0.858733275647955,16.4077169727203,-1.5526775111044,0.136351554300359,0.381683908907082,-5.15847249108511,I4-FP2,"(R+1, R+45, R+82) vs (L-92, L-44, L-3)"
FBLN1,-0.342047047438315,15.1113360094688,-1.55050177854642,0.136871309190876,0.381754028093535,-5.16152039824972,I4-FP2,"(R+1, R+45, R+82) vs (L-92, L-44, L-3)"
CON_sp|ANT3_HUMAN|,-0.223489850686977,22.783973144105,-1.55047000616098,0.1368789113888,0.381754028093535,-5.16156488251685,I4-FP2,"(R+1, R+45, R+82) vs (L-92, L-44, L-3)"
TTN,-0.331414723582183,16.0631077001952,-1.54899338751294,0.13723261001802,0.382039500416467,-5.163631504622,I4-FP2,"(R+1, R+45, R+82) vs (L-92, L-44, L-3)"
C8G,-0.260621814869981,19.5198299147866,-1.54412852818136,0.138403277210973,0.384594115833052,-5.17042937045013,I4-FP2,"(R+1, R+45, R+82) vs (L-92, L-44, L-3)"
CTSF,-0.297130639417661,10.8454950928396,-1.54117773147815,0.139117378208538,0.38547760299588,-5.17454454153243,I4-FP2,"(R+1, R+45, R+82) vs (L-92, L-44, L-3)"
UBE2N,0.328177098887202,12.4380086629776,1.54004095490265,0.139393295322782,0.38547760299588,-5.17612825253434,I4-FP2,"(R+1, R+45, R+82) vs (L-92, L-44, L-3)"
PABPC1,-0.166356373467435,15.6202336203701,-1.53963515423262,0.13949190061476,0.38547760299588,-5.17669337731278,I4-FP2,"(R+1, R+45, R+82) vs (L-92, L-44, L-3)"
MTPN,0.307815514339985,13.5115953526333,1.53820435428715,0.139840031368817,0.38547760299588,-5.17868500814188,I4-FP2,"(R+1, R+45, R+82) vs (L-92, L-44, L-3)"
PARP1,0.40049366933426,11.5322721720254,1.53646151831063,0.140265056535194,0.38547760299588,-5.18110903566891,I4-FP2,"(R+1, R+45, R+82) vs (L-92, L-44, L-3)"
TCP1,-0.388094796402924,14.4749240249274,-1.53630080464601,0.140304303588327,0.38547760299588,-5.18133245683943,I4-FP2,"(R+1, R+45, R+82) vs (L-92, L-44, L-3)"
ENPP2,-0.351737394504944,11.6193168661392,-1.53460574728843,0.140718798940845,0.38547760299588,-5.1836877851374,I4-FP2,"(R+1, R+45, R+82) vs (L-92, L-44, L-3)"
SELENOP,-0.231786693504275,22.0267809898678,-1.53312890396369,0.141080760122679,0.38547760299588,-5.18573824650339,I4-FP2,"(R+1, R+45, R+82) vs (L-92, L-44, L-3)"
FLOT1,0.312335229523261,11.1478431580251,1.53304955515702,0.141100229608265,0.38547760299588,-5.18584837145104,I4-FP2,"(R+1, R+45, R+82) vs (L-92, L-44, L-3)"
GP1BA,0.323297915796638,14.0289065217822,1.53240992916883,0.141257253203095,0.38547760299588,-5.18673591969451,I4-FP2,"(R+1, R+45, R+82) vs (L-92, L-44, L-3)"
CIRBP,0.425582680648036,12.5837381220415,1.53072570267611,0.141671410620027,0.385695390739821,-5.18907157837404,I4-FP2,"(R+1, R+45, R+82) vs (L-92, L-44, L-3)"
APOA2,-0.209747393698954,22.2285925902929,-1.53002279575406,0.141844554883921,0.385695390739821,-5.1900457656122,I4-FP2,"(R+1, R+45, R+82) vs (L-92, L-44, L-3)"
ETFA,0.722786673083977,10.4411354458053,1.52841689024343,0.142240788055042,0.385901090487808,-5.19227014413585,I4-FP2,"(R+1, R+45, R+82) vs (L-92, L-44, L-3)"
ESAM,0.554299088012211,12.9575565778909,1.52765954815911,0.142427968265566,0.385901090487808,-5.19331852375141,I4-FP2,"(R+1, R+45, R+82) vs (L-92, L-44, L-3)"
DYNC1H1,-0.312599410464004,14.9081364066236,-1.52553191243081,0.142954912144431,0.386639620034761,-5.19626161137072,I4-FP2,"(R+1, R+45, R+82) vs (L-92, L-44, L-3)"
RPS15,0.533629282288712,12.2683768003935,1.52249085051057,0.143710877170024,0.387993842448379,-5.20046264094726,I4-FP2,"(R+1, R+45, R+82) vs (L-92, L-44, L-3)"
IGLV3-16,0.491690333540253,12.3093349697386,1.51938628741616,0.144486030353447,0.389394975420638,-5.2047446233434,I4-FP2,"(R+1, R+45, R+82) vs (L-92, L-44, L-3)"
APOA4,-0.193525063137652,21.2032736620059,-1.51791034054789,0.144855756045826,0.38948942960292,-5.20677792788669,I4-FP2,"(R+1, R+45, R+82) vs (L-92, L-44, L-3)"
CON_sp|ALBU_HUMAN|,-0.191315782268596,22.1908234473904,-1.51654484462908,0.145198508514776,0.38948942960292,-5.20865769254666,I4-FP2,"(R+1, R+45, R+82) vs (L-92, L-44, L-3)"
RPL29,0.448560686760997,13.8345497173118,1.51618156805955,0.145289806963721,0.38948942960292,-5.2091575617598,I4-FP2,"(R+1, R+45, R+82) vs (L-92, L-44, L-3)"
LIMA1,0.371068754809247,11.6391545924593,1.51407101663447,0.145821166454028,0.390225656707963,-5.21205982572789,I4-FP2,"(R+1, R+45, R+82) vs (L-92, L-44, L-3)"
RBMXL3,0.551330975524598,11.2401029903603,1.50819847408199,0.147308091744387,0.393511949826833,-5.22011857321654,I4-FP2,"(R+1, R+45, R+82) vs (L-92, L-44, L-3)"
UBE2D2,0.295431401168468,10.9252181534431,1.50654744520913,0.147728372777961,0.393942327407897,-5.22237980585381,I4-FP2,"(R+1, R+45, R+82) vs (L-92, L-44, L-3)"
STK10,0.603667688838191,12.2721144218484,1.50237764291239,0.148794219942353,0.395165014333458,-5.22808204531607,I4-FP2,"(R+1, R+45, R+82) vs (L-92, L-44, L-3)"
PRNP,-0.237994233661092,12.5872805485607,-1.50096857900183,0.149155818475678,0.395165014333458,-5.23000613757897,I4-FP2,"(R+1, R+45, R+82) vs (L-92, L-44, L-3)"
HSPG2,-0.275568434130905,14.4487515481076,-1.49954016946974,0.149523118491008,0.395165014333458,-5.23195519383806,I4-FP2,"(R+1, R+45, R+82) vs (L-92, L-44, L-3)"
ITGB3,0.520505876684216,17.0107854882064,1.49926216854263,0.149594689747217,0.395165014333458,-5.23233435433381,I4-FP2,"(R+1, R+45, R+82) vs (L-92, L-44, L-3)"
IGF2R,-0.294337615247872,19.0368662857199,-1.49893623354064,0.149678637462083,0.395165014333458,-5.23277882065058,I4-FP2,"(R+1, R+45, R+82) vs (L-92, L-44, L-3)"
ACSL4,0.398430058164578,10.6997558094801,1.4986719204508,0.149746742273731,0.395165014333458,-5.23313919932419,I4-FP2,"(R+1, R+45, R+82) vs (L-92, L-44, L-3)"
ITGA2,0.48691049296317,12.4735442898873,1.49736770911143,0.150083167570244,0.395366403304629,-5.23491669707476,I4-FP2,"(R+1, R+45, R+82) vs (L-92, L-44, L-3)"
TRHDE,-0.306588996747231,14.078566873515,-1.49622221308919,0.150379163586647,0.39546077621402,-5.23647687576932,I4-FP2,"(R+1, R+45, R+82) vs (L-92, L-44, L-3)"
CRTAC1,-0.199659661416848,16.7009337945085,-1.49439886442565,0.150851305212756,0.396017243391,-5.23895835289548,I4-FP2,"(R+1, R+45, R+82) vs (L-92, L-44, L-3)"
IGLC2,0.283091800518658,21.6246276082406,1.49335639458487,0.151121790713365,0.396043313593647,-5.24037602305555,I4-FP2,"(R+1, R+45, R+82) vs (L-92, L-44, L-3)"
YWHAE,0.489301756855782,13.2619523068329,1.48903546046846,0.15224717242811,0.397686004947388,-5.24624378569143,I4-FP2,"(R+1, R+45, R+82) vs (L-92, L-44, L-3)"
IGHV3OR16-9,-0.220122443797418,20.3186115504819,-1.4889408961429,0.152271878210118,0.397686004947388,-5.24637205222066,I4-FP2,"(R+1, R+45, R+82) vs (L-92, L-44, L-3)"
HNRNPUL2,-0.424458066178953,12.0866102883593,-1.48792409122603,0.152537735360375,0.39769701157422,-5.24775083346511,I4-FP2,"(R+1, R+45, R+82) vs (L-92, L-44, L-3)"
NEO1,-0.230865973354173,17.3234778369367,-1.48634642414436,0.152950990301378,0.398091618592628,-5.24988866433883,I4-FP2,"(R+1, R+45, R+82) vs (L-92, L-44, L-3)"
L1CAM,-0.267262683607626,19.8846886423459,-1.48513500288605,0.153268932812773,0.398237227137463,-5.25152899166083,I4-FP2,"(R+1, R+45, R+82) vs (L-92, L-44, L-3)"
HTATIP2,-0.412477458653601,11.2744551726831,-1.48292862922763,0.153849395343757,0.399063278024764,-5.25451381325948,I4-FP2,"(R+1, R+45, R+82) vs (L-92, L-44, L-3)"
PROC,-0.303346810413717,19.6454133444879,-1.48087891947904,0.154390253355164,0.39978396098782,-5.25728354443179,I4-FP2,"(R+1, R+45, R+82) vs (L-92, L-44, L-3)"
PYGB,0.263324423429432,12.8855440125938,1.47582631938268,0.15573013152513,0.402536217799019,-5.2640980333022,I4-FP2,"(R+1, R+45, R+82) vs (L-92, L-44, L-3)"
PLEK,0.377169200849166,18.7094554245317,1.47487756612899,0.15598278439712,0.402536217799019,-5.26537556251053,I4-FP2,"(R+1, R+45, R+82) vs (L-92, L-44, L-3)"
THBS2,0.684110233427517,13.4389688700034,1.47340756366754,0.156374907275963,0.402864167897397,-5.26735368205185,I4-FP2,"(R+1, R+45, R+82) vs (L-92, L-44, L-3)"
CON_sp|LALBA_HUMAN|,-0.205299373684592,20.9500452940523,-1.46974620654546,0.157355074522188,0.404625746965999,-5.27227379221052,I4-FP2,"(R+1, R+45, R+82) vs (L-92, L-44, L-3)"
GPX4,0.299983872852747,13.4115017076818,1.46828690799737,0.157747132531452,0.404625746965999,-5.27423207303462,I4-FP2,"(R+1, R+45, R+82) vs (L-92, L-44, L-3)"
CSRP1,0.312358235792368,15.9404966918667,1.46787744942711,0.157857281546603,0.404625746965999,-5.27478126064219,I4-FP2,"(R+1, R+45, R+82) vs (L-92, L-44, L-3)"
SAA2-SAA4,-0.241478731804932,19.5961665319427,-1.46513434335318,0.158596827360979,0.40495331514398,-5.2784573124122,I4-FP2,"(R+1, R+45, R+82) vs (L-92, L-44, L-3)"
RAB35,0.291472559062381,17.0996282130916,1.46447479637526,0.158775062903335,0.40495331514398,-5.27934035759769,I4-FP2,"(R+1, R+45, R+82) vs (L-92, L-44, L-3)"
GRN,-0.211410678660156,14.4673805084914,-1.46444053475286,0.158784326201192,0.40495331514398,-5.27938622066487,I4-FP2,"(R+1, R+45, R+82) vs (L-92, L-44, L-3)"
GSTK1,0.26851730413748,11.0245893332099,1.46016088124839,0.159944882345317,0.407229851197459,-5.28510828930492,I4-FP2,"(R+1, R+45, R+82) vs (L-92, L-44, L-3)"
CNTN1,-1.04391002068958,19.2576550965631,-1.45691070043985,0.160830873490507,0.408800882450788,-5.28944497625659,I4-FP2,"(R+1, R+45, R+82) vs (L-92, L-44, L-3)"
RAB13,0.309278235755545,13.6577155530478,1.45059422658709,0.162564148181108,0.412516703230859,-5.29785088203941,I4-FP2,"(R+1, R+45, R+82) vs (L-92, L-44, L-3)"
METAP2,0.641407421349303,14.0364686782353,1.44727294866434,0.163481595594365,0.414153375505725,-5.30225907456255,I4-FP2,"(R+1, R+45, R+82) vs (L-92, L-44, L-3)"
NAP1L1,0.392420152401564,14.5894458598502,1.44567584658921,0.163924262635703,0.414583825634392,-5.30437595667347,I4-FP2,"(R+1, R+45, R+82) vs (L-92, L-44, L-3)"
TNXB,-0.223794944786813,16.3624332815911,-1.44208486758868,0.164923122732093,0.416417186964753,-5.30912877742422,I4-FP2,"(R+1, R+45, R+82) vs (L-92, L-44, L-3)"
LAMA5,-0.395616575394257,14.9608540881446,-1.43811339471005,0.166033561298762,0.418525726656913,-5.31437414161801,I4-FP2,"(R+1, R+45, R+82) vs (L-92, L-44, L-3)"
ARF6,0.259757355876264,14.4061850620369,1.43596668793095,0.166636305597688,0.419349643225971,-5.31720458468875,I4-FP2,"(R+1, R+45, R+82) vs (L-92, L-44, L-3)"
NCK2,0.267675554109493,11.4357076502513,1.43430946362385,0.167102825508438,0.419511058345584,-5.3193873159463,I4-FP2,"(R+1, R+45, R+82) vs (L-92, L-44, L-3)"
GAS6,-0.332900779182754,13.0960223398967,-1.43377879665352,0.167252435103568,0.419511058345584,-5.3200858289466,I4-FP2,"(R+1, R+45, R+82) vs (L-92, L-44, L-3)"
YWHAZ,0.469589397590894,16.9734144112706,1.43231946327938,0.167664420178094,0.419851595833118,-5.3220056654666,I4-FP2,"(R+1, R+45, R+82) vs (L-92, L-44, L-3)"
CON_sp|KCRM_HUMAN|,-0.645525688164283,13.02270177378,-1.43012752225975,0.168284770078182,0.419886554542413,-5.32488632981355,I4-FP2,"(R+1, R+45, R+82) vs (L-92, L-44, L-3)"
POSTN,0.306792726990609,14.1544128432844,1.42956100929407,0.16844540257887,0.419886554542413,-5.32563026694501,I4-FP2,"(R+1, R+45, R+82) vs (L-92, L-44, L-3)"
SNX6,0.333893267825347,12.2078165014149,1.42827575935463,0.168810289651619,0.419886554542413,-5.32731715858443,I4-FP2,"(R+1, R+45, R+82) vs (L-92, L-44, L-3)"
ECM1,0.202876323965,13.6218844037967,1.42754083089262,0.169019225360221,0.419886554542413,-5.32828120294157,I4-FP2,"(R+1, R+45, R+82) vs (L-92, L-44, L-3)"
RAC1,0.295564697474972,17.6582120459488,1.42739894597721,0.169059586434182,0.419886554542413,-5.32846727476486,I4-FP2,"(R+1, R+45, R+82) vs (L-92, L-44, L-3)"
CCL18,-0.21211054128376,18.9215632385417,-1.42438647814926,0.16991836248654,0.421331013017195,-5.33241438636272,I4-FP2,"(R+1, R+45, R+82) vs (L-92, L-44, L-3)"
RAB8A,0.351287606384557,14.5314692516166,1.42144479574101,0.1707603546691,0.422680179220699,-5.33626225216637,I4-FP2,"(R+1, R+45, R+82) vs (L-92, L-44, L-3)"
CLTC,0.362669418188565,13.2211242263469,1.42054481746131,0.171018625145217,0.422680179220699,-5.33743818410511,I4-FP2,"(R+1, R+45, R+82) vs (L-92, L-44, L-3)"
HLA-C,-0.315434597271064,16.6237445096801,-1.41908093725295,0.171439393791054,0.42303227039351,-5.33934963684648,I4-FP2,"(R+1, R+45, R+82) vs (L-92, L-44, L-3)"
ELANE,-0.413770734523394,13.5536584331299,-1.41624979342352,0.172255527998411,0.423717707890284,-5.34304186271717,I4-FP2,"(R+1, R+45, R+82) vs (L-92, L-44, L-3)"
IGLV1-40,-0.233783435228843,14.8296588301434,-1.41618341760965,0.172274699655392,0.423717707890284,-5.34312835490736,I4-FP2,"(R+1, R+45, R+82) vs (L-92, L-44, L-3)"
BIN2,0.325280640265292,13.9247913577933,1.41232620910341,0.173391751824479,0.425776191879174,-5.34814892081207,I4-FP2,"(R+1, R+45, R+82) vs (L-92, L-44, L-3)"
YWHAG,0.37217944364221,12.5736072169356,1.4106338218632,0.173883705938019,0.42629553713837,-5.35034824017682,I4-FP2,"(R+1, R+45, R+82) vs (L-92, L-44, L-3)"
CACYBP,0.286432273167877,12.8062843980479,1.40935385323859,0.174256520864278,0.426521596962484,-5.35201018637331,I4-FP2,"(R+1, R+45, R+82) vs (L-92, L-44, L-3)"
PEBP1,-0.244417324155573,13.4205783977607,-1.40770656510429,0.174737270291595,0.427010692673994,-5.35414726922043,I4-FP2,"(R+1, R+45, R+82) vs (L-92, L-44, L-3)"
CCT7,0.414900762711766,13.5601493264855,1.40674226685711,0.17501918837166,0.427013108065689,-5.35539734495702,I4-FP2,"(R+1, R+45, R+82) vs (L-92, L-44, L-3)"
CSK,0.300849815253538,14.308613544823,1.40538412804945,0.17541686787906,0.427297498679762,-5.357156799619,I4-FP2,"(R+1, R+45, R+82) vs (L-92, L-44, L-3)"
RPL30,0.489762622353124,12.3107720347385,1.40202360029447,0.176403992078551,0.429014508735037,-5.36150439399084,I4-FP2,"(R+1, R+45, R+82) vs (L-92, L-44, L-3)"
METRNL,-0.237204651757268,13.2836533588179,-1.39789959081565,0.177621470544534,0.431285359788645,-5.36682815680069,I4-FP2,"(R+1, R+45, R+82) vs (L-92, L-44, L-3)"
LMNA,0.220727231236947,12.6414982324233,1.39489611627307,0.178512381636331,0.432224329973482,-5.37069736593476,I4-FP2,"(R+1, R+45, R+82) vs (L-92, L-44, L-3)"
APOM,-0.179682230831051,17.4060148842756,-1.39467909574329,0.178576894225886,0.432224329973482,-5.37097667884325,I4-FP2,"(R+1, R+45, R+82) vs (L-92, L-44, L-3)"
DDX1,0.386667359866523,11.1013654180316,1.38956027220085,0.180103963860724,0.434842153987308,-5.37755450811993,I4-FP2,"(R+1, R+45, R+82) vs (L-92, L-44, L-3)"
SAMM50,0.474478866686034,13.131422128121,1.38913724395138,0.18023062961316,0.434842153987308,-5.37809722857302,I4-FP2,"(R+1, R+45, R+82) vs (L-92, L-44, L-3)"
AP3B1,0.328532864930554,13.5317242384238,1.38568320273461,0.181267528697111,0.43653018653913,-5.38252351347232,I4-FP2,"(R+1, R+45, R+82) vs (L-92, L-44, L-3)"
DECR1,1.33846546321657,10.7937420132954,1.38489552055563,0.181504656508375,0.43653018653913,-5.38353165228517,I4-FP2,"(R+1, R+45, R+82) vs (L-92, L-44, L-3)"
CAND1,0.300676501190432,10.8438310051486,1.38313551715481,0.182035392653899,0.437115002897198,-5.3857825530966,I4-FP2,"(R+1, R+45, R+82) vs (L-92, L-44, L-3)"
SNAP23,0.336728563836551,11.3922305163235,1.38097766578183,0.182687792473689,0.437989660189287,-5.38853907547142,I4-FP2,"(R+1, R+45, R+82) vs (L-92, L-44, L-3)"
C1QA,-0.175945689093598,22.7752730096443,-1.37871719522819,0.183373218645872,0.438158263555672,-5.39142291145367,I4-FP2,"(R+1, R+45, R+82) vs (L-92, L-44, L-3)"
ANGPTL4,-0.312875301230668,12.1917781264754,-1.37828672678796,0.18350397880147,0.438158263555672,-5.39197165105392,I4-FP2,"(R+1, R+45, R+82) vs (L-92, L-44, L-3)"
HTRA1,-0.245736884214604,17.25291281932,-1.37789543245146,0.183622903871686,0.438158263555672,-5.39247033175985,I4-FP2,"(R+1, R+45, R+82) vs (L-92, L-44, L-3)"
C3orf85,-0.278167770499656,18.4729156257673,-1.37652770374037,0.184039077227173,0.438463005306119,-5.39421250744948,I4-FP2,"(R+1, R+45, R+82) vs (L-92, L-44, L-3)"
HNRNPU,0.462776789009362,13.886563244622,1.37492305067083,0.184528300647654,0.438640984199289,-5.3962546641839,I4-FP2,"(R+1, R+45, R+82) vs (L-92, L-44, L-3)"
SLC39A10,-0.351723186047683,13.680859657442,-1.37122563319456,0.18565950807384,0.438640984199289,-5.40095273790571,I4-FP2,"(R+1, R+45, R+82) vs (L-92, L-44, L-3)"
RPL35,0.413157813579678,12.818192183565,1.37121155800546,0.185663824840495,0.438640984199289,-5.40097060253276,I4-FP2,"(R+1, R+45, R+82) vs (L-92, L-44, L-3)"
CNN2,0.278358414563809,15.4493547185661,1.37097424825206,0.185736618194674,0.438640984199289,-5.40127178011698,I4-FP2,"(R+1, R+45, R+82) vs (L-92, L-44, L-3)"
A4GALT,-0.305871292354623,10.8436907551764,-1.37031845256102,0.185937897802398,0.438640984199289,-5.40210384952361,I4-FP2,"(R+1, R+45, R+82) vs (L-92, L-44, L-3)"
SCUBE2,-0.29106488100674,11.6217465402554,-1.36999459008368,0.186037363093044,0.438640984199289,-5.40251464368448,I4-FP2,"(R+1, R+45, R+82) vs (L-92, L-44, L-3)"
CON_sp|CRP_HUMAN|,-0.493327624935648,17.8970061936197,-1.36954307361811,0.186176104419388,0.438640984199289,-5.40308722393629,I4-FP2,"(R+1, R+45, R+82) vs (L-92, L-44, L-3)"
CSF1,-0.244710624989435,13.1828163141269,-1.3687421350461,0.186422418284698,0.438640984199289,-5.40410253469052,I4-FP2,"(R+1, R+45, R+82) vs (L-92, L-44, L-3)"
PTPRJ,0.32333000134373,12.544717873153,1.36555022490384,0.187406608270241,0.440275184807987,-5.40814391821006,I4-FP2,"(R+1, R+45, R+82) vs (L-92, L-44, L-3)"
HEG1,-0.335335476101471,9.6539834527934,-1.36377427507149,0.18795598899551,0.44048959621973,-5.41038915044095,I4-FP2,"(R+1, R+45, R+82) vs (L-92, L-44, L-3)"
HABP2,-0.16953201420349,23.7105595280276,-1.36338214166311,0.188077465754345,0.44048959621973,-5.41088457865438,I4-FP2,"(R+1, R+45, R+82) vs (L-92, L-44, L-3)"
PFKP,0.383828735356763,13.2135732776601,1.36179249024964,0.18857055397025,0.440964987745816,-5.41289177188948,I4-FP2,"(R+1, R+45, R+82) vs (L-92, L-44, L-3)"
EEF2,0.266330594433963,13.1035811394097,1.35998856754311,0.189131349460333,0.44128122395587,-5.41516718400405,I4-FP2,"(R+1, R+45, R+82) vs (L-92, L-44, L-3)"
C4A,-0.200400409439403,22.0132472671193,-1.35949049935034,0.189286419749491,0.44128122395587,-5.41579499449152,I4-FP2,"(R+1, R+45, R+82) vs (L-92, L-44, L-3)"
PLGLA,-0.21094527450381,21.424252925502,-1.35839338501106,0.189628355178973,0.441336757850407,-5.41717722949795,I4-FP2,"(R+1, R+45, R+82) vs (L-92, L-44, L-3)"
IGHG3,-0.19832096058856,23.2199604118615,-1.35719545067954,0.190002272629938,0.441336757850407,-5.41868543638547,I4-FP2,"(R+1, R+45, R+82) vs (L-92, L-44, L-3)"
MUC5B,0.33397446032022,16.8588873867173,1.35662255474481,0.190181300257905,0.441336757850407,-5.41940632858144,I4-FP2,"(R+1, R+45, R+82) vs (L-92, L-44, L-3)"
MAPKAPK2,-0.283514749188048,12.7078092878124,-1.35515517690283,0.190640460105127,0.44172789536554,-5.42125163051359,I4-FP2,"(R+1, R+45, R+82) vs (L-92, L-44, L-3)"
DIPK2A,0.47213520037507,10.1065441923672,1.35302664655243,0.191308064137532,0.442600087502358,-5.42392543937463,I4-FP2,"(R+1, R+45, R+82) vs (L-92, L-44, L-3)"
S100A7,0.220777043026725,13.2984668890154,1.34730788435492,0.193110904798347,0.445426542153549,-5.43109203457756,I4-FP2,"(R+1, R+45, R+82) vs (L-92, L-44, L-3)"
CHI3L1,-0.21915555613241,12.3039661377273,-1.34729225749205,0.193115849525782,0.445426542153549,-5.43111158339485,I4-FP2,"(R+1, R+45, R+82) vs (L-92, L-44, L-3)"
KLKB1.1,0.28526020495701,14.2217565459306,1.34053604124345,0.195263082829216,0.449696796818802,-5.43954588057566,I4-FP2,"(R+1, R+45, R+82) vs (L-92, L-44, L-3)"
APOC3,-0.182086636455572,22.880065322371,-1.33861027720777,0.195878562706515,0.450431793213166,-5.44194353253899,I4-FP2,"(R+1, R+45, R+82) vs (L-92, L-44, L-3)"
H2AC21,-0.260458260333619,12.6666526618992,-1.33354868547268,0.197503564291981,0.452814345316617,-5.44823179578284,I4-FP2,"(R+1, R+45, R+82) vs (L-92, L-44, L-3)"
NUP93,-0.293890407204818,14.481666298165,-1.33352725266603,0.197510467726919,0.452814345316617,-5.44825838082057,I4-FP2,"(R+1, R+45, R+82) vs (L-92, L-44, L-3)"
GNAZ,0.501048824667409,12.7471226810735,1.32716268564292,0.199568898924926,0.456317466947799,-5.45613723661124,I4-FP2,"(R+1, R+45, R+82) vs (L-92, L-44, L-3)"
MED30,-0.303111547924064,16.7413452465779,-1.32694718140034,0.199638891789662,0.456317466947799,-5.45640346679927,I4-FP2,"(R+1, R+45, R+82) vs (L-92, L-44, L-3)"
EIF4A1,0.195711289356314,13.0252120214674,1.32457226031625,0.200411513702738,0.457395646889132,-5.45933502311542,I4-FP2,"(R+1, R+45, R+82) vs (L-92, L-44, L-3)"
MENT,-0.238241921666729,13.0503030622445,-1.32253865955022,0.201074962131239,0.458221802757846,-5.46184179004945,I4-FP2,"(R+1, R+45, R+82) vs (L-92, L-44, L-3)"
GRK6,-0.235271044868703,17.8304260408466,-1.31935984868556,0.202115483107511,0.458369328477956,-5.46575380752027,I4-FP2,"(R+1, R+45, R+82) vs (L-92, L-44, L-3)"
DDX19B,0.281756389489698,12.6846292113067,1.31780413971631,0.202626252036055,0.458369328477956,-5.46766549093021,I4-FP2,"(R+1, R+45, R+82) vs (L-92, L-44, L-3)"
SRC,0.297255861221094,13.7105170870233,1.31755641049478,0.202707679671677,0.458369328477956,-5.46796973170363,I4-FP2,"(R+1, R+45, R+82) vs (L-92, L-44, L-3)"
IGHV3-7,0.215291850834958,18.4267604241015,1.31694177557751,0.202909818662837,0.458369328477956,-5.46872437027572,I4-FP2,"(R+1, R+45, R+82) vs (L-92, L-44, L-3)"
TARDBP,0.407009359548865,11.6732717573366,1.31687493412221,0.202931810778168,0.458369328477956,-5.46880641942123,I4-FP2,"(R+1, R+45, R+82) vs (L-92, L-44, L-3)"
CON_sp|GSTP1_HUMAN|,0.365674290422898,11.9421080119336,1.31682253815615,0.20294905135899,0.458369328477956,-5.46887073403055,I4-FP2,"(R+1, R+45, R+82) vs (L-92, L-44, L-3)"
HYOU1,0.192446380906687,12.8917868595474,1.31350660856887,0.204042477153313,0.459404574784227,-5.47293660737151,I4-FP2,"(R+1, R+45, R+82) vs (L-92, L-44, L-3)"
DOK2,0.321118969385548,12.3332006273751,1.31320449748414,0.204142327172244,0.459404574784227,-5.47330662023789,I4-FP2,"(R+1, R+45, R+82) vs (L-92, L-44, L-3)"
TLN1,0.35549084807274,18.4582741415904,1.31268492364857,0.204314139838248,0.459404574784227,-5.47394280624062,I4-FP2,"(R+1, R+45, R+82) vs (L-92, L-44, L-3)"
CAPZB,0.301477112480471,13.1726141549589,1.3108143914328,0.204933625676482,0.460116855285456,-5.47623141781693,I4-FP2,"(R+1, R+45, R+82) vs (L-92, L-44, L-3)"
ANXA11,-0.317141284638129,11.0819883845202,-1.30612799309735,0.206492133040479,0.462383618170837,-5.48195329852931,I4-FP2,"(R+1, R+45, R+82) vs (L-92, L-44, L-3)"
GART,-0.219524880213871,16.5359396624643,-1.30594963784866,0.206551629432893,0.462383618170837,-5.48217072404347,I4-FP2,"(R+1, R+45, R+82) vs (L-92, L-44, L-3)"
COLEC11,-0.170945917663788,15.1140214210388,-1.30188989733244,0.207909520447468,0.464738928059046,-5.48711307161373,I4-FP2,"(R+1, R+45, R+82) vs (L-92, L-44, L-3)"
LYN,0.248838899057012,12.4749926107261,1.30048787734904,0.208380080844073,0.464787493301979,-5.48881690691672,I4-FP2,"(R+1, R+45, R+82) vs (L-92, L-44, L-3)"
RARRES2,-0.196600555799168,19.0247438765412,-1.29947888065988,0.208719244952293,0.464787493301979,-5.49004216121532,I4-FP2,"(R+1, R+45, R+82) vs (L-92, L-44, L-3)"
BZW1,0.302918529023587,12.7906092126679,1.29909442033737,0.208848590740297,0.464787493301979,-5.49050881318784,I4-FP2,"(R+1, R+45, R+82) vs (L-92, L-44, L-3)"
SELP,0.321959822986492,13.0024852959468,1.29786769296275,0.209261722641685,0.464789595518916,-5.49199702271046,I4-FP2,"(R+1, R+45, R+82) vs (L-92, L-44, L-3)"
ACTR3,0.335375432619477,13.4035505582163,1.29727634866597,0.209461100612143,0.464789595518916,-5.49271399389081,I4-FP2,"(R+1, R+45, R+82) vs (L-92, L-44, L-3)"
SDCBP,0.273515597066994,11.2304044030823,1.29568587631817,0.209998080325652,0.464940727161355,-5.49464099236461,I4-FP2,"(R+1, R+45, R+82) vs (L-92, L-44, L-3)"
C1QTNF4,-0.246352366316813,16.0057156333067,-1.29385501470789,0.210617549089276,0.464940727161355,-5.49685679039136,I4-FP2,"(R+1, R+45, R+82) vs (L-92, L-44, L-3)"
NCAN,-0.447639044688408,12.269175818701,-1.29357896753972,0.210711072566626,0.464940727161355,-5.49719064823228,I4-FP2,"(R+1, R+45, R+82) vs (L-92, L-44, L-3)"
ATP5F1A,0.426441672216746,12.9124344944252,1.29301141231659,0.210903459244937,0.464940727161355,-5.49787687498379,I4-FP2,"(R+1, R+45, R+82) vs (L-92, L-44, L-3)"
EIF1,0.254736234241613,12.7870657042943,1.29250070480674,0.211076692946373,0.464940727161355,-5.49849415168965,I4-FP2,"(R+1, R+45, R+82) vs (L-92, L-44, L-3)"
TMEM198,-0.217895472828402,16.2777466526999,-1.29112367587232,0.211544338074401,0.464940727161355,-5.50015750537113,I4-FP2,"(R+1, R+45, R+82) vs (L-92, L-44, L-3)"
IGHV3-33,-0.215767676105549,17.9644961786996,-1.29034303412613,0.211809805527419,0.464940727161355,-5.50109980461874,I4-FP2,"(R+1, R+45, R+82) vs (L-92, L-44, L-3)"
HNRNPK,0.229369947070871,14.3218694206443,1.28985392454261,0.211976265738697,0.464940727161355,-5.50168995665342,I4-FP2,"(R+1, R+45, R+82) vs (L-92, L-44, L-3)"
TAGLN2,0.243741223554458,17.1302736831906,1.28780155066771,0.212675866758805,0.465466396412902,-5.50416427104769,I4-FP2,"(R+1, R+45, R+82) vs (L-92, L-44, L-3)"
IGFBP3,-0.173241764687229,21.0263794898887,-1.28735481473548,0.212828385201952,0.465466396412902,-5.50470241134855,I4-FP2,"(R+1, R+45, R+82) vs (L-92, L-44, L-3)"
PLP2,0.425603987137835,12.1570665923697,1.28425265257281,0.213889829836799,0.467115720333241,-5.50843496345492,I4-FP2,"(R+1, R+45, R+82) vs (L-92, L-44, L-3)"
RPS7,0.316549891456013,13.6211045574337,1.28202684739947,0.214653948751838,0.467803921796273,-5.51110840889497,I4-FP2,"(R+1, R+45, R+82) vs (L-92, L-44, L-3)"
TBXAS1,0.475509574382249,12.7221154722199,1.28113527688853,0.214960618830124,0.467803921796273,-5.51217819230128,I4-FP2,"(R+1, R+45, R+82) vs (L-92, L-44, L-3)"
IVD,-0.364028835442983,14.5683732459747,-1.28060318364629,0.215143802885321,0.467803921796273,-5.51281634539579,I4-FP2,"(R+1, R+45, R+82) vs (L-92, L-44, L-3)"
HSPA8,0.189221671230308,15.4270821652355,1.279755120132,0.215436016616704,0.467803921796273,-5.51383298856016,I4-FP2,"(R+1, R+45, R+82) vs (L-92, L-44, L-3)"
RPL18,0.385447158438676,12.3414108738737,1.27782518616954,0.216102153686637,0.468439424765711,-5.51614444495563,I4-FP2,"(R+1, R+45, R+82) vs (L-92, L-44, L-3)"
SLIT1,-0.811441520705255,17.6857087990763,-1.27712261388725,0.216345050122058,0.468439424765711,-5.51698517707281,I4-FP2,"(R+1, R+45, R+82) vs (L-92, L-44, L-3)"
LDHB,0.418556524966426,14.7849253839839,1.27580903091418,0.216799755668612,0.468756228472675,-5.51855602924274,I4-FP2,"(R+1, R+45, R+82) vs (L-92, L-44, L-3)"
PSMD9,0.5404945632679,11.0084222879316,1.27367902348908,0.217538645701598,0.469685712310269,-5.52110030924412,I4-FP2,"(R+1, R+45, R+82) vs (L-92, L-44, L-3)"
CCT5,0.365529426733816,11.5170176263661,1.27193551019055,0.218144913054284,0.469719884367982,-5.52318025640532,I4-FP2,"(R+1, R+45, R+82) vs (L-92, L-44, L-3)"
RNASE4,-0.176899478898288,18.5036535352995,-1.27078278844226,0.218546463672907,0.469719884367982,-5.52455409116875,I4-FP2,"(R+1, R+45, R+82) vs (L-92, L-44, L-3)"
TPI1,0.424947958484519,12.5915876835062,1.27060696743292,0.218607761163495,0.469719884367982,-5.52476354546738,I4-FP2,"(R+1, R+45, R+82) vs (L-92, L-44, L-3)"
SERPINB5,-0.191359960473523,16.5888289862964,-1.26863686984267,0.219295517529485,0.469719884367982,-5.52710883577381,I4-FP2,"(R+1, R+45, R+82) vs (L-92, L-44, L-3)"
ARHGAP6,0.362109384452931,13.1545834238806,1.26845974464322,0.21935743340572,0.469719884367982,-5.52731954282886,I4-FP2,"(R+1, R+45, R+82) vs (L-92, L-44, L-3)"
CAPN1,-0.172864650916771,16.7478351726518,-1.26831331314793,0.219408630198202,0.469719884367982,-5.52749371808368,I4-FP2,"(R+1, R+45, R+82) vs (L-92, L-44, L-3)"
CTSB,-0.153862090092436,13.6003418940805,-1.26694907957134,0.219886050790163,0.470044873060478,-5.52911561116719,I4-FP2,"(R+1, R+45, R+82) vs (L-92, L-44, L-3)"
MOB1B,0.329455992960362,12.071765417997,1.26571166656708,0.220319783922628,0.470044873060478,-5.53058545611756,I4-FP2,"(R+1, R+45, R+82) vs (L-92, L-44, L-3)"
CTSH,-0.2087144202853,15.6518636630723,-1.265231823801,0.220488154271132,0.470044873060478,-5.53115510456184,I4-FP2,"(R+1, R+45, R+82) vs (L-92, L-44, L-3)"
MB,0.51502303310843,11.9888390702048,1.25695657003132,0.223407486749464,0.475234858937357,-5.54095037680682,I4-FP2,"(R+1, R+45, R+82) vs (L-92, L-44, L-3)"
ACTA1,0.416569040878039,16.688874320763,1.25416858575043,0.224397707958638,0.475234858937357,-5.54423820724221,I4-FP2,"(R+1, R+45, R+82) vs (L-92, L-44, L-3)"
FKBP4,0.225099835552608,17.3441120410179,1.25394145566114,0.224478527416923,0.475234858937357,-5.54450578599655,I4-FP2,"(R+1, R+45, R+82) vs (L-92, L-44, L-3)"
PSMA6,-0.262699891050239,17.1713315631522,-1.25299512623465,0.22481549997745,0.475234858937357,-5.54562020116695,I4-FP2,"(R+1, R+45, R+82) vs (L-92, L-44, L-3)"
IGKV1-17,-0.194574125339929,17.0233323546383,-1.25253803217972,0.224978403113698,0.475234858937357,-5.54615822815611,I4-FP2,"(R+1, R+45, R+82) vs (L-92, L-44, L-3)"
BPIFB1,-0.28679566311527,16.0513847102841,-1.25235665598151,0.225043068697266,0.475234858937357,-5.54637167263825,I4-FP2,"(R+1, R+45, R+82) vs (L-92, L-44, L-3)"
F11R,0.356293440376472,13.4342786960633,1.25216546508539,0.225111248970327,0.475234858937357,-5.54659663873125,I4-FP2,"(R+1, R+45, R+82) vs (L-92, L-44, L-3)"
RPS15A,0.350554975378413,14.0260349723974,1.24926482180867,0.226147592863915,0.476760528645148,-5.55000612630846,I4-FP2,"(R+1, R+45, R+82) vs (L-92, L-44, L-3)"
RWDD1,0.389254119267208,12.1406916946261,1.24719229016517,0.226890311865417,0.477663814453509,-5.55243812031651,I4-FP2,"(R+1, R+45, R+82) vs (L-92, L-44, L-3)"
RAC2,-0.235010945936807,17.1225463170234,-1.24465881615534,0.22780075891469,0.478675784377883,-5.55540634457867,I4-FP2,"(R+1, R+45, R+82) vs (L-92, L-44, L-3)"
CPN1,-0.241129343594455,22.0085207507474,-1.2437339383875,0.228133827296658,0.478675784377883,-5.55648865578801,I4-FP2,"(R+1, R+45, R+82) vs (L-92, L-44, L-3)"
RPS8,0.459580375852649,12.5783241794997,1.24322919878549,0.228315752417082,0.478675784377883,-5.55707902415515,I4-FP2,"(R+1, R+45, R+82) vs (L-92, L-44, L-3)"
LTBP2,-0.21325273961018,12.8442164178045,-1.24129262668473,0.22901479084257,0.478889528571707,-5.55934224401737,I4-FP2,"(R+1, R+45, R+82) vs (L-92, L-44, L-3)"
CON_sp|GELS_HUMAN|,-0.167654828679552,22.4195408859863,-1.23909942195958,0.229808445259694,0.478889528571707,-5.56190175956072,I4-FP2,"(R+1, R+45, R+82) vs (L-92, L-44, L-3)"
RPSA,0.261168125307207,12.3677602986496,1.23844413825272,0.230045981003528,0.478889528571707,-5.56266574198837,I4-FP2,"(R+1, R+45, R+82) vs (L-92, L-44, L-3)"
CFH,-0.159251949076505,24.5683033627752,-1.23746231327629,0.230402237583347,0.478889528571707,-5.56380978865228,I4-FP2,"(R+1, R+45, R+82) vs (L-92, L-44, L-3)"
STAT5B,0.450752382268133,11.2517895765514,1.23740004064882,0.230424847533715,0.478889528571707,-5.5638823242038,I4-FP2,"(R+1, R+45, R+82) vs (L-92, L-44, L-3)"
FARSA,0.29597376334129,10.9235819634744,1.23633823174203,0.230810630684769,0.478889528571707,-5.56511864763952,I4-FP2,"(R+1, R+45, R+82) vs (L-92, L-44, L-3)"
GANAB,-0.1561490032262,14.6394276255376,-1.23447044676969,0.231490445591971,0.478889528571707,-5.5672912203796,I4-FP2,"(R+1, R+45, R+82) vs (L-92, L-44, L-3)"
PSTPIP2,0.348495862619088,13.761390948202,1.23428026177041,0.231559752780668,0.478889528571707,-5.56751228306115,I4-FP2,"(R+1, R+45, R+82) vs (L-92, L-44, L-3)"
IGFBP1,0.554120010853473,13.5305040383381,1.23255505409569,0.232189177879948,0.478889528571707,-5.56951626269634,I4-FP2,"(R+1, R+45, R+82) vs (L-92, L-44, L-3)"
GLRX3,-0.186609405612763,18.007821084819,-1.23234863130254,0.232264576746877,0.478889528571707,-5.56975588079318,I4-FP2,"(R+1, R+45, R+82) vs (L-92, L-44, L-3)"
SART3,-0.295724618162568,12.6744741717304,-1.23163488254091,0.232525427901959,0.478889528571707,-5.57058414537376,I4-FP2,"(R+1, R+45, R+82) vs (L-92, L-44, L-3)"
TINAGL1,-0.198635675704576,16.6691234389517,-1.23116185555223,0.232698426674749,0.478889528571707,-5.57113284068668,I4-FP2,"(R+1, R+45, R+82) vs (L-92, L-44, L-3)"
NEXN,0.382991411220153,12.0106237557827,1.23092472598564,0.232785188378913,0.478889528571707,-5.57140783533056,I4-FP2,"(R+1, R+45, R+82) vs (L-92, L-44, L-3)"
MPRIP,-0.184563778527689,17.9493707203051,-1.23080630088272,0.232828527377954,0.478889528571707,-5.57154515375441,I4-FP2,"(R+1, R+45, R+82) vs (L-92, L-44, L-3)"
EPPK1,-0.162396399451232,15.6224352219505,-1.22928027657837,0.233387544818195,0.479390632599537,-5.57331362889515,I4-FP2,"(R+1, R+45, R+82) vs (L-92, L-44, L-3)"
ALDH1A1,0.426323021777269,12.8099214451463,1.22706135389806,0.234202214676355,0.480414799336114,-5.57588174803435,I4-FP2,"(R+1, R+45, R+82) vs (L-92, L-44, L-3)"
TYMP,0.333071959298937,10.7255770516887,1.22410253081467,0.235291910281104,0.481747909788537,-5.57930004375963,I4-FP2,"(R+1, R+45, R+82) vs (L-92, L-44, L-3)"
HNRNPH3,0.295344571274279,12.4500668917023,1.22357666182541,0.235485984850581,0.481747909788537,-5.57990683664184,I4-FP2,"(R+1, R+45, R+82) vs (L-92, L-44, L-3)"
ABHD16A,1.08257724518723,15.4696828494557,1.22257669868404,0.235855362807241,0.481855042294364,-5.58106006551199,I4-FP2,"(R+1, R+45, R+82) vs (L-92, L-44, L-3)"
ARF4,0.338651308593005,12.9120993788247,1.21960942602488,0.236954047050415,0.483080897647206,-5.58447739135728,I4-FP2,"(R+1, R+45, R+82) vs (L-92, L-44, L-3)"
ASPH.1,0.25724922400834,11.6924807221229,1.21924023245874,0.237091019503168,0.483080897647206,-5.58490208461264,I4-FP2,"(R+1, R+45, R+82) vs (L-92, L-44, L-3)"
EIF4G1,0.325838247372432,12.2733744947732,1.21394128407506,0.239063597350581,0.486448016027956,-5.59098548119123,I4-FP2,"(R+1, R+45, R+82) vs (L-92, L-44, L-3)"
HNRNPA2B1,0.373736954463902,14.6692693275483,1.21262481249645,0.239555593694443,0.486614851809537,-5.59249332212631,I4-FP2,"(R+1, R+45, R+82) vs (L-92, L-44, L-3)"
AHNAK,0.174642155608713,16.0370375922475,1.2120093475037,0.239785871056147,0.486614851809537,-5.59319777351131,I4-FP2,"(R+1, R+45, R+82) vs (L-92, L-44, L-3)"
CD36,0.38646623754413,14.2798642683892,1.20918681667433,0.240844079381885,0.488027810163391,-5.59642447019693,I4-FP2,"(R+1, R+45, R+82) vs (L-92, L-44, L-3)"
SPON1,-0.206984995794007,14.4654008414754,-1.20844105642998,0.241124266732043,0.488027810163391,-5.59727594042527,I4-FP2,"(R+1, R+45, R+82) vs (L-92, L-44, L-3)"
LDHA,-0.468485034786381,14.7230628872759,-1.20681910411749,0.24173449897456,0.488612285161346,-5.59912624523297,I4-FP2,"(R+1, R+45, R+82) vs (L-92, L-44, L-3)"
APRT,0.270607882586471,14.3851369119412,1.20360555095533,0.242947000326944,0.489248413452568,-5.60278593013243,I4-FP2,"(R+1, R+45, R+82) vs (L-92, L-44, L-3)"
NECTIN3,-0.181910650463613,15.6842525159428,-1.20352170894153,0.24297869617747,0.489248413452568,-5.6028812996253,I4-FP2,"(R+1, R+45, R+82) vs (L-92, L-44, L-3)"
LRRC59,0.240151277308312,13.1763202607351,1.20342611931552,0.24301483694519,0.489248413452568,-5.60299002495413,I4-FP2,"(R+1, R+45, R+82) vs (L-92, L-44, L-3)"
CNP,0.344319354670588,11.7322816262243,1.19467986751108,0.246338887263823,0.495284535239434,-5.61290674561903,I4-FP2,"(R+1, R+45, R+82) vs (L-92, L-44, L-3)"
GP1BB,0.353343777408849,16.8494552001735,1.19193442968388,0.247389350533795,0.496739514942363,-5.61600675508781,I4-FP2,"(R+1, R+45, R+82) vs (L-92, L-44, L-3)"
PLA2G7,0.209384598706455,10.7765802097994,1.19068984520945,0.247866666636325,0.49704133679052,-5.61741005316422,I4-FP2,"(R+1, R+45, R+82) vs (L-92, L-44, L-3)"
F13B,0.333770946261561,14.3477936598521,1.18947708281268,0.248332446031527,0.497319259509778,-5.61877625583261,I4-FP2,"(R+1, R+45, R+82) vs (L-92, L-44, L-3)"
TUBB1,0.398355354006664,17.1321651776271,1.18769045857375,0.249019826619603,0.498039653239207,-5.62078673972035,I4-FP2,"(R+1, R+45, R+82) vs (L-92, L-44, L-3)"
PDPR,-0.21111211526459,13.8134160807903,-1.18529535114881,0.249943559779398,0.498728132376701,-5.62347785916769,I4-FP2,"(R+1, R+45, R+82) vs (L-92, L-44, L-3)"
SNRPG,-0.330628943384175,11.839284474838,-1.18509670724699,0.250020287415162,0.498728132376701,-5.62370084306145,I4-FP2,"(R+1, R+45, R+82) vs (L-92, L-44, L-3)"
ENO3,0.177416323235386,14.8605323919557,1.18409186120185,0.250408687991269,0.498848238200169,-5.62482831946581,I4-FP2,"(R+1, R+45, R+82) vs (L-92, L-44, L-3)"
PCYOX1,-0.18639887439402,12.8460032228528,-1.18154496354908,0.251395166271192,0.499842018524362,-5.62768233938343,I4-FP2,"(R+1, R+45, R+82) vs (L-92, L-44, L-3)"
EFHD2,-0.381739170983024,18.6272820674992,-1.18110666027111,0.25156522642838,0.499842018524362,-5.62817296104196,I4-FP2,"(R+1, R+45, R+82) vs (L-92, L-44, L-3)"
TTR,-0.209076649864265,20.5814368504193,-1.18013898174466,0.251940988382453,0.499935120550038,-5.62925559039985,I4-FP2,"(R+1, R+45, R+82) vs (L-92, L-44, L-3)"
HSPB1,0.241546677626852,14.2923977736168,1.17475707709127,0.254038544752833,0.502570631779282,-5.63526281638985,I4-FP2,"(R+1, R+45, R+82) vs (L-92, L-44, L-3)"
PTBP1,0.263457192469363,13.3072998086118,1.1727467179203,0.254825416770009,0.502570631779282,-5.63750066527454,I4-FP2,"(R+1, R+45, R+82) vs (L-92, L-44, L-3)"
MFAP5,-0.232583385563264,11.6269914836985,-1.17231164848136,0.254995946801353,0.502570631779282,-5.63798452999381,I4-FP2,"(R+1, R+45, R+82) vs (L-92, L-44, L-3)"
MMP3,-0.22415057849734,14.2338383605805,-1.17205490940255,0.255096618470998,0.502570631779282,-5.63826999076829,I4-FP2,"(R+1, R+45, R+82) vs (L-92, L-44, L-3)"
ARF5,0.30634069642668,11.3399900615118,1.1718335076876,0.255183457671308,0.502570631779282,-5.63851611748373,I4-FP2,"(R+1, R+45, R+82) vs (L-92, L-44, L-3)"
RAB7A,-0.191316729727939,14.7541424184354,-1.17165630016117,0.255252978772109,0.502570631779282,-5.63871308562812,I4-FP2,"(R+1, R+45, R+82) vs (L-92, L-44, L-3)"
ZNF746,0.27167417412267,15.2639133571545,1.16967466752205,0.25603136842448,0.50345107374542,-5.64091393534909,I4-FP2,"(R+1, R+45, R+82) vs (L-92, L-44, L-3)"
RAB27B,0.402116009175443,14.2693628371237,1.1666900756296,0.257207072699591,0.504512941220216,-5.64422260458819,I4-FP2,"(R+1, R+45, R+82) vs (L-92, L-44, L-3)"
ASAP1,0.303652799363311,12.0559749653869,1.16661875552017,0.25723521674057,0.504512941220216,-5.64430157925636,I4-FP2,"(R+1, R+45, R+82) vs (L-92, L-44, L-3)"
CFD,-0.175382157974762,19.6986232056558,-1.16445829880319,0.258088858327366,0.505534877136077,-5.64669192682243,I4-FP2,"(R+1, R+45, R+82) vs (L-92, L-44, L-3)"
TPM1.1,0.470020688971036,11.7192608696147,1.16307059108983,0.258638285556605,0.505564863583626,-5.648225271398,I4-FP2,"(R+1, R+45, R+82) vs (L-92, L-44, L-3)"
G3BP1,-0.799582617405729,21.5270709368165,-1.16273979610174,0.258769384123724,0.505564863583626,-5.64859054846084,I4-FP2,"(R+1, R+45, R+82) vs (L-92, L-44, L-3)"
ARHGAP18,0.395000886577292,12.5860427705077,1.16065756082463,0.259595741240116,0.505644389007042,-5.65088776565753,I4-FP2,"(R+1, R+45, R+82) vs (L-92, L-44, L-3)"
ZAR1,-0.274539797105877,12.5948371110672,-1.16050258678114,0.259657322942589,0.505644389007042,-5.65105859720682,I4-FP2,"(R+1, R+45, R+82) vs (L-92, L-44, L-3)"
RPL3,-0.201003680438386,17.6741737312601,-1.16012333608455,0.259808070930592,0.505644389007042,-5.65147657067491,I4-FP2,"(R+1, R+45, R+82) vs (L-92, L-44, L-3)"
CP,-0.269576626653147,17.5504025265226,-1.1592538215363,0.260153939742944,0.505670061904444,-5.65243441782291,I4-FP2,"(R+1, R+45, R+82) vs (L-92, L-44, L-3)"
CORO1A,-0.341725827028735,15.3700185398334,-1.15518446001217,0.261777181605985,0.508175371699996,-5.6569088861916,I4-FP2,"(R+1, R+45, R+82) vs (L-92, L-44, L-3)"
CFL1,0.201040408397869,19.7060413218652,1.15115807932096,0.263390686996544,0.510655413564728,-5.66132263017371,I4-FP2,"(R+1, R+45, R+82) vs (L-92, L-44, L-3)"
LFNG,-0.198869242400261,14.6009230830367,-1.14660552422457,0.265223938566514,0.513252966777885,-5.66629701251031,I4-FP2,"(R+1, R+45, R+82) vs (L-92, L-44, L-3)"
CFHR2,-0.19247252414787,19.4052411195964,-1.1460879497884,0.265432956725268,0.513252966777885,-5.66686145718948,I4-FP2,"(R+1, R+45, R+82) vs (L-92, L-44, L-3)"
CON_sp|K22E_HUMAN|,0.726275133764296,14.0613039372301,1.14531959229754,0.26574347687776,0.513252966777885,-5.66769898572874,I4-FP2,"(R+1, R+45, R+82) vs (L-92, L-44, L-3)"
IGHA1,-0.158195797540059,19.9656846482807,-1.14415417248538,0.2662149779192,0.513511124920285,-5.6689683876973,I4-FP2,"(R+1, R+45, R+82) vs (L-92, L-44, L-3)"
OSBP2,-0.287221116582502,12.8290884343822,-1.14107255082818,0.267464715903542,0.515108920745187,-5.67231953188717,I4-FP2,"(R+1, R+45, R+82) vs (L-92, L-44, L-3)"
TOR1B,-0.28147850782517,10.6310590516364,-1.13981836193309,0.267974588719069,0.515108920745187,-5.67368115664332,I4-FP2,"(R+1, R+45, R+82) vs (L-92, L-44, L-3)"
G6PD,-0.207138775459108,12.8877292384467,-1.13934713363448,0.268166345759528,0.515108920745187,-5.67419241345918,I4-FP2,"(R+1, R+45, R+82) vs (L-92, L-44, L-3)"
VCL,0.427702962137122,17.3010500131064,1.13877608517277,0.268398858704071,0.515108920745187,-5.67481172241922,I4-FP2,"(R+1, R+45, R+82) vs (L-92, L-44, L-3)"
EPX,-0.335774889855015,10.5602872524581,-1.12443763282389,0.274285982357552,0.525743623182193,-5.69027298074153,I4-FP2,"(R+1, R+45, R+82) vs (L-92, L-44, L-3)"
SHBG,-0.260304114102789,13.1294607825926,-1.12340637925078,0.274713033848818,0.525899006864236,-5.6913783805606,I4-FP2,"(R+1, R+45, R+82) vs (L-92, L-44, L-3)"
IGHV3-43,-0.339156922198627,11.3088412355951,-1.11973489629447,0.276237397942184,0.527931470135666,-5.69530662520126,I4-FP2,"(R+1, R+45, R+82) vs (L-92, L-44, L-3)"
SRRT,-0.319513541255664,15.177056809469,-1.1184384681922,0.276777143991659,0.527931470135666,-5.69669102465885,I4-FP2,"(R+1, R+45, R+82) vs (L-92, L-44, L-3)"
HSD17B4,0.337891587819992,12.3934563605181,1.11813554051863,0.276903374358953,0.527931470135666,-5.69701430529697,I4-FP2,"(R+1, R+45, R+82) vs (L-92, L-44, L-3)"
FERMT3,0.283308351071244,18.1975201424251,1.11473950930838,0.278321398168869,0.527931470135666,-5.70063324853339,I4-FP2,"(R+1, R+45, R+82) vs (L-92, L-44, L-3)"
ABCC4,-0.190063379925412,16.6853194618267,-1.11407956234405,0.278597577905926,0.527931470135666,-5.70133539257578,I4-FP2,"(R+1, R+45, R+82) vs (L-92, L-44, L-3)"
ACTR1A,0.259304615261967,11.4710188894695,1.11307449080015,0.279018573847694,0.527931470135666,-5.70240402714921,I4-FP2,"(R+1, R+45, R+82) vs (L-92, L-44, L-3)"
RAP1B,0.245876084390886,17.2589030058182,1.11254882482882,0.279238945943717,0.527931470135666,-5.70296260012464,I4-FP2,"(R+1, R+45, R+82) vs (L-92, L-44, L-3)"
CKAP5,0.270563911189572,13.3063947840522,1.11227276469081,0.279354728182548,0.527931470135666,-5.7032558489923,I4-FP2,"(R+1, R+45, R+82) vs (L-92, L-44, L-3)"
HSPA5,-0.127514578395519,16.4784340295872,-1.11197477141264,0.279479748844706,0.527931470135666,-5.70357232491961,I4-FP2,"(R+1, R+45, R+82) vs (L-92, L-44, L-3)"
SLA2,0.316737038648101,12.0929492011496,1.11131106798838,0.279758347471621,0.527931470135666,-5.70427692599436,I4-FP2,"(R+1, R+45, R+82) vs (L-92, L-44, L-3)"
RAB6B,0.304316727991333,12.5666142567905,1.11072389030728,0.280004992827179,0.527931470135666,-5.70489997767704,I4-FP2,"(R+1, R+45, R+82) vs (L-92, L-44, L-3)"
LAMA4,0.410869158510799,9.24434533840284,1.11038878864946,0.280145824377451,0.527931470135666,-5.70525542292092,I4-FP2,"(R+1, R+45, R+82) vs (L-92, L-44, L-3)"
SERPINB1,0.210388650625988,11.5770258790074,1.11004601971207,0.280289931841765,0.527931470135666,-5.70561890341542,I4-FP2,"(R+1, R+45, R+82) vs (L-92, L-44, L-3)"
EIF3J,-0.195012862738565,13.5892436648117,-1.10797426707058,0.281162096171455,0.528918794777985,-5.70781374044995,I4-FP2,"(R+1, R+45, R+82) vs (L-92, L-44, L-3)"
IGKV1-27,-0.183148429627994,15.6985341460167,-1.10532646692576,0.282279650644385,0.530364732978325,-5.71061359998495,I4-FP2,"(R+1, R+45, R+82) vs (L-92, L-44, L-3)"
FCN3,0.173310713190696,12.2755508528852,1.1037240521599,0.282957554312186,0.530519585774584,-5.71230517666986,I4-FP2,"(R+1, R+45, R+82) vs (L-92, L-44, L-3)"
RPS28,0.279961431003055,12.043157933611,1.10348185108122,0.283060121094202,0.530519585774584,-5.71256066648337,I4-FP2,"(R+1, R+45, R+82) vs (L-92, L-44, L-3)"
TMSB4X,0.385214093026865,13.8718358022237,1.10216813566774,0.283616923167966,0.530609415002585,-5.71394560106399,I4-FP2,"(R+1, R+45, R+82) vs (L-92, L-44, L-3)"
LMNB1,0.439716494394359,12.0268612698879,1.10076382719122,0.284213005039847,0.530609415002585,-5.71542443374906,I4-FP2,"(R+1, R+45, R+82) vs (L-92, L-44, L-3)"
CAPZA1,0.268685582778655,13.6734616682552,1.10029357003661,0.284412817440495,0.530609415002585,-5.71591927554655,I4-FP2,"(R+1, R+45, R+82) vs (L-92, L-44, L-3)"
COL6A3.1,0.18507400036508,17.1310607714786,1.10007813443855,0.284504390280991,0.530609415002585,-5.71614591173406,I4-FP2,"(R+1, R+45, R+82) vs (L-92, L-44, L-3)"
CCDC124,0.490974779949258,10.6090244802896,1.09796165265998,0.285405162609078,0.531069797385111,-5.71837035153315,I4-FP2,"(R+1, R+45, R+82) vs (L-92, L-44, L-3)"
FETUB,0.184644555945771,15.8565670216235,1.09785639081291,0.285450016094497,0.531069797385111,-5.71848088407297,I4-FP2,"(R+1, R+45, R+82) vs (L-92, L-44, L-3)"
HSP90B1,-0.120786480492492,15.3458358558603,-1.09674889394835,0.285922246507704,0.531298061970306,-5.71964326966255,I4-FP2,"(R+1, R+45, R+82) vs (L-92, L-44, L-3)"
NACA,-0.230483396158748,11.6876121171264,-1.09588352004421,0.286291632627651,0.531334898161209,-5.72055081269054,I4-FP2,"(R+1, R+45, R+82) vs (L-92, L-44, L-3)"
ABLIM1,-0.155420054586489,17.2477040623617,-1.08835650800224,0.289519197766363,0.536109550451387,-5.72841795244093,I4-FP2,"(R+1, R+45, R+82) vs (L-92, L-44, L-3)"
AZGP1,-0.149995658413672,14.2285796722027,-1.08787536563233,0.28972640472791,0.536109550451387,-5.72891920878839,I4-FP2,"(R+1, R+45, R+82) vs (L-92, L-44, L-3)"
PIGR,-0.190043851722023,14.9631330548703,-1.08742048308373,0.289922401625684,0.536109550451387,-5.72939292749292,I4-FP2,"(R+1, R+45, R+82) vs (L-92, L-44, L-3)"
VPS13C,0.337552469749805,14.4667559380337,1.08491104843623,0.291005379103115,0.537458294333821,-5.7320031282431,I4-FP2,"(R+1, R+45, R+82) vs (L-92, L-44, L-3)"
PRKAR1A,0.368682074906741,12.0472086390933,1.08343044914182,0.291645723041524,0.537502358177928,-5.73354068062783,I4-FP2,"(R+1, R+45, R+82) vs (L-92, L-44, L-3)"
EIF2AK2,0.450374983486096,10.7424826081987,1.08322079820773,0.29173647730052,0.537502358177928,-5.7337582460017,I4-FP2,"(R+1, R+45, R+82) vs (L-92, L-44, L-3)"
NPNT,-0.144791936051362,15.7137216161789,-1.07826516447538,0.293887640103189,0.540810185177782,-5.73889011125989,I4-FP2,"(R+1, R+45, R+82) vs (L-92, L-44, L-3)"
IGLV1-51,-0.153249223814007,18.4550952785213,-1.07671417732723,0.294563248246841,0.541397989522611,-5.74049197499746,I4-FP2,"(R+1, R+45, R+82) vs (L-92, L-44, L-3)"
ITIH2,0.20452159312515,20.1073512928612,1.07278807742676,0.296278462160236,0.543637349561686,-5.74453773241913,I4-FP2,"(R+1, R+45, R+82) vs (L-92, L-44, L-3)"
TUBA1C,0.401183970225739,11.1809313747381,1.07228914160501,0.296496949201735,0.543637349561686,-5.74505093659992,I4-FP2,"(R+1, R+45, R+82) vs (L-92, L-44, L-3)"
IGHV1-46,0.169816438055249,14.5553155281108,1.06939446849517,0.297766835098365,0.544391468919571,-5.74802421375511,I4-FP2,"(R+1, R+45, R+82) vs (L-92, L-44, L-3)"
TGFBR3,-0.270242856975091,11.5645890601224,-1.06809544763813,0.298337983215073,0.544391468919571,-5.74935619176312,I4-FP2,"(R+1, R+45, R+82) vs (L-92, L-44, L-3)"
CD59,-0.198079953253641,11.8819267765174,-1.06746987167048,0.298613314849602,0.544391468919571,-5.7499971266353,I4-FP2,"(R+1, R+45, R+82) vs (L-92, L-44, L-3)"
PRKDC,-0.169523135302572,20.1084990675574,-1.06710756328559,0.298772859378562,0.544391468919571,-5.75036817790374,I4-FP2,"(R+1, R+45, R+82) vs (L-92, L-44, L-3)"
LASP1,0.167099875934514,15.6303398349613,1.06690993603282,0.298859911479388,0.544391468919571,-5.75057052699438,I4-FP2,"(R+1, R+45, R+82) vs (L-92, L-44, L-3)"
AKAP13,-0.308914479005459,12.8668047066321,-1.06646230189553,0.29905715562358,0.544391468919571,-5.75102873329887,I4-FP2,"(R+1, R+45, R+82) vs (L-92, L-44, L-3)"
PDGFC,0.246904950548859,13.6985436887766,1.06228370219939,0.300902915656439,0.547096210284435,-5.75529778651826,I4-FP2,"(R+1, R+45, R+82) vs (L-92, L-44, L-3)"
RPL13,0.395321787752111,12.5260292379709,1.05730739857212,0.303111682239311,0.55045371207139,-5.76036238098243,I4-FP2,"(R+1, R+45, R+82) vs (L-92, L-44, L-3)"
HDGF,-0.310188358585302,11.3911188587254,-1.05469331665413,0.304276601412256,0.551800454845743,-5.7630143690546,I4-FP2,"(R+1, R+45, R+82) vs (L-92, L-44, L-3)"
TUFM,-0.283472846251831,12.7024150587118,-1.05401516531743,0.304579330010249,0.551800454845743,-5.76370139978123,I4-FP2,"(R+1, R+45, R+82) vs (L-92, L-44, L-3)"
CON_sp|RETBP_HUMAN|,-0.163984692622438,17.6599147070307,-1.05260001408732,0.305211750854672,0.552287930117977,-5.76513381345643,I4-FP2,"(R+1, R+45, R+82) vs (L-92, L-44, L-3)"
CCL14,-0.153250122226069,19.5254824047042,-1.04845166238519,0.3070710243855,0.554768008457671,-5.76932289122673,I4-FP2,"(R+1, R+45, R+82) vs (L-92, L-44, L-3)"
HGFAC,0.158236191991946,15.3798851730827,1.04791469934676,0.307312278369315,0.554768008457671,-5.76986404848702,I4-FP2,"(R+1, R+45, R+82) vs (L-92, L-44, L-3)"
GALK1,-0.257797878548027,11.1411933435817,-1.04596839863363,0.308187871411679,0.555688688666374,-5.77182348055748,I4-FP2,"(R+1, R+45, R+82) vs (L-92, L-44, L-3)"
CCL16,-0.145686552420929,15.211317419618,-1.044367183993,0.30890955043434,0.555757313713707,-5.77343306299287,I4-FP2,"(R+1, R+45, R+82) vs (L-92, L-44, L-3)"
YWHAQ,0.439878306521443,12.3786523095137,1.04336902141688,0.309360038003702,0.555757313713707,-5.77443532894326,I4-FP2,"(R+1, R+45, R+82) vs (L-92, L-44, L-3)"
RBMXL1,0.257406498344982,12.4459501261162,1.04223581269515,0.309872040722771,0.555757313713707,-5.77557215977332,I4-FP2,"(R+1, R+45, R+82) vs (L-92, L-44, L-3)"
GNB1,0.201302337995258,14.8247586923994,1.04191863777581,0.310015453597894,0.555757313713707,-5.77589015103339,I4-FP2,"(R+1, R+45, R+82) vs (L-92, L-44, L-3)"
RYR2,-0.171475287140822,19.7185150607767,-1.04136979225683,0.310263729490235,0.555757313713707,-5.77644020510402,I4-FP2,"(R+1, R+45, R+82) vs (L-92, L-44, L-3)"
ACTR2,0.275386848396827,12.9701203220547,1.04102513698165,0.310419710094038,0.555757313713707,-5.77678548708053,I4-FP2,"(R+1, R+45, R+82) vs (L-92, L-44, L-3)"
MYL6,0.244845194388812,17.9304389653937,1.03808767792778,0.311751378412156,0.557484817866444,-5.77972414610546,I4-FP2,"(R+1, R+45, R+82) vs (L-92, L-44, L-3)"
GNAI2,0.191024735030069,15.5026283205542,1.03700005919366,0.312245467441081,0.557712233267266,-5.78081032778861,I4-FP2,"(R+1, R+45, R+82) vs (L-92, L-44, L-3)"
CXCL12,-0.134408178492698,16.4983307802331,-1.03551457586598,0.312921198044376,0.558263170220014,-5.78229220475886,I4-FP2,"(R+1, R+45, R+82) vs (L-92, L-44, L-3)"
ROCK2,0.241466013743758,13.1915390189939,1.0332253648566,0.313964565596752,0.559467924627272,-5.78457214051994,I4-FP2,"(R+1, R+45, R+82) vs (L-92, L-44, L-3)"
MYH9,0.261749444333876,18.6592121850897,1.03082382520031,0.315061776855112,0.560765691826429,-5.78695910004457,I4-FP2,"(R+1, R+45, R+82) vs (L-92, L-44, L-3)"
SPTAN1,-0.24543618954468,13.1654044412431,-1.02864411706067,0.31605998537957,0.561295478096099,-5.78912127264927,I4-FP2,"(R+1, R+45, R+82) vs (L-92, L-44, L-3)"
SYTL4,0.232121296348926,13.377794917797,1.02856124801105,0.316097979769908,0.561295478096099,-5.78920339420586,I4-FP2,"(R+1, R+45, R+82) vs (L-92, L-44, L-3)"
CD47,0.277970421545857,15.047439145186,1.02710068474136,0.316768159310426,0.561829174039496,-5.7906498108651,I4-FP2,"(R+1, R+45, R+82) vs (L-92, L-44, L-3)"
CCT8,-0.409157302904091,16.6359974196539,-1.02569367262578,0.317414715851731,0.562188581952556,-5.79204145467808,I4-FP2,"(R+1, R+45, R+82) vs (L-92, L-44, L-3)"
GIP,-0.807411618582717,11.0706682632922,-1.02505062742695,0.31771052098503,0.562188581952556,-5.79267690726674,I4-FP2,"(R+1, R+45, R+82) vs (L-92, L-44, L-3)"
INF2,0.310369135215491,13.5319888945089,1.02366132443176,0.318350274058723,0.562665600661929,-5.79404858754714,I4-FP2,"(R+1, R+45, R+82) vs (L-92, L-44, L-3)"
RALB,0.223961260783518,15.3252958430421,1.0205140822667,0.319802891622963,0.564576533411038,-5.79714974172579,I4-FP2,"(R+1, R+45, R+82) vs (L-92, L-44, L-3)"
RPL31,0.274082785039508,14.1460300279785,1.01954784874273,0.320249794741354,0.564709614857144,-5.79810010815904,I4-FP2,"(R+1, R+45, R+82) vs (L-92, L-44, L-3)"
ALDOA,0.326487346926244,13.7327548387576,1.01837005936447,0.320795141411288,0.565015776297982,-5.79925746447094,I4-FP2,"(R+1, R+45, R+82) vs (L-92, L-44, L-3)"
HPN,-0.175226576945433,16.3952102131035,-1.01695411532341,0.321451624647614,0.565516747065247,-5.80064725517293,I4-FP2,"(R+1, R+45, R+82) vs (L-92, L-44, L-3)"
AFP,-0.174575367170749,20.0440558275156,-1.01276388306018,0.323399902504767,0.56828653388121,-5.8047499227498,I4-FP2,"(R+1, R+45, R+82) vs (L-92, L-44, L-3)"
ARPC5,-0.195166428751788,13.9594221962813,-1.00724241029223,0.325979787074238,0.572158517728454,-5.81013277274094,I4-FP2,"(R+1, R+45, R+82) vs (L-92, L-44, L-3)"
IGFALS,0.125375710237502,18.9153807424891,1.00391707291625,0.327540473247561,0.57369657082629,-5.81336185718618,I4-FP2,"(R+1, R+45, R+82) vs (L-92, L-44, L-3)"
STXBP2,0.198468173080524,13.125619580613,1.00346575632737,0.327752692445217,0.57369657082629,-5.8137993698835,I4-FP2,"(R+1, R+45, R+82) vs (L-92, L-44, L-3)"
RPS12,0.197143759015339,12.1206402427349,1.0024682193071,0.328222097709121,0.57369657082629,-5.8147657682892,I4-FP2,"(R+1, R+45, R+82) vs (L-92, L-44, L-3)"
CON_sp|CAS1_BOVIN|,-0.274889801412911,14.2130554566897,-1.00216303483484,0.328365800407153,0.57369657082629,-5.81506125346133,I4-FP2,"(R+1, R+45, R+82) vs (L-92, L-44, L-3)"
PGM2,-0.188844030589358,15.6726753420256,-1.00081665637057,0.329000296420134,0.574145178597709,-5.81636387481933,I4-FP2,"(R+1, R+45, R+82) vs (L-92, L-44, L-3)"
SPTA1,0.34872549370193,12.1748874707662,0.998708675304448,0.329995424498476,0.574949392427208,-5.8184001795008,I4-FP2,"(R+1, R+45, R+82) vs (L-92, L-44, L-3)"
GALNT1,-0.159305293605715,14.9198773153427,-0.997201286296903,0.33070831343101,0.574949392427208,-5.81985394200554,I4-FP2,"(R+1, R+45, R+82) vs (L-92, L-44, L-3)"
IGKV1-16,0.178172693144933,14.2469813088665,0.996854703001445,0.330872374608307,0.574949392427208,-5.82018791559067,I4-FP2,"(R+1, R+45, R+82) vs (L-92, L-44, L-3)"
H1-3,-0.220630443372115,19.099975610748,-0.996347798462902,0.331112428734605,0.574949392427208,-5.82067618906308,I4-FP2,"(R+1, R+45, R+82) vs (L-92, L-44, L-3)"
BTK,0.277453606557857,13.4450405862745,0.995841297298418,0.331352413004102,0.574949392427208,-5.82116385043142,I4-FP2,"(R+1, R+45, R+82) vs (L-92, L-44, L-3)"
A1BG,0.227691800894584,15.6809266643443,0.993047457186762,0.33267833349117,0.576591866484126,-5.82384975351098,I4-FP2,"(R+1, R+45, R+82) vs (L-92, L-44, L-3)"
CST3,-0.145216616159899,16.9842595169739,-0.990944885068993,0.333678618013713,0.577444645054909,-5.82586660689844,I4-FP2,"(R+1, R+45, R+82) vs (L-92, L-44, L-3)"
ENO1,0.141390754118608,15.9808016222202,0.990241734969769,0.334013602843587,0.577444645054909,-5.826540230067,I4-FP2,"(R+1, R+45, R+82) vs (L-92, L-44, L-3)"
C1RL,0.169861675311844,13.2898728607206,0.989619869803482,0.334310057663368,0.577444645054909,-5.82713562210403,I4-FP2,"(R+1, R+45, R+82) vs (L-92, L-44, L-3)"
PEPCAL_16|PEPCAL_16|,-0.144235367615724,20.5474239787364,-0.985406450581315,0.336323486238081,0.580262995552649,-5.83116077899582,I4-FP2,"(R+1, R+45, R+82) vs (L-92, L-44, L-3)"
VIT,-0.157536850781076,12.9115994138896,-0.984507976538415,0.336753916963291,0.580346886376646,-5.83201710135087,I4-FP2,"(R+1, R+45, R+82) vs (L-92, L-44, L-3)"
FBLN1.1,-0.157353591225078,16.6774337689916,-0.983485012576845,0.337244451321911,0.580534049840662,-5.83299121401107,I4-FP2,"(R+1, R+45, R+82) vs (L-92, L-44, L-3)"
VTN,-0.116209793817237,24.544892553906,-0.980117629874928,0.338862681012663,0.581914714305952,-5.83619132253087,I4-FP2,"(R+1, R+45, R+82) vs (L-92, L-44, L-3)"
ARHGEF2,0.256715686994679,11.3573573090793,0.979810498795526,0.339010542655772,0.581914714305952,-5.83648270310087,I4-FP2,"(R+1, R+45, R+82) vs (L-92, L-44, L-3)"
RPS20,0.255109088806426,11.9970153768186,0.979427432293988,0.339195024259916,0.581914714305952,-5.83684600918234,I4-FP2,"(R+1, R+45, R+82) vs (L-92, L-44, L-3)"
CFP,-0.142360491555859,21.953809066536,-0.978372687953966,0.339703338693449,0.58212973485236,-5.83784568073948,I4-FP2,"(R+1, R+45, R+82) vs (L-92, L-44, L-3)"
RPS5,0.295852787940219,12.0885454714711,0.973543459340028,0.34203741236264,0.585321353260792,-5.842410305561,I4-FP2,"(R+1, R+45, R+82) vs (L-92, L-44, L-3)"
FSTL1,0.295362927364287,10.7166582236119,0.971385199275232,0.34308411270577,0.585321353260792,-5.84444369757427,I4-FP2,"(R+1, R+45, R+82) vs (L-92, L-44, L-3)"
UNC13D,0.316585991007492,11.25441746113,0.971230317866353,0.34315931089023,0.585321353260792,-5.84458946098452,I4-FP2,"(R+1, R+45, R+82) vs (L-92, L-44, L-3)"
F11,-0.139401272563038,22.2207022671218,-0.970313763512656,0.343604549516095,0.585321353260792,-5.8454516259823,I4-FP2,"(R+1, R+45, R+82) vs (L-92, L-44, L-3)"
MTCH2,-0.810747296186924,18.2494564269448,-0.970171127582603,0.34367387411884,0.585321353260792,-5.84558573141809,I4-FP2,"(R+1, R+45, R+82) vs (L-92, L-44, L-3)"
VCP,0.285282900616357,11.9716650207133,0.969754758134364,0.343876295040715,0.585321353260792,-5.8459770972592,I4-FP2,"(R+1, R+45, R+82) vs (L-92, L-44, L-3)"
PTGES3,-0.320773292986313,13.0896088880977,-0.967889791274457,0.344783967763864,0.586209878077263,-5.84772820168372,I4-FP2,"(R+1, R+45, R+82) vs (L-92, L-44, L-3)"
FASN,0.471335024054154,13.1855121862828,0.967088467352307,0.345174474480424,0.586218101910889,-5.84847966356372,I4-FP2,"(R+1, R+45, R+82) vs (L-92, L-44, L-3)"
CALR,0.330970940174697,12.351919999281,0.96078478892981,0.348257018200189,0.590793155875321,-5.85437140629892,I4-FP2,"(R+1, R+45, R+82) vs (L-92, L-44, L-3)"
GOT2,-0.176496079221376,19.6189112189785,-0.958699521680026,0.349280865898206,0.591869471756158,-5.85631270619192,I4-FP2,"(R+1, R+45, R+82) vs (L-92, L-44, L-3)"
TOMM70,-0.207903310071342,15.0989159550696,-0.95669070175889,0.350269123788685,0.59288314939733,-5.85817921363984,I4-FP2,"(R+1, R+45, R+82) vs (L-92, L-44, L-3)"
EBI3,0.160624335363117,13.1660909974389,0.955494746184097,0.350858391920969,0.593024472447702,-5.85928875381346,I4-FP2,"(R+1, R+45, R+82) vs (L-92, L-44, L-3)"
NTS,-0.245295567304514,11.7185385759516,-0.954938060695577,0.351132911317718,0.593024472447702,-5.85980478503379,I4-FP2,"(R+1, R+45, R+82) vs (L-92, L-44, L-3)"
PRG4,0.165285604687678,13.9188886599411,0.952683732472305,0.352246091396374,0.594244238537724,-5.86189168634624,I4-FP2,"(R+1, R+45, R+82) vs (L-92, L-44, L-3)"
EDF1,0.242568466613581,11.8162981590013,0.951877291572989,0.352644893150363,0.594257469610368,-5.86263714443987,I4-FP2,"(R+1, R+45, R+82) vs (L-92, L-44, L-3)"
FCMR,0.185491058942297,11.2348354537875,0.949961845427361,0.35359335413667,0.595195900650874,-5.86440544346651,I4-FP2,"(R+1, R+45, R+82) vs (L-92, L-44, L-3)"
GDF15,-0.174959493863468,12.6116412213092,-0.949057530540641,0.354041741904352,0.595291424440946,-5.86523916153947,I4-FP2,"(R+1, R+45, R+82) vs (L-92, L-44, L-3)"
RAB5C,-0.138070159487158,13.3629944671543,-0.947046921016031,0.355040051526005,0.595434845262732,-5.86709022002043,I4-FP2,"(R+1, R+45, R+82) vs (L-92, L-44, L-3)"
C2,-0.123753029287653,15.7057672529743,-0.946868254128206,0.355128855880261,0.595434845262732,-5.86725453599556,I4-FP2,"(R+1, R+45, R+82) vs (L-92, L-44, L-3)"
LY96,-0.218418118542679,10.23108195005,-0.946161861014455,0.355480108448914,0.595434845262732,-5.86790391367712,I4-FP2,"(R+1, R+45, R+82) vs (L-92, L-44, L-3)"
CFI,0.139658264760464,14.7232233107917,0.94488897176989,0.35611364595319,0.595434845262732,-5.86907294955703,I4-FP2,"(R+1, R+45, R+82) vs (L-92, L-44, L-3)"
RPL12,0.173576932070822,11.7633862948194,0.944876139048368,0.356120036907839,0.595434845262732,-5.86908472797629,I4-FP2,"(R+1, R+45, R+82) vs (L-92, L-44, L-3)"
MAPRE1,0.207702536890733,12.1728773859765,0.944158739543226,0.356477440255977,0.595434845262732,-5.86974295610392,I4-FP2,"(R+1, R+45, R+82) vs (L-92, L-44, L-3)"
VEGFC,0.133632672845021,13.275319923788,0.941936025163838,0.357586326337375,0.596631411671582,-5.87177944845249,I4-FP2,"(R+1, R+45, R+82) vs (L-92, L-44, L-3)"
VARS1,-0.24210834232003,13.1977267481445,-0.94083987007792,0.358134045587411,0.596890075979018,-5.87278215574479,I4-FP2,"(R+1, R+45, R+82) vs (L-92, L-44, L-3)"
HPX,-0.129460243764317,17.4004566164019,-0.935114850423922,0.361003918748594,0.601014191125809,-5.87800181240149,I4-FP2,"(R+1, R+45, R+82) vs (L-92, L-44, L-3)"
SH3BGRL3,0.429641571976326,12.3898121316244,0.932136261478714,0.362503173991391,0.602849917359862,-5.88070597621829,I4-FP2,"(R+1, R+45, R+82) vs (L-92, L-44, L-3)"
HYAL1,-0.147064231378045,13.4612786649745,-0.925760358412208,0.365726546968109,0.606946821368792,-5.88646796155125,I4-FP2,"(R+1, R+45, R+82) vs (L-92, L-44, L-3)"
CELSR2,-0.13586845358165,13.0662334585784,-0.92568389260103,0.365765321298561,0.606946821368792,-5.88653684536006,I4-FP2,"(R+1, R+45, R+82) vs (L-92, L-44, L-3)"
IGLV1-47,-0.189558957230993,19.5197628895804,-0.923885127356306,0.366678237433259,0.607689547169923,-5.88815575258391,I4-FP2,"(R+1, R+45, R+82) vs (L-92, L-44, L-3)"
CELF2,0.205660766981148,12.5781059155027,0.923227259695857,0.367012502830256,0.607689547169923,-5.88874712107947,I4-FP2,"(R+1, R+45, R+82) vs (L-92, L-44, L-3)"
HNRNPM,0.302233413654029,12.3315234155372,0.922256793329595,0.367505974384939,0.607844484292826,-5.88961878647671,I4-FP2,"(R+1, R+45, R+82) vs (L-92, L-44, L-3)"
ASPH,-0.169383785703209,13.9084575766796,-0.920680599940563,0.368308399954822,0.608073295778906,-5.89103272387364,I4-FP2,"(R+1, R+45, R+82) vs (L-92, L-44, L-3)"
GAL,0.329345485785699,11.1349521659115,0.920321593863542,0.368491330794143,0.608073295778906,-5.89135446382483,I4-FP2,"(R+1, R+45, R+82) vs (L-92, L-44, L-3)"
RGS18,0.27178323618617,13.0721582572604,0.919628907885392,0.368844459676415,0.608073295778906,-5.89197492195115,I4-FP2,"(R+1, R+45, R+82) vs (L-92, L-44, L-3)"
F13A1,0.305895899645024,15.6842306539144,0.91823159568938,0.369557494434163,0.608588723228525,-5.89322523205555,I4-FP2,"(R+1, R+45, R+82) vs (L-92, L-44, L-3)"
SEC22B,0.285010124806307,11.7749161789955,0.915657786443583,0.370873298413353,0.608754461906963,-5.8955237110681,I4-FP2,"(R+1, R+45, R+82) vs (L-92, L-44, L-3)"
EFTUD2,1.03417064659796,19.6330587359516,0.915608765650358,0.370898389594427,0.608754461906963,-5.89556743057839,I4-FP2,"(R+1, R+45, R+82) vs (L-92, L-44, L-3)"
IGHV1-2,-0.128809803607961,15.6077598564359,-0.914931175308516,0.371245328937928,0.608754461906963,-5.89617152424657,I4-FP2,"(R+1, R+45, R+82) vs (L-92, L-44, L-3)"
TUBA1A,0.377866452950023,13.7039179108315,0.914902292149879,0.371260122491944,0.608754461906963,-5.89619726541131,I4-FP2,"(R+1, R+45, R+82) vs (L-92, L-44, L-3)"
COLEC10,-0.136096896176141,15.9131879337426,-0.910427660290486,0.37355672528112,0.611860153477697,-5.90017613878145,I4-FP2,"(R+1, R+45, R+82) vs (L-92, L-44, L-3)"
VNN1,-0.198273320529807,10.1515051001818,-0.9078109976144,0.374904106729916,0.612792641486138,-5.90249460501665,I4-FP2,"(R+1, R+45, R+82) vs (L-92, L-44, L-3)"
IGKV1D-39,0.130891432158591,17.261024546396,0.907134220247404,0.375253121458261,0.612792641486138,-5.90309326010977,I4-FP2,"(R+1, R+45, R+82) vs (L-92, L-44, L-3)"
CON_sp|ALBU_BOVIN|,-0.222780166613606,14.8108252476228,-0.906974554193897,0.37533549291026,0.612792641486138,-5.9032344357549,I4-FP2,"(R+1, R+45, R+82) vs (L-92, L-44, L-3)"
CON_sp|TRFE_HUMAN|,-0.107399233220657,17.3824326407311,-0.903913719364724,0.376916898490346,0.614505022846196,-5.90593639594793,I4-FP2,"(R+1, R+45, R+82) vs (L-92, L-44, L-3)"
MSLN,-0.188230250104272,13.2307656254975,-0.902634271475376,0.377579245932837,0.614505022846196,-5.90706334701507,I4-FP2,"(R+1, R+45, R+82) vs (L-92, L-44, L-3)"
GNAS,-0.266348893128151,12.1089203657846,-0.902599677477083,0.377597165354175,0.614505022846196,-5.9070937974197,I4-FP2,"(R+1, R+45, R+82) vs (L-92, L-44, L-3)"
CFHR5,-0.10998512271826,21.0151683490136,-0.90047143261064,0.378700665266346,0.615400362898605,-5.90896506441711,I4-FP2,"(R+1, R+45, R+82) vs (L-92, L-44, L-3)"
CCL15,-0.20964648066327,15.7126263602949,-0.899543264376744,0.379182591675028,0.615400362898605,-5.90977988892112,I4-FP2,"(R+1, R+45, R+82) vs (L-92, L-44, L-3)"
UBE2L3,0.169578212065793,14.5103032108452,0.899198058435284,0.379361934234206,0.615400362898605,-5.91008274289517,I4-FP2,"(R+1, R+45, R+82) vs (L-92, L-44, L-3)"
TPM1.2,0.317355648060344,13.7682274024635,0.893182975200402,0.382495929191319,0.619822827687426,-5.91534270451493,I4-FP2,"(R+1, R+45, R+82) vs (L-92, L-44, L-3)"
SLC25A3,0.433445716223348,11.1756355062676,0.888490645313314,0.384952577912449,0.623139423244859,-5.91942341692026,I4-FP2,"(R+1, R+45, R+82) vs (L-92, L-44, L-3)"
ELN,-0.176286220007785,11.1127014793516,-0.886277839402086,0.386114680900802,0.624355654222574,-5.92134093008507,I4-FP2,"(R+1, R+45, R+82) vs (L-92, L-44, L-3)"
ITIH4,-0.158336038460248,21.96653652861,-0.884945355658699,0.386815575633227,0.624824309205638,-5.92249347305875,I4-FP2,"(R+1, R+45, R+82) vs (L-92, L-44, L-3)"
PRDX5,-0.152025465680932,15.6165187772417,-0.87716310038062,0.390925778023128,0.629435464600517,-5.92919286594237,I4-FP2,"(R+1, R+45, R+82) vs (L-92, L-44, L-3)"
DDX6,-0.193605396123853,11.731824347665,-0.875291078896836,0.391918736574178,0.629435464600517,-5.93079626028756,I4-FP2,"(R+1, R+45, R+82) vs (L-92, L-44, L-3)"
NARS1,0.258202834683819,11.6662989393087,0.874633726496152,0.392267800469841,0.629435464600517,-5.93135853541542,I4-FP2,"(R+1, R+45, R+82) vs (L-92, L-44, L-3)"
TUBA1B,0.221770501676857,14.1596244475057,0.873720378541781,0.392753138857201,0.629435464600517,-5.93213913244041,I4-FP2,"(R+1, R+45, R+82) vs (L-92, L-44, L-3)"
ATIC,0.193039361735166,12.2995883410009,0.87336729664055,0.392940865934365,0.629435464600517,-5.9324406937128,I4-FP2,"(R+1, R+45, R+82) vs (L-92, L-44, L-3)"
ACE,0.113827920672246,16.6280517350245,0.873021011407338,0.393125036236363,0.629435464600517,-5.93273634075622,I4-FP2,"(R+1, R+45, R+82) vs (L-92, L-44, L-3)"
CON_sp|UBE2I_HUMAN|,0.205928388830866,12.3008578364988,0.872141692262614,0.393592951437429,0.629435464600517,-5.93348658828074,I4-FP2,"(R+1, R+45, R+82) vs (L-92, L-44, L-3)"
RPS4X,0.288928711897289,13.4950766182845,0.870668507762555,0.394377696165386,0.629435464600517,-5.93474196526065,I4-FP2,"(R+1, R+45, R+82) vs (L-92, L-44, L-3)"
VAT1,-0.15591079994871,12.9462440267308,-0.870383353398349,0.394529711623839,0.629435464600517,-5.93498473364467,I4-FP2,"(R+1, R+45, R+82) vs (L-92, L-44, L-3)"
SLC2A3,0.273013560691969,15.3786301978631,0.869250828395314,0.395133836293524,0.629435464600517,-5.93594819228561,I4-FP2,"(R+1, R+45, R+82) vs (L-92, L-44, L-3)"
ILF2,0.271681525572358,12.2045079385917,0.868877476417746,0.395333126021421,0.629435464600517,-5.93626555525246,I4-FP2,"(R+1, R+45, R+82) vs (L-92, L-44, L-3)"
PEPCAL_11|PEPCAL_11|,-0.130015107540653,20.2796488300178,-0.868532295522177,0.395517436656965,0.629435464600517,-5.93655885967616,I4-FP2,"(R+1, R+45, R+82) vs (L-92, L-44, L-3)"
NAXD,0.266163547041102,9.92119481825101,0.868492664033967,0.395538601618142,0.629435464600517,-5.9365925281435,I4-FP2,"(R+1, R+45, R+82) vs (L-92, L-44, L-3)"
ACTB,0.258008779499196,19.3200055941357,0.867974906423651,0.395815174724886,0.629435464600517,-5.93703225263051,I4-FP2,"(R+1, R+45, R+82) vs (L-92, L-44, L-3)"
DOCK10,0.260398108902446,17.4247524866493,0.867850255231545,0.395881779051378,0.629435464600517,-5.93713808099548,I4-FP2,"(R+1, R+45, R+82) vs (L-92, L-44, L-3)"
LPP,0.387491454350609,13.7534661643612,0.864136716486465,0.397869361833952,0.631343178259616,-5.94028441557692,I4-FP2,"(R+1, R+45, R+82) vs (L-92, L-44, L-3)"
HLA-A,0.292075346357505,13.2707501759421,0.864056540887183,0.397912345245205,0.631343178259616,-5.94035220760876,I4-FP2,"(R+1, R+45, R+82) vs (L-92, L-44, L-3)"
MINPP1,-0.137542160232355,12.5326350442301,-0.860726186531888,0.399700463830361,0.633430043626182,-5.94316302916727,I4-FP2,"(R+1, R+45, R+82) vs (L-92, L-44, L-3)"
DDX46,0.262992099541149,12.8975106346167,0.860055712816376,0.400061080184957,0.633430043626182,-5.94372769489729,I4-FP2,"(R+1, R+45, R+82) vs (L-92, L-44, L-3)"
KRT18,-0.357949319652554,13.7861538971513,-0.857636032127898,0.40136426454622,0.634832135390484,-5.94576213633804,I4-FP2,"(R+1, R+45, R+82) vs (L-92, L-44, L-3)"
RPLP2,0.226164937723472,11.2626062612554,0.856688935474632,0.401875095799242,0.634979361345996,-5.9465569998559,I4-FP2,"(R+1, R+45, R+82) vs (L-92, L-44, L-3)"
SNX3,0.128358552600321,13.5110163082584,0.855454495486548,0.402541540615882,0.635371902114373,-5.94759179911906,I4-FP2,"(R+1, R+45, R+82) vs (L-92, L-44, L-3)"
F8,-0.129791560177702,15.7102769722339,-0.853613673213513,0.403536681797764,0.636281904909337,-5.94913234544126,I4-FP2,"(R+1, R+45, R+82) vs (L-92, L-44, L-3)"
ANG,-0.127496921307027,19.4415259060651,-0.852439068225093,0.404172497313896,0.636506918501906,-5.95011374113232,I4-FP2,"(R+1, R+45, R+82) vs (L-92, L-44, L-3)"
RPS6,0.308537445957822,13.076929136614,0.851803322127295,0.404516896890027,0.636506918501906,-5.95064439177779,I4-FP2,"(R+1, R+45, R+82) vs (L-92, L-44, L-3)"
SLC25A5,0.421613307906582,15.1640608877977,0.847695506023258,0.406746759667853,0.639353748392075,-5.95406429439626,I4-FP2,"(R+1, R+45, R+82) vs (L-92, L-44, L-3)"
SPP2,-0.207958020764941,19.5260799095985,-0.846795082906028,0.407236593982369,0.639462420302894,-5.95481187972697,I4-FP2,"(R+1, R+45, R+82) vs (L-92, L-44, L-3)"
EVL,0.451585609300416,13.9486765665027,0.845255265512621,0.408075139432379,0.640117865776281,-5.95608862040373,I4-FP2,"(R+1, R+45, R+82) vs (L-92, L-44, L-3)"
KLKB1,-0.105819267680924,23.0032245267617,-0.840398231657234,0.410727409916583,0.643614085642481,-5.96010170013579,I4-FP2,"(R+1, R+45, R+82) vs (L-92, L-44, L-3)"
CAVIN2,0.324546811728177,15.395600967373,0.837089357121726,0.412540582891486,0.645789583929,-5.96282332587834,I4-FP2,"(R+1, R+45, R+82) vs (L-92, L-44, L-3)"
PFN1,-0.150272059206876,17.9110033414161,-0.835642425585289,0.413335065710705,0.646367592469415,-5.96401032497145,I4-FP2,"(R+1, R+45, R+82) vs (L-92, L-44, L-3)"
MASP2,-0.13255227995085,16.3509537067844,-0.83342938000211,0.414552093918349,0.647604504373988,-5.96582211747689,I4-FP2,"(R+1, R+45, R+82) vs (L-92, L-44, L-3)"
CUL3,-0.28895785922551,14.7661460109442,-0.830846939644013,0.415975147658298,0.649160394702889,-5.96793067949261,I4-FP2,"(R+1, R+45, R+82) vs (L-92, L-44, L-3)"
HMGN2,-0.26730330735856,13.7417227394307,-0.829781961623144,0.416562907568247,0.649161394750464,-5.96879846094273,I4-FP2,"(R+1, R+45, R+82) vs (L-92, L-44, L-3)"
ANGPTL6,-0.10037109161383,13.0535777895487,-0.828844971770685,0.41708046724097,0.649161394750464,-5.96956109666372,I4-FP2,"(R+1, R+45, R+82) vs (L-92, L-44, L-3)"
TIMP2,-0.149746500034439,12.1862983123805,-0.828525495075436,0.41725702807316,0.649161394750464,-5.96982094213948,I4-FP2,"(R+1, R+45, R+82) vs (L-92, L-44, L-3)"
IGHG4,0.16609114550781,21.9480893608122,0.824695205301668,0.419377556164616,0.650328422435476,-5.97292903559859,I4-FP2,"(R+1, R+45, R+82) vs (L-92, L-44, L-3)"
SEMA3F,-0.176498087906406,10.701528867301,-0.824689766318255,0.419380572145564,0.650328422435476,-5.97293343953351,I4-FP2,"(R+1, R+45, R+82) vs (L-92, L-44, L-3)"
AFM,-0.103964508053405,13.401968092984,-0.823643995395958,0.419960719816047,0.650328422435476,-5.97377969568906,I4-FP2,"(R+1, R+45, R+82) vs (L-92, L-44, L-3)"
PIN4,0.294577778295348,11.1491232136731,0.822959270899392,0.420340849914547,0.650328422435476,-5.97433324488921,I4-FP2,"(R+1, R+45, R+82) vs (L-92, L-44, L-3)"
ACTN1,0.345704683093215,14.9973702023942,0.822573361158187,0.42055518659276,0.650328422435476,-5.97464503544595,I4-FP2,"(R+1, R+45, R+82) vs (L-92, L-44, L-3)"
CON_sp|CAH1_HUMAN|,-0.235009603037999,11.9248296776273,-0.821313471551265,0.421255418321237,0.650328422435476,-5.97566199763261,I4-FP2,"(R+1, R+45, R+82) vs (L-92, L-44, L-3)"
CEMIP,-0.25435228482679,10.8628727838733,-0.819567118628739,0.422227238484098,0.650328422435476,-5.97706922259987,I4-FP2,"(R+1, R+45, R+82) vs (L-92, L-44, L-3)"
MDH2,0.256389421930849,12.1221396797816,0.817312812461843,0.423483818319947,0.650328422435476,-5.9788816314381,I4-FP2,"(R+1, R+45, R+82) vs (L-92, L-44, L-3)"
HNRNPR,0.220879628469807,11.8098607503027,0.816503358023581,0.423935593553859,0.650328422435476,-5.9795312778385,I4-FP2,"(R+1, R+45, R+82) vs (L-92, L-44, L-3)"
PRAP1.1,0.178476892545711,14.4269993389117,0.816423284374276,0.423980301009487,0.650328422435476,-5.97959551016884,I4-FP2,"(R+1, R+45, R+82) vs (L-92, L-44, L-3)"
IGHV3-64,-0.150429177114538,15.9853454928449,-0.816344707703644,0.424024175545909,0.650328422435476,-5.97965853596283,I4-FP2,"(R+1, R+45, R+82) vs (L-92, L-44, L-3)"
ADAM15,0.304449485598592,11.2371350005731,0.815499151253933,0.424496486452627,0.650328422435476,-5.98033639279727,I4-FP2,"(R+1, R+45, R+82) vs (L-92, L-44, L-3)"
KIF2A,0.307745993378375,13.086683338528,0.815051752284168,0.424746528524064,0.650328422435476,-5.98069479383331,I4-FP2,"(R+1, R+45, R+82) vs (L-92, L-44, L-3)"
MEPE,-0.152865328422059,12.8475731681803,-0.814941903637538,0.424807934844411,0.650328422435476,-5.98078276300635,I4-FP2,"(R+1, R+45, R+82) vs (L-92, L-44, L-3)"
IGHA2,0.122352039942741,14.6118991387467,0.814566787051368,0.425017670299948,0.650328422435476,-5.9810830811046,I4-FP2,"(R+1, R+45, R+82) vs (L-92, L-44, L-3)"
TPM4,0.306881154493668,15.5388994439183,0.814323173174637,0.42515391476136,0.650328422435476,-5.98127804912765,I4-FP2,"(R+1, R+45, R+82) vs (L-92, L-44, L-3)"
EEF1B2,0.237968412289696,11.0163280059993,0.814096766549146,0.425280560461094,0.650328422435476,-5.98145919713544,I4-FP2,"(R+1, R+45, R+82) vs (L-92, L-44, L-3)"
CBR1,0.160363192903558,11.2078251031317,0.812276875091789,0.426299420027097,0.651231274815263,-5.98291358539525,I4-FP2,"(R+1, R+45, R+82) vs (L-92, L-44, L-3)"
NRGN,0.344036604686724,14.0770748885972,0.81096554307708,0.427034514373576,0.65169925888337,-5.98395966910589,I4-FP2,"(R+1, R+45, R+82) vs (L-92, L-44, L-3)"
SLC16A3,0.256502225313159,11.7847769904152,0.809256671022773,0.427993651407079,0.65250787376004,-5.98532051290214,I4-FP2,"(R+1, R+45, R+82) vs (L-92, L-44, L-3)"
HMGB3,-0.286546884730157,15.3764052289389,-0.806180016463594,0.42972388455492,0.654489283089659,-5.98776381847812,I4-FP2,"(R+1, R+45, R+82) vs (L-92, L-44, L-3)"
OSTF1,-0.156321685048951,14.4280721389533,-0.801569621696736,0.432324835016904,0.656787987967361,-5.99140885271475,I4-FP2,"(R+1, R+45, R+82) vs (L-92, L-44, L-3)"
KNG1,-0.150714810100456,16.7439533547101,-0.800695329960072,0.432819171736645,0.656787987967361,-5.99209787390528,I4-FP2,"(R+1, R+45, R+82) vs (L-92, L-44, L-3)"
STAB1,0.384186397640887,13.6905456819592,0.800430134372704,0.432969186649239,0.656787987967361,-5.99230673309184,I4-FP2,"(R+1, R+45, R+82) vs (L-92, L-44, L-3)"
LAMA2,-0.299143829159607,13.340265996081,-0.799682348206383,0.433392366229618,0.656787987967361,-5.99289531603575,I4-FP2,"(R+1, R+45, R+82) vs (L-92, L-44, L-3)"
VDAC3,0.318960497654352,12.5319513319067,0.799514174002123,0.433487573157516,0.656787987967361,-5.99302761518463,I4-FP2,"(R+1, R+45, R+82) vs (L-92, L-44, L-3)"
NIFK,0.143193933720587,14.6351556801433,0.798917002018879,0.433825749946862,0.656787987967361,-5.99349718766758,I4-FP2,"(R+1, R+45, R+82) vs (L-92, L-44, L-3)"
YARS1,0.168718518333749,13.9200816532597,0.796532605614852,0.435177663551151,0.657936582208539,-5.99536883106864,I4-FP2,"(R+1, R+45, R+82) vs (L-92, L-44, L-3)"
SERPING1,-0.140163299189666,21.3458340089274,-0.796052604516641,0.435450132698546,0.657936582208539,-5.99574497725735,I4-FP2,"(R+1, R+45, R+82) vs (L-92, L-44, L-3)"
CYTL1,-0.190503357680956,10.4064560657882,-0.7942524504335,0.436472921182903,0.658827050842118,-5.99715375258251,I4-FP2,"(R+1, R+45, R+82) vs (L-92, L-44, L-3)"
ATP6V1E1,0.164671715324967,16.3705167787918,0.792934256414448,0.437222820777571,0.65930425355348,-5.99818345901908,I4-FP2,"(R+1, R+45, R+82) vs (L-92, L-44, L-3)"
ST3GAL1,0.153978452751147,12.3432158238838,0.790342961458051,0.438699294556018,0.660875052254854,-6.00020297818622,I4-FP2,"(R+1, R+45, R+82) vs (L-92, L-44, L-3)"
ARRB1,0.21794358059247,11.4434758675626,0.78873293866728,0.439618209774655,0.661603642433145,-6.00145462629263,I4-FP2,"(R+1, R+45, R+82) vs (L-92, L-44, L-3)"
VEGFD,-0.15971610674909,10.9338837453657,-0.786573807323387,0.440852393643433,0.661749484165951,-6.0031294024245,I4-FP2,"(R+1, R+45, R+82) vs (L-92, L-44, L-3)"
ATL1,0.233524387890302,12.1319792858373,0.786518327932196,0.440884134459525,0.661749484165951,-6.00317237949159,I4-FP2,"(R+1, R+45, R+82) vs (L-92, L-44, L-3)"
JAK1,0.162543509142647,13.1352391511234,0.785308193859246,0.441576826188903,0.661749484165951,-6.00410910189463,I4-FP2,"(R+1, R+45, R+82) vs (L-92, L-44, L-3)"
GNLY,0.132072145860949,11.9447751356141,0.785131706950881,0.44167790496874,0.661749484165951,-6.00424560124611,I4-FP2,"(R+1, R+45, R+82) vs (L-92, L-44, L-3)"
PACS1,0.290247317291019,11.7453025599043,0.784758102571806,0.441891925281868,0.661749484165951,-6.00453446124062,I4-FP2,"(R+1, R+45, R+82) vs (L-92, L-44, L-3)"
RTN4,0.378436234706613,12.2954354504074,0.783992561080179,0.44233066759498,0.66175454207123,-6.00512595284652,I4-FP2,"(R+1, R+45, R+82) vs (L-92, L-44, L-3)"
ARPC4,-0.134960928338392,13.3719328181542,-0.782510687674399,0.443180712032186,0.661777667989964,-6.00626937624435,I4-FP2,"(R+1, R+45, R+82) vs (L-92, L-44, L-3)"
WAS,-0.142614594596098,13.9786103585995,-0.782447665639891,0.443216885535384,0.661777667989964,-6.00631795948646,I4-FP2,"(R+1, R+45, R+82) vs (L-92, L-44, L-3)"
ATP2A3,0.387408789228045,12.6469482217355,0.781204407831161,0.44393086450876,0.662193242446826,-6.00727562771627,I4-FP2,"(R+1, R+45, R+82) vs (L-92, L-44, L-3)"
SMAP2,-0.213258360234972,11.2843362135267,-0.778767985247506,0.445332105148164,0.663171903051408,-6.00914823405526,I4-FP2,"(R+1, R+45, R+82) vs (L-92, L-44, L-3)"
RASA3,0.228440603533627,11.9504758758351,0.778546626325087,0.445459548036505,0.663171903051408,-6.00931809594837,I4-FP2,"(R+1, R+45, R+82) vs (L-92, L-44, L-3)"
CNDP1,0.296088568773702,10.4198172112885,0.776469867200208,0.446656289881265,0.663726273121057,-6.01090950940384,I4-FP2,"(R+1, R+45, R+82) vs (L-92, L-44, L-3)"
APOL1,-0.102928172062764,17.9022540528677,-0.776330551196667,0.446736641852009,0.663726273121057,-6.01101612395013,I4-FP2,"(R+1, R+45, R+82) vs (L-92, L-44, L-3)"
LRBA,-0.136280148476,17.6651977960253,-0.775331574773417,0.447313071536799,0.663726273121057,-6.01178008576909,I4-FP2,"(R+1, R+45, R+82) vs (L-92, L-44, L-3)"
EML2,0.374647276698985,15.6525677035607,0.774261422032863,0.44793107660375,0.663726273121057,-6.01259745442496,I4-FP2,"(R+1, R+45, R+82) vs (L-92, L-44, L-3)"
PGLYRP2.1,-0.140922221265505,15.7158990876875,-0.773747660357698,0.448227955657842,0.663726273121057,-6.01298948214864,I4-FP2,"(R+1, R+45, R+82) vs (L-92, L-44, L-3)"
LAP3,0.400072525623251,13.8684172465793,0.773055658539073,0.448628021667461,0.663726273121057,-6.0135171303222,I4-FP2,"(R+1, R+45, R+82) vs (L-92, L-44, L-3)"
MPIG6B,-0.275509988453578,14.5671757058441,-0.772605206080694,0.448888558400294,0.663726273121057,-6.01386035991641,I4-FP2,"(R+1, R+45, R+82) vs (L-92, L-44, L-3)"
UBASH3B,0.262083321937403,12.2242353341224,0.768398552665295,0.451326102514202,0.666681900701251,-6.01705661194826,I4-FP2,"(R+1, R+45, R+82) vs (L-92, L-44, L-3)"
MYL12A,0.198727610507308,17.3217478091476,0.766919240423378,0.4521852036936,0.66730243651871,-6.01817670757953,I4-FP2,"(R+1, R+45, R+82) vs (L-92, L-44, L-3)"
IGHV2-70,0.121896245421728,14.4547919256166,0.763475351271895,0.454189073580045,0.669609497421599,-6.02077646373119,I4-FP2,"(R+1, R+45, R+82) vs (L-92, L-44, L-3)"
TGFBI,-0.130663768542248,19.338353919365,-0.759454043446609,0.456535734791663,0.672052179513456,-6.02379817270682,I4-FP2,"(R+1, R+45, R+82) vs (L-92, L-44, L-3)"
ECRG4,-0.140273793768935,10.998660585472,-0.758804265300977,0.456915605178192,0.672052179513456,-6.02428502212436,I4-FP2,"(R+1, R+45, R+82) vs (L-92, L-44, L-3)"
WDR44,-0.229921948386349,13.385493383901,-0.758365302467062,0.457172337905864,0.672052179513456,-6.02461369508031,I4-FP2,"(R+1, R+45, R+82) vs (L-92, L-44, L-3)"
GNAQ,0.244939557905782,13.8395518929363,0.756990005898508,0.457977261662243,0.672584963987062,-6.02564228730183,I4-FP2,"(R+1, R+45, R+82) vs (L-92, L-44, L-3)"
RHCE,0.30401045539086,11.0174147664297,0.755594533191321,0.4587948689174,0.672762026854494,-6.02668417194015,I4-FP2,"(R+1, R+45, R+82) vs (L-92, L-44, L-3)"
IGHG2,-0.10890316044863,22.5336194006463,-0.75527357873013,0.458983040689546,0.672762026854494,-6.02692354606885,I4-FP2,"(R+1, R+45, R+82) vs (L-92, L-44, L-3)"
ANK1,0.199301064094703,12.9250938528515,0.753563246740941,0.459986573285497,0.673583421381461,-6.02819752932989,I4-FP2,"(R+1, R+45, R+82) vs (L-92, L-44, L-3)"
LCP1,-0.101701453386169,13.238575851208,-0.751345658963093,0.461289704525058,0.674841531162741,-6.0298453019977,I4-FP2,"(R+1, R+45, R+82) vs (L-92, L-44, L-3)"
"coy_tr|B4E1Z4|B4E1Z4_HUMAN readthrough, C3/C5 convertase OS=Homo sapiens OX=9606",-0.0980492130933541,19.3534062388039,-0.750025793471481,0.462066356936929,0.675327752446281,-6.03082385134164,I4-FP2,"(R+1, R+45, R+82) vs (L-92, L-44, L-3)"
FLNA,0.144795664911033,16.6282624589417,0.745844870976557,0.464531734041394,0.678278804748241,-6.03391287958617,I4-FP2,"(R+1, R+45, R+82) vs (L-92, L-44, L-3)"
GSK3A,0.281995857770876,10.9489090959881,0.744503773811004,0.465324210304437,0.678783876835648,-6.03490028352192,I4-FP2,"(R+1, R+45, R+82) vs (L-92, L-44, L-3)"
SPP1.1,-0.137952406861712,12.9104574848952,-0.743175685366443,0.46610979677268,0.679277939687894,-6.03587645684893,I4-FP2,"(R+1, R+45, R+82) vs (L-92, L-44, L-3)"
LGALSL,0.214383697303848,11.4601974614347,0.738905386775397,0.46864112001368,0.68231274178237,-6.0390040654347,I4-FP2,"(R+1, R+45, R+82) vs (L-92, L-44, L-3)"
GNAI2.1,0.12826197754955,16.0872005360138,0.736520246596901,0.470058530826585,0.683721499384124,-6.04074355604775,I4-FP2,"(R+1, R+45, R+82) vs (L-92, L-44, L-3)"
GPLD1,-0.146534680568874,10.716596588902,-0.733651806487247,0.471766525859654,0.684980976776677,-6.04282847985557,I4-FP2,"(R+1, R+45, R+82) vs (L-92, L-44, L-3)"
SNRPD3,-0.212680023389719,13.9704854326566,-0.733299538175497,0.471976535693378,0.684980976776677,-6.04308399566657,I4-FP2,"(R+1, R+45, R+82) vs (L-92, L-44, L-3)"
SNRPN,-0.178307859842204,13.8225863100489,-0.732796781119083,0.47227635767234,0.684980976776677,-6.04344846669393,I4-FP2,"(R+1, R+45, R+82) vs (L-92, L-44, L-3)"
HNRNPD,-0.138942496195173,14.382183836122,-0.731835806990952,0.472849754346781,0.68515884328609,-6.04414446213732,I4-FP2,"(R+1, R+45, R+82) vs (L-92, L-44, L-3)"
MAN2A1,0.188983769996578,10.1560654955498,0.729788140604811,0.474072937605997,0.686277014439158,-6.04562462478916,I4-FP2,"(R+1, R+45, R+82) vs (L-92, L-44, L-3)"
DEFB103B,0.152070960681671,12.8729799637565,0.727217748617566,0.475611022151154,0.687848481132021,-6.04747708827813,I4-FP2,"(R+1, R+45, R+82) vs (L-92, L-44, L-3)"
RETN,-0.122722789138302,13.1445436191244,-0.726079739495663,0.476292930647407,0.688179899794732,-6.04829526831605,I4-FP2,"(R+1, R+45, R+82) vs (L-92, L-44, L-3)"
GLTPD2,-0.167654736521383,12.5244404037882,-0.723136868462492,0.478059007259656,0.690075679994945,-6.05040544353836,I4-FP2,"(R+1, R+45, R+82) vs (L-92, L-44, L-3)"
UBA1,-0.155481599982159,14.1164429085603,-0.721276534648179,0.479177418326495,0.69103384806098,-6.05173520325133,I4-FP2,"(R+1, R+45, R+82) vs (L-92, L-44, L-3)"
IGKV1-8,-0.105465352664214,17.7561176518372,-0.718101008377006,0.481090058415949,0.692568335301683,-6.05399756163921,I4-FP2,"(R+1, R+45, R+82) vs (L-92, L-44, L-3)"
PCSK9,-0.123312245045186,14.8500171074782,-0.717997067632454,0.48115273820959,0.692568335301683,-6.05407145289551,I4-FP2,"(R+1, R+45, R+82) vs (L-92, L-44, L-3)"
CHST14,-0.122819999989406,11.4990271436966,-0.716774580884247,0.481890298531629,0.692973750017101,-6.05493975550497,I4-FP2,"(R+1, R+45, R+82) vs (L-92, L-44, L-3)"
CYRIB,0.267892896362138,9.65044433494643,0.715609859700053,0.482593623163335,0.693329212862259,-6.05576572413168,I4-FP2,"(R+1, R+45, R+82) vs (L-92, L-44, L-3)"
OLFML3,-0.141857799867045,13.0396433625514,-0.714601716106207,0.483202882274488,0.693490111286279,-6.05647962685914,I4-FP2,"(R+1, R+45, R+82) vs (L-92, L-44, L-3)"
GLIPR2,-0.120559471532409,13.5666256489607,-0.713915073117034,0.483618103923326,0.693490111286279,-6.05696531721037,I4-FP2,"(R+1, R+45, R+82) vs (L-92, L-44, L-3)"
GAK,0.493780164918309,16.1010738591654,0.709754846769434,0.486138300831039,0.696446953122695,-6.05989854456012,I4-FP2,"(R+1, R+45, R+82) vs (L-92, L-44, L-3)"
PTPN12,0.280431354811101,12.4768155617099,0.704242084897919,0.489489600217086,0.700587751723137,-6.06376033621843,I4-FP2,"(R+1, R+45, R+82) vs (L-92, L-44, L-3)"
ARFGAP2,-0.156654196453093,15.1076129811019,-0.703078783147302,0.490198499365314,0.700942350926883,-6.06457159790541,I4-FP2,"(R+1, R+45, R+82) vs (L-92, L-44, L-3)"
MYOC,-0.156684868654709,12.4301827264288,-0.698997955110791,0.492689994397465,0.703842849139236,-6.06740740669711,I4-FP2,"(R+1, R+45, R+82) vs (L-92, L-44, L-3)"
MYL1,0.150269247395698,16.5696190288522,0.697409169799187,0.493661980570949,0.704569211706895,-6.0685072276539,I4-FP2,"(R+1, R+45, R+82) vs (L-92, L-44, L-3)"
PTPN1,0.252960029497863,11.725210853937,0.695582225631435,0.494781033126344,0.704978498972897,-6.06976897134494,I4-FP2,"(R+1, R+45, R+82) vs (L-92, L-44, L-3)"
IGHV6-1,0.117886154156028,17.5908466008658,0.695426716279757,0.494876354213211,0.704978498972897,-6.06987622557359,I4-FP2,"(R+1, R+45, R+82) vs (L-92, L-44, L-3)"
AGPS,-0.183435811173639,12.9924804498826,-0.694085545011654,0.495698877834522,0.705489039614676,-6.07080028017907,I4-FP2,"(R+1, R+45, R+82) vs (L-92, L-44, L-3)"
UXS1,-0.15126017833249,11.24634991614,-0.691001166120816,0.497593468773308,0.707522986469063,-6.07291895162419,I4-FP2,"(R+1, R+45, R+82) vs (L-92, L-44, L-3)"
STK4,0.155464896187355,11.2032814790797,0.688021736497971,0.499427531718637,0.70946714786199,-6.07495700860386,I4-FP2,"(R+1, R+45, R+82) vs (L-92, L-44, L-3)"
ARPC2,0.196549028751316,13.6649984846573,0.683758341909686,0.502058685808974,0.712538937842802,-6.07785877196218,I4-FP2,"(R+1, R+45, R+82) vs (L-92, L-44, L-3)"
ADAMTS5,0.183391443095377,10.6849928470338,0.6819777739397,0.503159898526931,0.713315606701109,-6.0790655823196,I4-FP2,"(R+1, R+45, R+82) vs (L-92, L-44, L-3)"
SERPINE1,0.258724857267631,15.4708920688959,0.681298665876543,0.503580262599962,0.713315606701109,-6.07952506980416,I4-FP2,"(R+1, R+45, R+82) vs (L-92, L-44, L-3)"
GPI,0.164304194424826,11.7714172636453,0.680598628964078,0.504013790524336,0.713315606701109,-6.07999826135988,I4-FP2,"(R+1, R+45, R+82) vs (L-92, L-44, L-3)"
PCMT1,0.279789775361297,11.0013468254996,0.671733376180392,0.509522292820137,0.719879783465588,-6.08595062628217,I4-FP2,"(R+1, R+45, R+82) vs (L-92, L-44, L-3)"
ILK,0.195368812613377,17.002650635097,0.671051516344177,0.509947374848179,0.719879783465588,-6.08640536262541,I4-FP2,"(R+1, R+45, R+82) vs (L-92, L-44, L-3)"
IGKV3-11,-0.108128911200182,17.5005291138336,-0.670850523591971,0.510072714995025,0.719879783465588,-6.08653932179856,I4-FP2,"(R+1, R+45, R+82) vs (L-92, L-44, L-3)"
NCL,-0.177093902277304,12.862856691914,-0.668313989945321,0.511656002024198,0.721401893582473,-6.08822659906819,I4-FP2,"(R+1, R+45, R+82) vs (L-92, L-44, L-3)"
PTPRB,0.116100914132612,12.6962114360381,0.66760279104071,0.512100423141769,0.721401893582473,-6.08869858665111,I4-FP2,"(R+1, R+45, R+82) vs (L-92, L-44, L-3)"
ABCE1,0.136156144775005,10.727986006185,0.666020831611982,0.51308975129582,0.722126316638561,-6.08974673471741,I4-FP2,"(R+1, R+45, R+82) vs (L-92, L-44, L-3)"
LARS1,-0.160637000069137,16.580617341329,-0.664552438009401,0.514009016504742,0.722750883521931,-6.09071751367635,I4-FP2,"(R+1, R+45, R+82) vs (L-92, L-44, L-3)"
COL14A1,-0.112556177257639,12.1675280009768,-0.663730168702939,0.514524188437177,0.722806623312856,-6.09126023566912,I4-FP2,"(R+1, R+45, R+82) vs (L-92, L-44, L-3)"
ASPN,0.116685808954292,15.5682893215511,0.662040924086379,0.515583448289766,0.723625892336514,-6.09237317347755,I4-FP2,"(R+1, R+45, R+82) vs (L-92, L-44, L-3)"
STX11,0.197523105854809,11.6783261640374,0.660415379519216,0.516603914513718,0.723930874091833,-6.09344158534568,I4-FP2,"(R+1, R+45, R+82) vs (L-92, L-44, L-3)"
DBNL,0.143904102430923,12.0638686853773,0.660177585932635,0.516753288414236,0.723930874091833,-6.0935976681061,I4-FP2,"(R+1, R+45, R+82) vs (L-92, L-44, L-3)"
GNAI3,-0.144301274891889,11.7111753636157,-0.659133841335124,0.517409218576433,0.724182331709188,-6.09428212506648,I4-FP2,"(R+1, R+45, R+82) vs (L-92, L-44, L-3)"
PEPCAL_8|PEPCAL_8|,-0.102447111393026,16.9071633092621,-0.656147726143422,0.519288372476984,0.725808862344225,-6.09623461463044,I4-FP2,"(R+1, R+45, R+82) vs (L-92, L-44, L-3)"
AHSG,-0.0956028276021037,20.4934379756399,-0.65569098539095,0.519576132503019,0.725808862344225,-6.09653251007397,I4-FP2,"(R+1, R+45, R+82) vs (L-92, L-44, L-3)"
ITGAL,0.599406663738115,19.4953345939308,0.655012360927247,0.520003849403198,0.725808862344225,-6.09697475625663,I4-FP2,"(R+1, R+45, R+82) vs (L-92, L-44, L-3)"
SULT1A3,0.159842119520037,13.2867805478849,0.651929350109025,0.521949440290349,0.727718152711357,-6.09897837933708,I4-FP2,"(R+1, R+45, R+82) vs (L-92, L-44, L-3)"
RCN1,0.158731205064979,10.4662466427386,0.651328195501411,0.522329279347428,0.727718152711357,-6.09936801132019,I4-FP2,"(R+1, R+45, R+82) vs (L-92, L-44, L-3)"
IGHV1-69,-0.0994816753118996,15.3559945663925,-0.649558002668527,0.523448662554428,0.72860985996587,-6.10051334573602,I4-FP2,"(R+1, R+45, R+82) vs (L-92, L-44, L-3)"
CRHBP,-0.150771061627459,10.8978375174407,-0.647542364089414,0.524724866491934,0.729718021104976,-6.10181385441655,I4-FP2,"(R+1, R+45, R+82) vs (L-92, L-44, L-3)"
ACAN,-0.111707509312772,16.1607888667419,-0.643480572874349,0.527301800800056,0.732631386851997,-6.10442280475001,I4-FP2,"(R+1, R+45, R+82) vs (L-92, L-44, L-3)"
GC,-0.0853849216093216,17.5447131226401,-0.638553604498336,0.530436944603024,0.736072120227253,-6.10756636661182,I4-FP2,"(R+1, R+45, R+82) vs (L-92, L-44, L-3)"
ASAP2,0.229855680025028,11.3132908843507,0.636750065738073,0.531587122812268,0.736072120227253,-6.10871129263874,I4-FP2,"(R+1, R+45, R+82) vs (L-92, L-44, L-3)"
DSC3,-0.113521615593338,18.017235461294,-0.636007272595679,0.53206122303432,0.736072120227253,-6.10918193161078,I4-FP2,"(R+1, R+45, R+82) vs (L-92, L-44, L-3)"
CORO1C,0.189541527122591,15.1161874774936,0.635715744992851,0.532247358463589,0.736072120227253,-6.10936650165938,I4-FP2,"(R+1, R+45, R+82) vs (L-92, L-44, L-3)"
PGLYRP2,-0.108933641975127,16.745141054962,-0.635667768888643,0.532277993796057,0.736072120227253,-6.10939686820314,I4-FP2,"(R+1, R+45, R+82) vs (L-92, L-44, L-3)"
SCGB3A1,-0.129920250961545,13.6299566096058,-0.635032447930162,0.532683771217091,0.736072120227253,-6.10979878831905,I4-FP2,"(R+1, R+45, R+82) vs (L-92, L-44, L-3)"
PRDX3,0.219731985046358,11.5660305679162,0.632386461928886,0.53437556595262,0.737296863935593,-6.11146856123438,I4-FP2,"(R+1, R+45, R+82) vs (L-92, L-44, L-3)"
RP2,0.166256936393097,11.053908361664,0.632129174797848,0.534540226353305,0.737296863935593,-6.11163056788149,I4-FP2,"(R+1, R+45, R+82) vs (L-92, L-44, L-3)"
STAT1,-0.135106176464031,15.2470254738647,-0.630821517544828,0.535377536064197,0.737782279979674,-6.11245298635262,I4-FP2,"(R+1, R+45, R+82) vs (L-92, L-44, L-3)"
PXDN,-0.124178340659998,14.8849354010893,-0.626623984524207,0.538070074476606,0.74034459955558,-6.11508187894574,I4-FP2,"(R+1, R+45, R+82) vs (L-92, L-44, L-3)"
PRG4.1,-0.109365529141211,21.4198010020354,-0.626404538179508,0.538211041124287,0.74034459955558,-6.11521885371589,I4-FP2,"(R+1, R+45, R+82) vs (L-92, L-44, L-3)"
FLII,-0.169589672525853,12.0575351591142,-0.623909064458768,0.539815472090147,0.741880214807435,-6.11677324721588,I4-FP2,"(R+1, R+45, R+82) vs (L-92, L-44, L-3)"
PPIB,0.0770466046783369,18.4597361736462,0.620687416060795,0.54189059542722,0.744059354154809,-6.11877115294844,I4-FP2,"(R+1, R+45, R+82) vs (L-92, L-44, L-3)"
AK6,0.191510924066932,14.4969950802901,0.618729561379072,0.54315377770051,0.744786231101345,-6.11998046323385,I4-FP2,"(R+1, R+45, R+82) vs (L-92, L-44, L-3)"
IGLL5,-0.0790614793201918,21.5844206414828,-0.618348287734443,0.543399954139073,0.744786231101345,-6.12021553793864,I4-FP2,"(R+1, R+45, R+82) vs (L-92, L-44, L-3)"
SARNP,0.131310284118791,12.5742850466628,0.615942831197648,0.544954460456234,0.745203335929571,-6.12169541442206,I4-FP2,"(R+1, R+45, R+82) vs (L-92, L-44, L-3)"
IGLV5-45,-0.0956945523088705,15.9970307471844,-0.615083202097703,0.545510565147836,0.745203335929571,-6.12222292781502,I4-FP2,"(R+1, R+45, R+82) vs (L-92, L-44, L-3)"
FCN2,-0.285170885928328,13.1071347732692,-0.613036527411312,0.54683580409636,0.745203335929571,-6.12347602398683,I4-FP2,"(R+1, R+45, R+82) vs (L-92, L-44, L-3)"
SNRPD2,-0.163869232080585,13.1502572563403,-0.612503418322709,0.547181278410771,0.745203335929571,-6.12380176591683,I4-FP2,"(R+1, R+45, R+82) vs (L-92, L-44, L-3)"
RPS14,0.217443017313145,12.7379349485707,0.610962689281077,0.548180381237892,0.745203335929571,-6.12474165490214,I4-FP2,"(R+1, R+45, R+82) vs (L-92, L-44, L-3)"
COL12A1,-0.0932047292403908,13.5698528451326,-0.610566972321813,0.548437144934543,0.745203335929571,-6.12498268616688,I4-FP2,"(R+1, R+45, R+82) vs (L-92, L-44, L-3)"
CD82,-0.243352832047857,9.20015210115047,-0.610546683352762,0.548450311297336,0.745203335929571,-6.12499504013342,I4-FP2,"(R+1, R+45, R+82) vs (L-92, L-44, L-3)"
CDC42,-0.103014402742239,16.3984550360826,-0.610205707010666,0.548671610303976,0.745203335929571,-6.1252026017723,I4-FP2,"(R+1, R+45, R+82) vs (L-92, L-44, L-3)"
IL1RAP,0.192658334331616,10.6612674763925,0.610136260393176,0.548716688071363,0.745203335929571,-6.12524486216022,I4-FP2,"(R+1, R+45, R+82) vs (L-92, L-44, L-3)"
CCT3,0.231115296344,12.983466802456,0.608541546754251,0.549752357591717,0.745203335929571,-6.12621402111778,I4-FP2,"(R+1, R+45, R+82) vs (L-92, L-44, L-3)"
IGKV2-24,-0.10839998257158,16.6960408240135,-0.608403895547057,0.549841802319545,0.745203335929571,-6.1262975618016,I4-FP2,"(R+1, R+45, R+82) vs (L-92, L-44, L-3)"
PI16,-0.0914125995933528,12.0929957737878,-0.60819246804826,0.549979201376526,0.745203335929571,-6.12642584199482,I4-FP2,"(R+1, R+45, R+82) vs (L-92, L-44, L-3)"
AP1G1,0.418471425699385,12.6950973535908,0.607664304147373,0.550322515530803,0.745203335929571,-6.1267461094144,I4-FP2,"(R+1, R+45, R+82) vs (L-92, L-44, L-3)"
ACP5,0.104285543035402,13.4628941111795,0.607286765198393,0.550567990953229,0.745203335929571,-6.12697487696853,I4-FP2,"(R+1, R+45, R+82) vs (L-92, L-44, L-3)"
DDX17,0.16384825478293,10.718073087783,0.60596043456439,0.551430829775473,0.745446818474913,-6.12777747481523,I4-FP2,"(R+1, R+45, R+82) vs (L-92, L-44, L-3)"
HNRNPA1,0.15580117695258,14.845099748776,0.605502765166948,0.55172873077913,0.745446818474913,-6.12805403080675,I4-FP2,"(R+1, R+45, R+82) vs (L-92, L-44, L-3)"
RPL38,0.216913680171,12.3523411353501,0.604509513049277,0.552375540160143,0.745657922773905,-6.12865353164718,I4-FP2,"(R+1, R+45, R+82) vs (L-92, L-44, L-3)"
LRG1,0.139185058934566,10.4225491157424,0.602655012429083,0.553584269946742,0.746626522022226,-6.12977032356575,I4-FP2,"(R+1, R+45, R+82) vs (L-92, L-44, L-3)"
HMGB1,-0.219806522601905,15.0203116515567,-0.598091091636553,0.556564883719468,0.749519660065401,-6.13250467309543,I4-FP2,"(R+1, R+45, R+82) vs (L-92, L-44, L-3)"
TMEM59,-0.1129946135643,14.7814321675609,-0.597844025725082,0.556726478203276,0.749519660065401,-6.13265212469702,I4-FP2,"(R+1, R+45, R+82) vs (L-92, L-44, L-3)"
RNASE6,-0.0925290176214659,14.110677997625,-0.597106976462043,0.557208694653884,0.749519660065401,-6.13309165493499,I4-FP2,"(R+1, R+45, R+82) vs (L-92, L-44, L-3)"
RPL14,0.175688327360278,11.5111600242657,0.595590839708613,0.558201319746334,0.749893978799537,-6.13399414179567,I4-FP2,"(R+1, R+45, R+82) vs (L-92, L-44, L-3)"
EEF1D,0.109612628760073,11.4801775383242,0.595175093028587,0.558473673684919,0.749893978799537,-6.13424123052096,I4-FP2,"(R+1, R+45, R+82) vs (L-92, L-44, L-3)"
PRKACA,-0.141504493085182,11.5271303558876,-0.592806859011953,0.56002641987288,0.75102511718643,-6.13564556009671,I4-FP2,"(R+1, R+45, R+82) vs (L-92, L-44, L-3)"
ARF1,0.0952456003580266,17.4819267414211,0.592383454255892,0.560304265058823,0.75102511718643,-6.13589606448231,I4-FP2,"(R+1, R+45, R+82) vs (L-92, L-44, L-3)"
NIPSNAP3A,0.242391922204477,10.9814548757462,0.591261853226057,0.561040625791253,0.751349560531017,-6.1365588177305,I4-FP2,"(R+1, R+45, R+82) vs (L-92, L-44, L-3)"
FCER1G,0.118102509168267,13.5526267659469,0.590330672727791,0.561652353555246,0.751506670249977,-6.13710813156365,I4-FP2,"(R+1, R+45, R+82) vs (L-92, L-44, L-3)"
PRELP,-0.148777123198717,11.6800390871038,-0.587925735582613,0.563233853643482,0.752531154465698,-6.13852296818722,I4-FP2,"(R+1, R+45, R+82) vs (L-92, L-44, L-3)"
FHL1,0.117630665323561,14.8097598367073,0.587660837791069,0.563408193277608,0.752531154465698,-6.13867846831307,I4-FP2,"(R+1, R+45, R+82) vs (L-92, L-44, L-3)"
PHPT1,0.162208349194566,9.71990334393041,0.5854767854868,0.564846671167588,0.752580957096068,-6.13995797277598,I4-FP2,"(R+1, R+45, R+82) vs (L-92, L-44, L-3)"
RPL10A,0.119970011919873,12.1908475013723,0.584321495275222,0.565608346489269,0.752580957096068,-6.14063292881449,I4-FP2,"(R+1, R+45, R+82) vs (L-92, L-44, L-3)"
APOA5,-0.174186560663205,18.5098051099032,-0.584182946141591,0.565699726715964,0.752580957096068,-6.14071378708726,I4-FP2,"(R+1, R+45, R+82) vs (L-92, L-44, L-3)"
UPF1,-0.16654668042125,11.5551250011517,-0.584004274927176,0.565817580779925,0.752580957096068,-6.14081803357904,I4-FP2,"(R+1, R+45, R+82) vs (L-92, L-44, L-3)"
TREML1,0.364302127624757,13.0297125234335,0.583229946885309,0.566328485288577,0.752580957096068,-6.14126946294331,I4-FP2,"(R+1, R+45, R+82) vs (L-92, L-44, L-3)"
CHMP2A,0.140738186198225,12.7387688329895,0.582679840734846,0.566691592189908,0.752580957096068,-6.14158982087015,I4-FP2,"(R+1, R+45, R+82) vs (L-92, L-44, L-3)"
EMILIN1,0.14454465256693,11.9733683991341,0.582347052511665,0.566911313075656,0.752580957096068,-6.14178348063215,I4-FP2,"(R+1, R+45, R+82) vs (L-92, L-44, L-3)"
B3GALNT1,-0.0981422165300074,16.7034708202772,-0.579431492860229,0.568838168068248,0.754479943685635,-6.14347556826238,I4-FP2,"(R+1, R+45, R+82) vs (L-92, L-44, L-3)"
ASPRV1,0.108606135664427,10.8627413618693,0.575480369247735,0.571454782628982,0.756829369573238,-6.14575557246491,I4-FP2,"(R+1, R+45, R+82) vs (L-92, L-44, L-3)"
RTCB,0.149235391687691,12.4436577098231,0.575253308861666,0.571605339651366,0.756829369573238,-6.14588614028915,I4-FP2,"(R+1, R+45, R+82) vs (L-92, L-44, L-3)"
PON3,-0.0964124884114951,11.1682623920382,-0.570466976639019,0.574783736006321,0.760375351374768,-6.14862686536414,I4-FP2,"(R+1, R+45, R+82) vs (L-92, L-44, L-3)"
RPL8,-0.177788029656742,12.2079929077243,-0.568561941054247,0.5760512894524,0.76138953040665,-6.14971155932289,I4-FP2,"(R+1, R+45, R+82) vs (L-92, L-44, L-3)"
AIFM1,0.140452622493477,17.463310684066,0.567095262816829,0.577028140668676,0.762018048493821,-6.15054427025229,I4-FP2,"(R+1, R+45, R+82) vs (L-92, L-44, L-3)"
IGLV3-19,-0.0933648529253616,17.603460642919,-0.563908143748596,0.579153751490275,0.764161199883002,-6.15234659541428,I4-FP2,"(R+1, R+45, R+82) vs (L-92, L-44, L-3)"
RPL26,0.221769832718624,11.2223556701702,0.560269874879977,0.58158508301573,0.766703665380668,-6.1543920350471,I4-FP2,"(R+1, R+45, R+82) vs (L-92, L-44, L-3)"
"coy_tr|H3BNC9|H3BNC9_HUMAN readthrough, 40S ribosomal protein S17 OS=Homo sapiens OX=9606",0.209645890098356,11.5108078454548,0.55703357417235,0.58375210522049,0.768893587465464,-6.15620071938953,I4-FP2,"(R+1, R+45, R+82) vs (L-92, L-44, L-3)"
FCGRT,0.118913010500545,11.7064919456831,0.554937394697536,0.585157863042807,0.770077880368023,-6.15736680664846,I4-FP2,"(R+1, R+45, R+82) vs (L-92, L-44, L-3)"
PLA2G2A,-0.100758133612623,15.0574984316927,-0.552225484862826,0.586979058002606,0.770667595981841,-6.15886910236468,I4-FP2,"(R+1, R+45, R+82) vs (L-92, L-44, L-3)"
IGFBP2,-0.101952261344184,18.3973153830131,-0.552064238113907,0.587087433000557,0.770667595981841,-6.15895820245961,I4-FP2,"(R+1, R+45, R+82) vs (L-92, L-44, L-3)"
DIAPH1,-0.117972308006706,13.0785662580148,-0.552005336306601,0.587127023780902,0.770667595981841,-6.15899074353833,I4-FP2,"(R+1, R+45, R+82) vs (L-92, L-44, L-3)"
SH3BGRL,0.165144304429578,11.2867357633347,0.548351217708683,0.589585735775001,0.772782579539552,-6.16100293161375,I4-FP2,"(R+1, R+45, R+82) vs (L-92, L-44, L-3)"
MMP14,0.14339053898913,17.1362919118442,0.548099749868257,0.58975512649071,0.772782579539552,-6.16114092940451,I4-FP2,"(R+1, R+45, R+82) vs (L-92, L-44, L-3)"
MAPRE2,0.136422553137739,15.9788816419844,0.547194484145074,0.590365120605562,0.772915575642079,-6.16163720337169,I4-FP2,"(R+1, R+45, R+82) vs (L-92, L-44, L-3)"
ASGR1,0.260420288888159,16.1170264370395,0.539219870637014,0.595752120139088,0.779297093469375,-6.16597458447541,I4-FP2,"(R+1, R+45, R+82) vs (L-92, L-44, L-3)"
CAPZA2,0.106520579555605,10.948807393119,0.534054762233686,0.5992540874943,0.783203966458587,-6.16875091676762,I4-FP2,"(R+1, R+45, R+82) vs (L-92, L-44, L-3)"
CD14,0.0902451008070599,16.3289142928351,0.53307279994257,0.599920997830467,0.78340199029408,-6.1692758039054,I4-FP2,"(R+1, R+45, R+82) vs (L-92, L-44, L-3)"
PDGFRB,-0.0865976220525475,18.1308575238423,-0.530880532865302,0.601411204083622,0.784673845671336,-6.17044424977542,I4-FP2,"(R+1, R+45, R+82) vs (L-92, L-44, L-3)"
IGLV3-1,0.0731520228081361,13.8576079003003,0.528136331558971,0.603279123525876,0.786435907169238,-6.17190027850549,I4-FP2,"(R+1, R+45, R+82) vs (L-92, L-44, L-3)"
CTSA,-0.106130428691626,12.113160119599,-0.526751409611119,0.604222876674305,0.786537655552606,-6.17263231284599,I4-FP2,"(R+1, R+45, R+82) vs (L-92, L-44, L-3)"
CRIP2,-0.0876119020658627,11.9393851485734,-0.526503201459967,0.604392093214108,0.786537655552606,-6.17276331202443,I4-FP2,"(R+1, R+45, R+82) vs (L-92, L-44, L-3)"
HNRNPC,-0.11476250355936,14.7043856926875,-0.523939294372503,0.606141382768889,0.787023780253338,-6.174112979424,I4-FP2,"(R+1, R+45, R+82) vs (L-92, L-44, L-3)"
SPINK5,0.0789868532641691,17.1418002648975,0.52361168559339,0.60636507776045,0.787023780253338,-6.17428497482512,I4-FP2,"(R+1, R+45, R+82) vs (L-92, L-44, L-3)"
LSR,-0.129438903841451,13.5882884062904,-0.523593536959548,0.606377471016161,0.787023780253338,-6.17429449984571,I4-FP2,"(R+1, R+45, R+82) vs (L-92, L-44, L-3)"
POSTN.1,0.0880750625019679,10.6252548739071,0.522921086528421,0.606836756879547,0.787023780253338,-6.17464719853268,I4-FP2,"(R+1, R+45, R+82) vs (L-92, L-44, L-3)"
ALOX12,0.216533454051873,11.7319232696018,0.5214441549082,0.607846093379712,0.787660751864588,-6.17542029942721,I4-FP2,"(R+1, R+45, R+82) vs (L-92, L-44, L-3)"
CD109,-0.436978264921425,16.843414385143,-0.520097961261994,0.608766785485641,0.787712319038262,-6.17612311386268,I4-FP2,"(R+1, R+45, R+82) vs (L-92, L-44, L-3)"
DNAJC3,-0.0770576581834632,16.3010787889716,-0.519870595730049,0.60892235188813,0.787712319038262,-6.17624164145384,I4-FP2,"(R+1, R+45, R+82) vs (L-92, L-44, L-3)"
WIPF1,-0.105304157253314,13.9337457164664,-0.518021241610004,0.610188411051277,0.788678898637705,-6.17720385375578,I4-FP2,"(R+1, R+45, R+82) vs (L-92, L-44, L-3)"
CYFIP1,0.11162848608609,12.125607031836,0.514635221094448,0.61250972221435,0.791006608127283,-6.17895694592627,I4-FP2,"(R+1, R+45, R+82) vs (L-92, L-44, L-3)"
CS,0.105150657973776,12.9652680554507,0.512854882750075,0.613731931004355,0.791464744505021,-6.17987421987026,I4-FP2,"(R+1, R+45, R+82) vs (L-92, L-44, L-3)"
SDC1,-0.181833978417817,10.4923189854194,-0.511857196401607,0.614417352598943,0.791464744505021,-6.18038690018928,I4-FP2,"(R+1, R+45, R+82) vs (L-92, L-44, L-3)"
IGFBP7,-0.0691428274640379,16.6766776735433,-0.511843771733782,0.614426577971003,0.791464744505021,-6.18039379209,I4-FP2,"(R+1, R+45, R+82) vs (L-92, L-44, L-3)"
PTP4A1,0.0702347343263873,13.6937939410464,0.510109018485577,0.615619245243593,0.792329595910467,-6.18128289264023,I4-FP2,"(R+1, R+45, R+82) vs (L-92, L-44, L-3)"
SAMHD1,0.210664649985327,12.6392365006622,0.507544045160417,0.617384705952867,0.793372861373687,-6.18259211667196,I4-FP2,"(R+1, R+45, R+82) vs (L-92, L-44, L-3)"
CD37,0.0983445826908067,13.5167676247569,0.507414772920118,0.617473746713863,0.793372861373687,-6.18265793028585,I4-FP2,"(R+1, R+45, R+82) vs (L-92, L-44, L-3)"
SIRPA,-0.0698527362753544,17.4551797024334,-0.505616283066076,0.618713147132539,0.794293905102584,-6.18357186389407,I4-FP2,"(R+1, R+45, R+82) vs (L-92, L-44, L-3)"
TIA1,0.126418164286498,10.3873891783876,0.502433340999737,0.620909485015378,0.79644085841635,-6.18518158572255,I4-FP2,"(R+1, R+45, R+82) vs (L-92, L-44, L-3)"
PNP,0.230397014783632,12.9665771095995,0.501058157456424,0.62185953729108,0.796942326222928,-6.18587399982035,I4-FP2,"(R+1, R+45, R+82) vs (L-92, L-44, L-3)"
RAP2B,0.146655661014488,12.3014716345727,0.50021112815685,0.622445049792449,0.796942326222928,-6.18629956472144,I4-FP2,"(R+1, R+45, R+82) vs (L-92, L-44, L-3)"
LGALS1,-0.0742175734878411,14.8856137282178,-0.499268803427969,0.623096738128833,0.796942326222928,-6.18677218371946,I4-FP2,"(R+1, R+45, R+82) vs (L-92, L-44, L-3)"
PRKCB,-0.162250460458551,12.3219361779912,-0.498833849771131,0.623397648604645,0.796942326222928,-6.1869900400108,I4-FP2,"(R+1, R+45, R+82) vs (L-92, L-44, L-3)"
SRI,0.106243016129619,12.6244992698532,0.496702108432387,0.624873412838683,0.797981931788648,-6.18805509488193,I4-FP2,"(R+1, R+45, R+82) vs (L-92, L-44, L-3)"
RPS16,0.145568228242016,13.9709109726123,0.495519033257195,0.625693133730322,0.797981931788648,-6.18864426164685,I4-FP2,"(R+1, R+45, R+82) vs (L-92, L-44, L-3)"
UBE2O,-0.251757198254683,12.8215624319362,-0.495385292173097,0.625785830718466,0.797981931788648,-6.18871077802759,I4-FP2,"(R+1, R+45, R+82) vs (L-92, L-44, L-3)"
RPL27A,0.184749639068714,13.1270698446296,0.494043815961824,0.62671597068996,0.798498135330041,-6.18937699554671,I4-FP2,"(R+1, R+45, R+82) vs (L-92, L-44, L-3)"
PRKCSH,-0.0799908521532639,12.7697127246585,-0.491847802333727,0.62824000232764,0.799166048797796,-6.19046380071815,I4-FP2,"(R+1, R+45, R+82) vs (L-92, L-44, L-3)"
AGRN,0.0884990247551975,10.9270548985974,0.491773311150967,0.628291729153531,0.799166048797796,-6.19050058355871,I4-FP2,"(R+1, R+45, R+82) vs (L-92, L-44, L-3)"
CD99,-0.0919470249877196,12.7489623395463,-0.490548522698464,0.629142506543342,0.799503161274656,-6.19110459021544,I4-FP2,"(R+1, R+45, R+82) vs (L-92, L-44, L-3)"
C6orf201,0.0797439730038007,21.5303181589818,0.489007713491858,0.630213555759875,0.799503161274656,-6.19186235681179,I4-FP2,"(R+1, R+45, R+82) vs (L-92, L-44, L-3)"
RPL5,-0.15072790953835,12.5425992060962,-0.488378764008093,0.630650992864839,0.799503161274656,-6.19217100454746,I4-FP2,"(R+1, R+45, R+82) vs (L-92, L-44, L-3)"
FMNL1,0.134228063620952,10.8379940130814,0.488364784372432,0.630660717347574,0.799503161274656,-6.192177860447,I4-FP2,"(R+1, R+45, R+82) vs (L-92, L-44, L-3)"
GMFG,-0.0880045757898031,12.933679862713,-0.480510046548514,0.63613546741426,0.804934697935058,-6.19599970309118,I4-FP2,"(R+1, R+45, R+82) vs (L-92, L-44, L-3)"
PPID,0.135800387280992,11.8741307530254,0.479653435751854,0.636733829720644,0.804934697935058,-6.19641284249843,I4-FP2,"(R+1, R+45, R+82) vs (L-92, L-44, L-3)"
PAK2,0.0832670183585975,11.3569856260908,0.479403391883503,0.63690853926751,0.804934697935058,-6.19653330180131,I4-FP2,"(R+1, R+45, R+82) vs (L-92, L-44, L-3)"
CTRC,-0.0911429251000885,12.2446333268064,-0.47918171230638,0.637063448431496,0.804934697935058,-6.19664004524822,I4-FP2,"(R+1, R+45, R+82) vs (L-92, L-44, L-3)"
DCN,-0.0812450843415408,13.9019761639757,-0.475339879916572,0.639750821254739,0.807032517668532,-6.19848231194947,I4-FP2,"(R+1, R+45, R+82) vs (L-92, L-44, L-3)"
PMPCB,0.2020964747686,14.1368926568562,0.475290141088607,0.639785647230645,0.807032517668532,-6.19850606815226,I4-FP2,"(R+1, R+45, R+82) vs (L-92, L-44, L-3)"
RAB21,0.101909247511642,12.1419313919008,0.474030702782655,0.640667761568994,0.807475122375515,-6.19910679050738,I4-FP2,"(R+1, R+45, R+82) vs (L-92, L-44, L-3)"
MASP1.1,-0.107031429871831,14.9202267404503,-0.471023185030333,0.642776447510766,0.809226737692043,-6.20053500653782,I4-FP2,"(R+1, R+45, R+82) vs (L-92, L-44, L-3)"
EPHA4,0.344362307010182,15.0709024129948,0.4694012457927,0.643914941263702,0.809226737692043,-6.2013015496124,I4-FP2,"(R+1, R+45, R+82) vs (L-92, L-44, L-3)"
PDIA6,-0.0751284207268501,13.7030169063036,-0.469026896346096,0.644177837791561,0.809226737692043,-6.20147810351987,I4-FP2,"(R+1, R+45, R+82) vs (L-92, L-44, L-3)"
MST1L,-0.141964143988818,13.2246473194963,-0.468458037939445,0.644577425050717,0.809226737692043,-6.20174612987984,I4-FP2,"(R+1, R+45, R+82) vs (L-92, L-44, L-3)"
CCL23,-0.124021621817547,11.1942587511695,-0.467653301838967,0.645142890525898,0.809226737692043,-6.20212475065749,I4-FP2,"(R+1, R+45, R+82) vs (L-92, L-44, L-3)"
ACTN4,-0.172556539601185,12.1157958574264,-0.467498279045486,0.645251846107076,0.809226737692043,-6.20219761433606,I4-FP2,"(R+1, R+45, R+82) vs (L-92, L-44, L-3)"
SVEP1,-0.0953957185054914,12.0033609985883,-0.464138464700303,0.64761525668056,0.81152117902263,-6.20377098890523,I4-FP2,"(R+1, R+45, R+82) vs (L-92, L-44, L-3)"
ARPC3,-0.093691194531166,12.84749697065,-0.461740980267444,0.649304075637182,0.81241052224378,-6.20488692790415,I4-FP2,"(R+1, R+45, R+82) vs (L-92, L-44, L-3)"
RPL15,-0.175781067488697,12.212246963691,-0.461532422243468,0.649451078630001,0.81241052224378,-6.20498373662735,I4-FP2,"(R+1, R+45, R+82) vs (L-92, L-44, L-3)"
IGLV3-21,0.073212009736828,17.5092751639868,0.460626184040415,0.650090015143921,0.81241052224378,-6.20540389863922,I4-FP2,"(R+1, R+45, R+82) vs (L-92, L-44, L-3)"
ACLY,-0.149760286417381,11.0086721878927,-0.459803652864628,0.650670174700153,0.81241052224378,-6.20578455203657,I4-FP2,"(R+1, R+45, R+82) vs (L-92, L-44, L-3)"
IQGAP2,0.0991864555093151,12.7754793151878,0.458206144608185,0.651797603753472,0.81241052224378,-6.20652195014109,I4-FP2,"(R+1, R+45, R+82) vs (L-92, L-44, L-3)"
ACO1,-0.117862377426696,12.4045821482178,-0.458136509147315,0.651846767975878,0.81241052224378,-6.206554036254,I4-FP2,"(R+1, R+45, R+82) vs (L-92, L-44, L-3)"
DMKN,0.109180348203397,13.2816530378145,0.457825538519603,0.652066340221981,0.81241052224378,-6.20669726477593,I4-FP2,"(R+1, R+45, R+82) vs (L-92, L-44, L-3)"
SPTBN1,0.0796517258816305,15.7319177989732,0.451066835027142,0.656846571560349,0.817270393747661,-6.20978671076949,I4-FP2,"(R+1, R+45, R+82) vs (L-92, L-44, L-3)"
RPS25,0.131053385521214,14.4303649274858,0.44938896643452,0.658035636923659,0.817270393747661,-6.21054670614779,I4-FP2,"(R+1, R+45, R+82) vs (L-92, L-44, L-3)"
PEF1,0.243865532663642,14.2453105241594,0.449073497109958,0.658259306746453,0.817270393747661,-6.21068928916768,I4-FP2,"(R+1, R+45, R+82) vs (L-92, L-44, L-3)"
RPL7,0.161740148485193,12.047109210812,0.448845652222789,0.658420870764816,0.817270393747661,-6.21079220749788,I4-FP2,"(R+1, R+45, R+82) vs (L-92, L-44, L-3)"
RPS18,0.124510140315813,14.9102170410761,0.447884635645093,0.659102513295746,0.817270393747661,-6.21122573923116,I4-FP2,"(R+1, R+45, R+82) vs (L-92, L-44, L-3)"
PAM,-0.078337340605147,14.1661847493603,-0.447756962589615,0.659193093904364,0.817270393747661,-6.21128326635135,I4-FP2,"(R+1, R+45, R+82) vs (L-92, L-44, L-3)"
CRIP1,0.0884792797921552,14.0852265636608,0.443263864134678,0.662384247851638,0.820179841071396,-6.21329754300745,I4-FP2,"(R+1, R+45, R+82) vs (L-92, L-44, L-3)"
COL1A2,-0.112845850096128,14.9275941043762,-0.442933737452626,0.662618976865575,0.820179841071396,-6.21344475552219,I4-FP2,"(R+1, R+45, R+82) vs (L-92, L-44, L-3)"
APMAP,-0.0688571757832683,11.8917175318683,-0.441884881582748,0.663364978639345,0.8204351241105,-6.2139117559708,I4-FP2,"(R+1, R+45, R+82) vs (L-92, L-44, L-3)"
SNRPD1,0.1362922182395,12.3529354133749,0.43943907698449,0.665105960699745,0.821337227219492,-6.21499652973198,I4-FP2,"(R+1, R+45, R+82) vs (L-92, L-44, L-3)"
SERPINA11,0.0800151851217521,12.8009867492043,0.439342027096356,0.665175083359996,0.821337227219492,-6.21503945200735,I4-FP2,"(R+1, R+45, R+82) vs (L-92, L-44, L-3)"
IGLC7,0.0929293887469775,12.4564995547001,0.435785210917466,0.667710495741235,0.823798663576848,-6.2166061147102,I4-FP2,"(R+1, R+45, R+82) vs (L-92, L-44, L-3)"
PGK1,0.0755459522745525,14.6165440502833,0.434631223926071,0.668533975169266,0.824145695261383,-6.21711172638342,I4-FP2,"(R+1, R+45, R+82) vs (L-92, L-44, L-3)"
RPS23,0.171384480532855,12.2419482934124,0.43240471130812,0.67012401773977,0.825107847059714,-6.21808354295924,I4-FP2,"(R+1, R+45, R+82) vs (L-92, L-44, L-3)"
GMPPA,0.137658134897636,10.4748273898087,0.431087327486037,0.671065565698408,0.825107847059714,-6.2186562429177,I4-FP2,"(R+1, R+45, R+82) vs (L-92, L-44, L-3)"
DSC1,-0.102228981250233,15.2328629694821,-0.430135423699035,0.671746247783577,0.825107847059714,-6.21906899285206,I4-FP2,"(R+1, R+45, R+82) vs (L-92, L-44, L-3)"
RPL17,0.147304692516542,11.8990860278176,0.430126091576605,0.671752922382957,0.825107847059714,-6.21907303487414,I4-FP2,"(R+1, R+45, R+82) vs (L-92, L-44, L-3)"
HARS1,-0.116857206093566,12.5967082517131,-0.429740646435983,0.672028628065741,0.825107847059714,-6.21923990757483,I4-FP2,"(R+1, R+45, R+82) vs (L-92, L-44, L-3)"
ERP29,-0.0872671836484979,13.4106036066356,-0.42675640688478,0.674164835867743,0.826644089650063,-6.22052692239365,I4-FP2,"(R+1, R+45, R+82) vs (L-92, L-44, L-3)"
RAB10,0.109105559910808,13.9301375581034,0.425271250745843,0.675229012067521,0.826644089650063,-6.22116414725457,I4-FP2,"(R+1, R+45, R+82) vs (L-92, L-44, L-3)"
WFDC5,-0.0885265676075537,12.7298571475084,-0.424769224630098,0.675588893063156,0.826644089650063,-6.22137905487834,I4-FP2,"(R+1, R+45, R+82) vs (L-92, L-44, L-3)"
DNAJB11,-0.0804709135819834,10.9161474073552,-0.424742947446635,0.675607732250463,0.826644089650063,-6.22139029676932,I4-FP2,"(R+1, R+45, R+82) vs (L-92, L-44, L-3)"
LIFR,-0.0610797789985788,16.2836202425472,-0.424197157009969,0.675999081207256,0.826644089650063,-6.22162364224044,I4-FP2,"(R+1, R+45, R+82) vs (L-92, L-44, L-3)"
LBP,0.0646615622741713,21.2227126050213,0.422757805241502,0.677031594017892,0.826750924447854,-6.22223760575272,I4-FP2,"(R+1, R+45, R+82) vs (L-92, L-44, L-3)"
C1QC,-0.0545925103198108,22.9602533408323,-0.422558973025533,0.677174276932617,0.826750924447854,-6.22232225773267,I4-FP2,"(R+1, R+45, R+82) vs (L-92, L-44, L-3)"
CLU,-0.0684475897872793,22.287235163477,-0.421586138539566,0.67787256729261,0.826939247419557,-6.222735874425,I4-FP2,"(R+1, R+45, R+82) vs (L-92, L-44, L-3)"
PDCD10,0.0975603216513913,13.2792433381664,0.418428335217977,0.680141257783561,0.829041468990387,-6.22407201716314,I4-FP2,"(R+1, R+45, R+82) vs (L-92, L-44, L-3)"
ATP6AP2,0.0895962721079808,15.1728979541293,0.416817327321662,0.681299873909242,0.829312565145311,-6.22474987374846,I4-FP2,"(R+1, R+45, R+82) vs (L-92, L-44, L-3)"
DMBT1,-0.163293132411444,11.77034950348,-0.415193877105821,0.682468258297984,0.829312565145311,-6.22543036784568,I4-FP2,"(R+1, R+45, R+82) vs (L-92, L-44, L-3)"
SERPIND1,0.0526150312153852,18.8671614340672,0.415145831514875,0.682502848846172,0.829312565145311,-6.22545046715723,I4-FP2,"(R+1, R+45, R+82) vs (L-92, L-44, L-3)"
IGHV4-28,0.0578416159928423,16.2983300571838,0.41508580634993,0.682546065129463,0.829312565145311,-6.22547557477363,I4-FP2,"(R+1, R+45, R+82) vs (L-92, L-44, L-3)"
IGHV3-30-5,0.0598701593110746,19.5398952211414,0.412829501985816,0.68417134746992,0.830034391143581,-6.22641676625482,I4-FP2,"(R+1, R+45, R+82) vs (L-92, L-44, L-3)"
IGHV2-26,0.0765100217052712,13.8017973439823,0.412744930608239,0.684232297436123,0.830034391143581,-6.22645194625228,I4-FP2,"(R+1, R+45, R+82) vs (L-92, L-44, L-3)"
CDV3,0.0723504750641037,12.9104230410994,0.410359289381552,0.685952522989753,0.831457603623943,-6.22744140791662,I4-FP2,"(R+1, R+45, R+82) vs (L-92, L-44, L-3)"
FDPS,-0.0923606451007348,13.5240528713588,-0.409581031843999,0.686514084896417,0.831475226328728,-6.22776297665937,I4-FP2,"(R+1, R+45, R+82) vs (L-92, L-44, L-3)"
CFHR3,0.0672043380927824,17.3520745668049,0.407608158552305,0.687938472401977,0.832475726768101,-6.22857546164391,I4-FP2,"(R+1, R+45, R+82) vs (L-92, L-44, L-3)"
LPA,0.15881582236425,17.1833057311375,0.406920104836334,0.688435518781252,0.832475726768101,-6.22885791481601,I4-FP2,"(R+1, R+45, R+82) vs (L-92, L-44, L-3)"
CTPS1,0.0778896500544554,12.0500358363943,0.406069783205265,0.68904998696151,0.832556423037755,-6.2292063326625,I4-FP2,"(R+1, R+45, R+82) vs (L-92, L-44, L-3)"
PCBP2,0.0879373312798783,14.2339444587978,0.404091085997427,0.690480708722454,0.833353775763431,-6.23001432717607,I4-FP2,"(R+1, R+45, R+82) vs (L-92, L-44, L-3)"
IGHV1-45,-0.0929181030487704,14.7752794876158,-0.403640856654492,0.690806419382844,0.833353775763431,-6.23019763498531,I4-FP2,"(R+1, R+45, R+82) vs (L-92, L-44, L-3)"
NPM1,0.115792109621233,12.0321727306333,0.40257017055831,0.691581236443688,0.833626867085175,-6.23063275053152,I4-FP2,"(R+1, R+45, R+82) vs (L-92, L-44, L-3)"
ABI1,0.143962151612024,12.1907711059425,0.40125496362935,0.692533480758503,0.834113225636232,-6.23116568150239,I4-FP2,"(R+1, R+45, R+82) vs (L-92, L-44, L-3)"
COL4A1,-0.110252272279737,12.8354549283092,-0.399375866791127,0.693894904645408,0.834974238975403,-6.23192412906063,I4-FP2,"(R+1, R+45, R+82) vs (L-92, L-44, L-3)"
ESD,0.0751211551627228,15.3117170734754,0.398752191989547,0.694346998726914,0.834974238975403,-6.23217508493786,I4-FP2,"(R+1, R+45, R+82) vs (L-92, L-44, L-3)"
SNED1,-0.0617319097150605,12.0792250108282,-0.393637748300254,0.69805880239228,0.838774213151198,-6.23421849303305,I4-FP2,"(R+1, R+45, R+82) vs (L-92, L-44, L-3)"
ESM1,0.0951919682554134,11.2187771603428,0.392742695507632,0.69870919036063,0.838892550827929,-6.23457343110982,I4-FP2,"(R+1, R+45, R+82) vs (L-92, L-44, L-3)"
RPS19,0.111531423169434,13.782624764932,0.391118890800715,0.699889732353338,0.839281009754041,-6.23521533002387,I4-FP2,"(R+1, R+45, R+82) vs (L-92, L-44, L-3)"
DNAJA1,-0.126485029742703,9.94223496341251,-0.390778844189504,0.700137052873765,0.839281009754041,-6.23534942088274,I4-FP2,"(R+1, R+45, R+82) vs (L-92, L-44, L-3)"
GALNT2,-0.0531725295596405,12.0487246971734,-0.388258234607585,0.701971393144469,0.840816798723083,-6.23633979561437,I4-FP2,"(R+1, R+45, R+82) vs (L-92, L-44, L-3)"
MST1,0.0591623473043974,17.1788488555319,0.38539212099866,0.704059444058828,0.842653822810566,-6.23745825699637,I4-FP2,"(R+1, R+45, R+82) vs (L-92, L-44, L-3)"
RHOA,0.0864849896885306,15.9868922186932,0.383913072470848,0.705137918118168,0.843280594445016,-6.23803224351072,I4-FP2,"(R+1, R+45, R+82) vs (L-92, L-44, L-3)"
FAM3C,0.139255246873799,10.9799384580332,0.382072474533402,0.70648091408448,0.844222475950008,-6.23874350413332,I4-FP2,"(R+1, R+45, R+82) vs (L-92, L-44, L-3)"
MYH14,-0.0550486324739836,17.7380613232593,-0.377961433696216,0.709484095338058,0.846571364779279,-6.24031997166065,I4-FP2,"(R+1, R+45, R+82) vs (L-92, L-44, L-3)"
HPR,-0.0540499994009771,18.2992196748229,-0.377856968008006,0.709560472847895,0.846571364779279,-6.24035981240479,I4-FP2,"(R+1, R+45, R+82) vs (L-92, L-44, L-3)"
SERPINA1,-0.0528704980683691,20.1185554341835,-0.375941946612225,0.710961149928305,0.847577214032176,-6.2410882336082,I4-FP2,"(R+1, R+45, R+82) vs (L-92, L-44, L-3)"
C8A,-0.0531096696124961,19.3288140624675,-0.37370131630072,0.712601318050921,0.848866773853762,-6.24193587749091,I4-FP2,"(R+1, R+45, R+82) vs (L-92, L-44, L-3)"
PRKACB,0.0745661759480036,14.2647451297177,0.37074164526757,0.71477002839965,0.850783432394259,-6.24304788353559,I4-FP2,"(R+1, R+45, R+82) vs (L-92, L-44, L-3)"
GSR,0.0889249087790524,11.2415734773622,0.367080282616509,0.717456341512326,0.852584457472045,-6.24441146717446,I4-FP2,"(R+1, R+45, R+82) vs (L-92, L-44, L-3)"
IGLV3-10,-0.053522670841442,17.1896844765869,-0.367027499983608,0.71749509535879,0.852584457472045,-6.24443102718998,I4-FP2,"(R+1, R+45, R+82) vs (L-92, L-44, L-3)"
DAZAP1,-0.0705295772067504,12.8301150552186,-0.366386406438335,0.717965858923828,0.852584457472045,-6.24466838011598,I4-FP2,"(R+1, R+45, R+82) vs (L-92, L-44, L-3)"
TGFB1I1,0.110165329606475,10.4310537613151,0.364955188402061,0.719017237591044,0.8531664333633,-6.24519678545159,I4-FP2,"(R+1, R+45, R+82) vs (L-92, L-44, L-3)"
VPS4B,0.0815452592621568,12.5877496553211,0.359734852911159,0.722856961797344,0.857053496046773,-6.24710684187306,I4-FP2,"(R+1, R+45, R+82) vs (L-92, L-44, L-3)"
PLTP,0.0573842333297882,16.8286786219357,0.358259757971748,0.723943310568704,0.857672511351856,-6.24764164157799,I4-FP2,"(R+1, R+45, R+82) vs (L-92, L-44, L-3)"
ALB,0.200214399691391,14.4732224118907,0.355899576223341,0.725682736475686,0.858805049984772,-6.24849282169115,I4-FP2,"(R+1, R+45, R+82) vs (L-92, L-44, L-3)"
IPO4,-0.0727368987623471,17.2975530626478,-0.354604223045379,0.726638045462308,0.858805049984772,-6.24895762032734,I4-FP2,"(R+1, R+45, R+82) vs (L-92, L-44, L-3)"
MAN1C1,0.0600776864181291,16.7590096164382,0.35423745620807,0.726908615340045,0.858805049984772,-6.24908891975787,I4-FP2,"(R+1, R+45, R+82) vs (L-92, L-44, L-3)"
CBX3,-0.109435571478288,10.7410565149855,-0.353590186112334,0.727386206561063,0.858805049984772,-6.24932030981044,I4-FP2,"(R+1, R+45, R+82) vs (L-92, L-44, L-3)"
PGD,-0.0573142727504603,13.3806370841871,-0.352785070133684,0.727980424335676,0.858805049984772,-6.24960754464646,I4-FP2,"(R+1, R+45, R+82) vs (L-92, L-44, L-3)"
STX7,0.0826101690722129,11.3871019665026,0.351685954747401,0.728791913511699,0.858805049984772,-6.24999862385988,I4-FP2,"(R+1, R+45, R+82) vs (L-92, L-44, L-3)"
IGKV2-40,-0.117834353588188,11.8601482484053,-0.351601493386252,0.72885428584234,0.858805049984772,-6.25002862644257,I4-FP2,"(R+1, R+45, R+82) vs (L-92, L-44, L-3)"
PPP1CA,0.0648617598423744,13.4308047870036,0.347598393955873,0.73181267251994,0.861396377531103,-6.25144245782567,I4-FP2,"(R+1, R+45, R+82) vs (L-92, L-44, L-3)"
GIPC3,0.0740522890371409,16.5531925643426,0.347025781841353,0.732236199280714,0.861396377531103,-6.2516433885363,I4-FP2,"(R+1, R+45, R+82) vs (L-92, L-44, L-3)"
C4BPB,0.0557928910404541,19.8037254609377,0.345964964814114,0.733021054004673,0.861396377531103,-6.25201476687704,I4-FP2,"(R+1, R+45, R+82) vs (L-92, L-44, L-3)"
KLK14,-0.0685616321075244,10.8862720931202,-0.345560557961562,0.733320337187662,0.861396377531103,-6.25215604886716,I4-FP2,"(R+1, R+45, R+82) vs (L-92, L-44, L-3)"
RPS11,0.175141449656898,11.4656228971982,0.343620037536105,0.7347570352583,0.862417524009742,-6.2528317109661,I4-FP2,"(R+1, R+45, R+82) vs (L-92, L-44, L-3)"
PLEKHO2,0.153248874047692,11.3254282006751,0.341286555423508,0.736485994225363,0.862877683565334,-6.25363921962879,I4-FP2,"(R+1, R+45, R+82) vs (L-92, L-44, L-3)"
HNRNPH1,-0.0832387874119149,12.6322478551722,-0.341011635842635,0.736689786708824,0.862877683565334,-6.25373399846628,I4-FP2,"(R+1, R+45, R+82) vs (L-92, L-44, L-3)"
SSC5D,0.0907261063323012,14.9249993068635,0.340792655044886,0.73685212714987,0.862877683565334,-6.25380943835571,I4-FP2,"(R+1, R+45, R+82) vs (L-92, L-44, L-3)"
PBXIP1,-0.0711057144751023,16.2563699509675,-0.338684481517363,0.738415658481776,0.864042956807005,-6.25453326456251,I4-FP2,"(R+1, R+45, R+82) vs (L-92, L-44, L-3)"
PTPRC,-0.0407597860111241,12.7264135278688,-0.337830089249111,0.739049652828761,0.864119594076705,-6.25482535020825,I4-FP2,"(R+1, R+45, R+82) vs (L-92, L-44, L-3)"
NUP107,-0.0719223599028975,13.3905860420592,-0.335741931207093,0.740599956053596,0.865266666565308,-6.25553614708948,I4-FP2,"(R+1, R+45, R+82) vs (L-92, L-44, L-3)"
ST6GAL1,-0.0520994851496006,15.9862775206719,-0.334446712955559,0.741562131127937,0.865725375817561,-6.25597484317451,I4-FP2,"(R+1, R+45, R+82) vs (L-92, L-44, L-3)"
GDF2,0.0783944369313562,11.1917106045838,0.333214070208876,0.742478225387015,0.865805392232759,-6.25639078815233,I4-FP2,"(R+1, R+45, R+82) vs (L-92, L-44, L-3)"
QSOX1,-0.0469975580326611,17.732697266647,-0.332821735644093,0.742769889125998,0.865805392232759,-6.25652285966735,I4-FP2,"(R+1, R+45, R+82) vs (L-92, L-44, L-3)"
CLINT1,0.0745884185806264,12.5932540436501,0.331753441288594,0.74356426676313,0.866067191938665,-6.25688169979744,I4-FP2,"(R+1, R+45, R+82) vs (L-92, L-44, L-3)"
VIM,0.0945853703762349,13.6321199239444,0.330447598128961,0.744535683844348,0.866534639696331,-6.25731878346442,I4-FP2,"(R+1, R+45, R+82) vs (L-92, L-44, L-3)"
CON_sp|ANXA5_HUMAN|,0.069194107940822,14.582135922029,0.329228737120199,0.745442790162927,0.866926580755662,-6.257725215186,I4-FP2,"(R+1, R+45, R+82) vs (L-92, L-44, L-3)"
PCSK1N,-0.109468300343317,13.1408153631094,-0.325166304001378,0.74846889262743,0.868402312696134,-6.25906911766539,I4-FP2,"(R+1, R+45, R+82) vs (L-92, L-44, L-3)"
CD9,0.0900023167373706,14.8999245181814,0.324612310324682,0.748881886879699,0.868402312696134,-6.25925110693115,I4-FP2,"(R+1, R+45, R+82) vs (L-92, L-44, L-3)"
RPL19,-0.130127852234966,12.6079742094814,-0.324532885349758,0.748941103411128,0.868402312696134,-6.25927717321521,I4-FP2,"(R+1, R+45, R+82) vs (L-92, L-44, L-3)"
IGHV3-15,-0.0621846016948275,17.1186920320565,-0.324457922363384,0.748996994700415,0.868402312696134,-6.25930176934323,I4-FP2,"(R+1, R+45, R+82) vs (L-92, L-44, L-3)"
ADA,-0.0420837914172871,16.2471418341912,-0.321939784707017,0.750875304269025,0.869842822842161,-6.26012473079024,I4-FP2,"(R+1, R+45, R+82) vs (L-92, L-44, L-3)"
CAP1,0.0735620463478845,18.6472134593525,0.321035197055498,0.75155043646917,0.869842822842161,-6.2604188137427,I4-FP2,"(R+1, R+45, R+82) vs (L-92, L-44, L-3)"
DOK1,-0.0705402370142156,13.3421620458624,-0.320491619977056,0.751956229746447,0.869842822842161,-6.260595137795,I4-FP2,"(R+1, R+45, R+82) vs (L-92, L-44, L-3)"
IGFBP5,0.0424524418426273,19.0791073745083,0.318963632443716,0.75309730437288,0.870500306195268,-6.26108919873876,I4-FP2,"(R+1, R+45, R+82) vs (L-92, L-44, L-3)"
IGKV1D-37,0.179787531397442,14.2735085907426,0.311952990802562,0.758340145645137,0.875894393146359,-6.26332607096024,I4-FP2,"(R+1, R+45, R+82) vs (L-92, L-44, L-3)"
NMT1,0.0983514573865349,11.43212554182,0.304649937468613,0.763814422190125,0.881338276468966,-6.26560390535069,I4-FP2,"(R+1, R+45, R+82) vs (L-92, L-44, L-3)"
NRP1,-0.0521097434395922,12.5320057775897,-0.303308313459512,0.764821480990886,0.881338276468966,-6.2660165504121,I4-FP2,"(R+1, R+45, R+82) vs (L-92, L-44, L-3)"
PAK1,-0.102225710724233,10.6291051051427,-0.302886079654826,0.765138509710183,0.881338276468966,-6.26614604424195,I4-FP2,"(R+1, R+45, R+82) vs (L-92, L-44, L-3)"
C8B,-0.0462192268600141,19.5665844028068,-0.302574191897324,0.765372713775681,0.881338276468966,-6.26624158158425,I4-FP2,"(R+1, R+45, R+82) vs (L-92, L-44, L-3)"
C4BPA,0.0481603275211632,22.1869437086898,0.299073926513119,0.768002728040467,0.883471792914773,-6.26730709420123,I4-FP2,"(R+1, R+45, R+82) vs (L-92, L-44, L-3)"
IGKV6-21,0.0540007912224425,12.9768120264706,0.298471521251239,0.768455652115567,0.883471792914773,-6.26748923304479,I4-FP2,"(R+1, R+45, R+82) vs (L-92, L-44, L-3)"
DEFA5,0.0644496253328927,11.9640538020225,0.297788622871045,0.768969198701477,0.883471792914773,-6.26769526917918,I4-FP2,"(R+1, R+45, R+82) vs (L-92, L-44, L-3)"
MYH11,-0.0877936267976515,13.2106509401461,-0.295115058349383,0.770980795515514,0.885113904217206,-6.26849740668254,I4-FP2,"(R+1, R+45, R+82) vs (L-92, L-44, L-3)"
EIF5,-0.099211059659602,15.5468923681102,-0.293049519006149,0.772536050503627,0.886230035294727,-6.26911221244783,I4-FP2,"(R+1, R+45, R+82) vs (L-92, L-44, L-3)"
ANXA2.1,0.0643377228587152,11.9177688835085,0.2918969301303,0.773404324864805,0.886556993811843,-6.26945341906121,I4-FP2,"(R+1, R+45, R+82) vs (L-92, L-44, L-3)"
HP,-0.0379663254481776,18.5443116723063,-0.290529622598361,0.7744347484639,0.887069191910421,-6.269856461587,I4-FP2,"(R+1, R+45, R+82) vs (L-92, L-44, L-3)"
RECK,-0.0388630769205544,15.0111781248622,-0.289336578746819,0.775334194268531,0.887430704283259,-6.27020660381689,I4-FP2,"(R+1, R+45, R+82) vs (L-92, L-44, L-3)"
SERPINA7,-0.0362796590063663,13.3995014781887,-0.284987678000662,0.77861560849257,0.890484934658377,-6.27147085373957,I4-FP2,"(R+1, R+45, R+82) vs (L-92, L-44, L-3)"
OIT3,0.0662557386282465,12.3334428970662,0.28386655533291,0.77946223167486,0.890484934658377,-6.27179369258852,I4-FP2,"(R+1, R+45, R+82) vs (L-92, L-44, L-3)"
DYNLL1,0.0515020988608512,11.5560631494811,0.283472114761457,0.779760163177829,0.890484934658377,-6.27190697574732,I4-FP2,"(R+1, R+45, R+82) vs (L-92, L-44, L-3)"
BANF1,0.0417594685305235,12.3511298453659,0.278849206594044,0.783254555772611,0.893545276126114,-6.27322302779745,I4-FP2,"(R+1, R+45, R+82) vs (L-92, L-44, L-3)"
IGHV1-18,0.0474270803351934,17.0687536988832,0.278371797290701,0.783615692813231,0.893545276126114,-6.27335771426006,I4-FP2,"(R+1, R+45, R+82) vs (L-92, L-44, L-3)"
ADAMDEC1,0.0570045490776678,15.4163036248785,0.276887882311026,0.784738523038352,0.8941548388443,-6.27377489384753,I4-FP2,"(R+1, R+45, R+82) vs (L-92, L-44, L-3)"
PLIN3,0.0558799542828598,11.1698135624963,0.274466015892593,0.786572106765563,0.895572735793001,-6.2744510124744,I4-FP2,"(R+1, R+45, R+82) vs (L-92, L-44, L-3)"
IGLV3-25,-0.0356011624797325,16.0514978399298,-0.270114523760986,0.789869800241772,0.897736099457147,-6.27565102121798,I4-FP2,"(R+1, R+45, R+82) vs (L-92, L-44, L-3)"
EFEMP1,0.0729999622449444,13.6372285016048,0.269961302831897,0.789985990074447,0.897736099457147,-6.27569292802829,I4-FP2,"(R+1, R+45, R+82) vs (L-92, L-44, L-3)"
RPS13,0.0897535716190613,13.5370835350461,0.269621067474219,0.790244013864252,0.897736099457147,-6.27578589998649,I4-FP2,"(R+1, R+45, R+82) vs (L-92, L-44, L-3)"
COL5A1,0.0448276528076707,15.6338904976584,0.267816101216916,0.791613257159326,0.898619978254052,-6.27627717490585,I4-FP2,"(R+1, R+45, R+82) vs (L-92, L-44, L-3)"
PPP5C,0.0830826318285513,13.8242023932073,0.266261638363532,0.792793024716226,0.899287610125868,-6.27669764291377,I4-FP2,"(R+1, R+45, R+82) vs (L-92, L-44, L-3)"
MDK,0.0808038196666594,10.9664997999391,0.262983209162306,0.795282878241885,0.901439205762614,-6.27757646212945,I4-FP2,"(R+1, R+45, R+82) vs (L-92, L-44, L-3)"
"coy_tr|A0A0B4J269|A0A0B4J269_HUMAN readthrough, G_PROTEIN_RECEP_F1_2 domain-containing protein OS=Homo sapiens OX=9606",0.200459213200737,20.2670520403436,0.260732521447234,0.796993500821133,0.902419128803053,-6.27817352608887,I4-FP2,"(R+1, R+45, R+82) vs (L-92, L-44, L-3)"
MYLK,0.0648551982671747,13.6366007867165,0.260283640813996,0.797334796041118,0.902419128803053,-6.27829199598628,I4-FP2,"(R+1, R+45, R+82) vs (L-92, L-44, L-3)"
TPM3,0.0622979428632088,12.8835879708225,0.256155415917371,0.800475538220971,0.905063028730082,-6.27937202418138,I4-FP2,"(R+1, R+45, R+82) vs (L-92, L-44, L-3)"
FAM114A1,0.0518178476332735,15.9698753407769,0.25564816660834,0.8008616931855,0.905063028730082,-6.2795035480151,I4-FP2,"(R+1, R+45, R+82) vs (L-92, L-44, L-3)"
CON_sp|LYSC_LYSEN|,-0.0381927084514011,20.7103323537937,-0.253312249488409,0.802640637971719,0.906399531736265,-6.28010588214108,I4-FP2,"(R+1, R+45, R+82) vs (L-92, L-44, L-3)"
PRKCD,0.0523848179434196,13.7121651642451,0.251864468216147,0.803743766667621,0.906971436774153,-6.28047644680368,I4-FP2,"(R+1, R+45, R+82) vs (L-92, L-44, L-3)"
OAF,0.0418403767559603,12.9888879816869,0.251046512706743,0.804367189608783,0.907001578787352,-6.28068487258017,I4-FP2,"(R+1, R+45, R+82) vs (L-92, L-44, L-3)"
TCN2,0.0443528837898181,14.8962077429607,0.250035913261324,0.80513762551558,0.907197324524598,-6.28094145637303,I4-FP2,"(R+1, R+45, R+82) vs (L-92, L-44, L-3)"
PTGDS,0.0650064259100577,11.6205695999428,0.24784513007868,0.806808479915681,0.908406584793952,-6.28149414944841,I4-FP2,"(R+1, R+45, R+82) vs (L-92, L-44, L-3)"
CCL21,-0.035004313827855,14.6066980236366,-0.244840534422581,0.809101552296009,0.91031410769055,-6.28224429240789,I4-FP2,"(R+1, R+45, R+82) vs (L-92, L-44, L-3)"
PLXDC2,-0.0389351018245136,14.7494146164058,-0.242865548206531,0.810609802754025,0.911336464634703,-6.28273242512919,I4-FP2,"(R+1, R+45, R+82) vs (L-92, L-44, L-3)"
ANXA2,0.0686432769736047,11.2271101676891,0.238336805592007,0.814071149119379,0.914506774315616,-6.28383690184194,I4-FP2,"(R+1, R+45, R+82) vs (L-92, L-44, L-3)"
SOST,0.0419056274171563,11.9819613943048,0.237602168032866,0.814633008173253,0.914506774315616,-6.28401411834023,I4-FP2,"(R+1, R+45, R+82) vs (L-92, L-44, L-3)"
APOC4-APOC2,-0.0324538950412822,21.5688375228798,-0.234597290483013,0.816932238706728,0.915401271425384,-6.2847333221826,I4-FP2,"(R+1, R+45, R+82) vs (L-92, L-44, L-3)"
IGDCC4,0.0467145492104172,14.9223489296655,0.234194069638228,0.817240899351318,0.915401271425384,-6.28482913872113,I4-FP2,"(R+1, R+45, R+82) vs (L-92, L-44, L-3)"
WNK1,-0.0578807586450853,11.9421375820544,-0.234113326750606,0.817302710719495,0.915401271425384,-6.28484830579253,I4-FP2,"(R+1, R+45, R+82) vs (L-92, L-44, L-3)"
DOK3,0.067276290136446,13.3566829193858,0.23340657605507,0.81784380410967,0.915401271425384,-6.28501579659982,I4-FP2,"(R+1, R+45, R+82) vs (L-92, L-44, L-3)"
CON_sp|HBA_HUMAN|,0.0577018115289966,18.3301442314298,0.232626681912745,0.818441005175722,0.915401271425384,-6.28520003707161,I4-FP2,"(R+1, R+45, R+82) vs (L-92, L-44, L-3)"
CALHM5,-0.0461402861242525,15.3352394522769,-0.231132009335641,0.819585862160265,0.915421681659764,-6.28555142151954,I4-FP2,"(R+1, R+45, R+82) vs (L-92, L-44, L-3)"
USP15,0.033275017935642,14.2788798538413,0.230782643315838,0.819853521842937,0.915421681659764,-6.28563322964948,I4-FP2,"(R+1, R+45, R+82) vs (L-92, L-44, L-3)"
AP3M1,0.0949834388526564,10.5176415372863,0.230244300056363,0.820266006855657,0.915421681659764,-6.28575904808458,I4-FP2,"(R+1, R+45, R+82) vs (L-92, L-44, L-3)"
DCD,0.0552789708918251,14.5817008142828,0.22804229029884,0.821953769396382,0.916632229994498,-6.28627064661702,I4-FP2,"(R+1, R+45, R+82) vs (L-92, L-44, L-3)"
GNB2,0.045923415825813,13.0167838524621,0.216630766195623,0.830714347426744,0.924472116261194,-6.28884356567968,I4-FP2,"(R+1, R+45, R+82) vs (L-92, L-44, L-3)"
CD44,-0.0402627534060684,12.844480873664,-0.215985059628217,0.831210743601144,0.924472116261194,-6.28898522324559,I4-FP2,"(R+1, R+45, R+82) vs (L-92, L-44, L-3)"
CAPNS1,0.0250131570407461,17.2266969977057,0.215630564477071,0.83148329769422,0.924472116261194,-6.28906281481079,I4-FP2,"(R+1, R+45, R+82) vs (L-92, L-44, L-3)"
IGHV3-35,0.0348332587311936,16.8986594313367,0.214540314240554,0.832321674819783,0.924472116261194,-6.28930065283229,I4-FP2,"(R+1, R+45, R+82) vs (L-92, L-44, L-3)"
PYHIN1,0.0824617524905697,11.0433682559728,0.214314223487292,0.8324955591276,0.924472116261194,-6.28934982431402,I4-FP2,"(R+1, R+45, R+82) vs (L-92, L-44, L-3)"
PROS1,-0.0332972896613057,20.7902930287371,-0.214135382966212,0.83263310997472,0.924472116261194,-6.28938868300101,I4-FP2,"(R+1, R+45, R+82) vs (L-92, L-44, L-3)"
EHD4,-0.0690623876752276,11.2464337514751,-0.211480806196089,0.834675460114109,0.926063284214194,-6.28996167626202,I4-FP2,"(R+1, R+45, R+82) vs (L-92, L-44, L-3)"
ABRACL,0.0470448740996278,10.8791462889255,0.209977717886819,0.835832424239311,0.926670521403175,-6.29028296489364,I4-FP2,"(R+1, R+45, R+82) vs (L-92, L-44, L-3)"
EEF1A1,0.0435305127982239,16.6045167727721,0.208755104578522,0.836773782297596,0.927038009542527,-6.2905426189388,I4-FP2,"(R+1, R+45, R+82) vs (L-92, L-44, L-3)"
VIL1,-0.045404833568277,12.5108994805207,-0.206352267728056,0.838624592826295,0.92839075757878,-6.29104852602736,I4-FP2,"(R+1, R+45, R+82) vs (L-92, L-44, L-3)"
SYK,0.0483531933116214,13.3949216916248,0.204943302767114,0.839710311241323,0.92839075757878,-6.29134246562044,I4-FP2,"(R+1, R+45, R+82) vs (L-92, L-44, L-3)"
MGAT2,-0.066346335025031,11.3059321299421,-0.204791683339971,0.839827165572909,0.92839075757878,-6.29137397711617,I4-FP2,"(R+1, R+45, R+82) vs (L-92, L-44, L-3)"
PLXNB1,-0.044722750232939,11.621124596452,-0.20229896636988,0.84174886627117,0.929608823049528,-6.29188871649208,I4-FP2,"(R+1, R+45, R+82) vs (L-92, L-44, L-3)"
APOH,0.0257872354319914,21.9324943077936,0.201605292820492,0.842283818604689,0.929608823049528,-6.29203084182771,I4-FP2,"(R+1, R+45, R+82) vs (L-92, L-44, L-3)"
P4HB,-0.029115281925204,11.6397719128854,-0.200983001951585,0.842763788264638,0.929608823049528,-6.29215792806127,I4-FP2,"(R+1, R+45, R+82) vs (L-92, L-44, L-3)"
CST2,-0.0369822821550851,13.6268886023451,-0.199886782088254,0.843609449833534,0.929866833754149,-6.29238084995703,I4-FP2,"(R+1, R+45, R+82) vs (L-92, L-44, L-3)"
MMP2,0.0353311998770813,11.4138755493252,0.197605290431515,0.845370092500145,0.930189471342981,-6.2928409097915,I4-FP2,"(R+1, R+45, R+82) vs (L-92, L-44, L-3)"
KRT10,0.105262743799068,15.2300586829273,0.197120003305894,0.845744699557637,0.930189471342981,-6.29293808894457,I4-FP2,"(R+1, R+45, R+82) vs (L-92, L-44, L-3)"
RPS15.1,-0.0601204681516254,10.8280915272626,-0.196324994415351,0.846358470890256,0.930189471342981,-6.29309677585332,I4-FP2,"(R+1, R+45, R+82) vs (L-92, L-44, L-3)"
ADIRF,-0.0542384861091331,11.5168024508096,-0.195815924270718,0.846751541490235,0.930189471342981,-6.29319805281664,I4-FP2,"(R+1, R+45, R+82) vs (L-92, L-44, L-3)"
RAB14,0.0328063565920455,11.7461226314174,0.195543388906434,0.846961992328082,0.930189471342981,-6.29325216472901,I4-FP2,"(R+1, R+45, R+82) vs (L-92, L-44, L-3)"
SELENBP1,0.0276888330240048,12.2338275570109,0.193806548001709,0.848303450311759,0.930990068212184,-6.29359525100504,I4-FP2,"(R+1, R+45, R+82) vs (L-92, L-44, L-3)"
RPS3A,0.0517954677712069,13.864061762371,0.191056915333237,0.85042810988137,0.932121599747531,-6.29413216432297,I4-FP2,"(R+1, R+45, R+82) vs (L-92, L-44, L-3)"
PKM.1,-0.0311894598973054,18.7632577810798,-0.19053356614563,0.850832638417974,0.932121599747531,-6.294233491543,I4-FP2,"(R+1, R+45, R+82) vs (L-92, L-44, L-3)"
FGL1,0.0681084515266974,15.4072811376415,0.190091724593161,0.851174197664193,0.932121599747531,-6.29431882226079,I4-FP2,"(R+1, R+45, R+82) vs (L-92, L-44, L-3)"
GDI2,-0.0241451060976434,12.2332398026107,-0.185563446183904,0.854676440230034,0.935283073541865,-6.29518196939722,I4-FP2,"(R+1, R+45, R+82) vs (L-92, L-44, L-3)"
TPP1,-0.0423413762835576,11.7312831434947,-0.184269530737215,0.855677745365129,0.935531147452173,-6.29542479726451,I4-FP2,"(R+1, R+45, R+82) vs (L-92, L-44, L-3)"
EIF4G2,-0.0829152047236441,11.1564438980506,-0.183679928544656,0.85613409612235,0.935531147452173,-6.29553488580654,I4-FP2,"(R+1, R+45, R+82) vs (L-92, L-44, L-3)"
IDE,0.039516685483834,14.6544842101989,0.182266464242749,0.8572283250589,0.936053918167764,-6.29579737140536,I4-FP2,"(R+1, R+45, R+82) vs (L-92, L-44, L-3)"
RPL23A,0.0521719015183279,14.2236779250056,0.180613048677386,0.858508686604843,0.936779040659987,-6.29610185245998,I4-FP2,"(R+1, R+45, R+82) vs (L-92, L-44, L-3)"
LYVE1,-0.0257661242896851,12.6606520780995,-0.176100697092997,0.862004963598787,0.939919329031675,-6.29691874244978,I4-FP2,"(R+1, R+45, R+82) vs (L-92, L-44, L-3)"
FAM107B,0.0353876548735048,10.8437286841776,0.17162283491329,0.865477399539329,0.943018588706744,-6.29770902324259,I4-FP2,"(R+1, R+45, R+82) vs (L-92, L-44, L-3)"
CON_sp|CATA_HUMAN|,0.0368047162792279,12.2916409554524,0.170050328515149,0.86669749493456,0.943018588706744,-6.29798173483888,I4-FP2,"(R+1, R+45, R+82) vs (L-92, L-44, L-3)"
PDLIM5,-0.0379169997895711,10.9909239384964,-0.169108557213177,0.867428371994682,0.943018588706744,-6.29814386307587,I4-FP2,"(R+1, R+45, R+82) vs (L-92, L-44, L-3)"
PLAT,0.0342139867256499,11.970301916545,0.168470991379221,0.867923234773849,0.943018588706744,-6.29825311201313,I4-FP2,"(R+1, R+45, R+82) vs (L-92, L-44, L-3)"
CETP,0.025799838544227,18.2448887534084,0.168437352754684,0.867949345789958,0.943018588706744,-6.29825886467195,I4-FP2,"(R+1, R+45, R+82) vs (L-92, L-44, L-3)"
LYPLA1,0.0401662124894706,12.0722876122894,0.165123427501192,0.870522441085099,0.945138650320965,-6.29881997588158,I4-FP2,"(R+1, R+45, R+82) vs (L-92, L-44, L-3)"
AIFM1.1,-0.035299506202719,15.6322001988754,-0.163274993238449,0.871958300537691,0.946021853545532,-6.29912812128984,I4-FP2,"(R+1, R+45, R+82) vs (L-92, L-44, L-3)"
DKC1,-0.0364440730916655,14.4088259699486,-0.160656676044074,0.873992980316932,0.947553017176703,-6.29955869029427,I4-FP2,"(R+1, R+45, R+82) vs (L-92, L-44, L-3)"
ST3GAL6,-0.027774384893096,17.9495089822931,-0.154094372630752,0.8790964250945,0.95240667579732,-6.30060732338576,I4-FP2,"(R+1, R+45, R+82) vs (L-92, L-44, L-3)"
IGHD,0.0243269403149675,17.6688387637338,0.152075855955898,0.880667307463071,0.952847391653314,-6.30092110372886,I4-FP2,"(R+1, R+45, R+82) vs (L-92, L-44, L-3)"
ATP2A2,-0.0531802145697906,13.2853488372199,-0.151960670837915,0.880756963995333,0.952847391653314,-6.30093888488346,I4-FP2,"(R+1, R+45, R+82) vs (L-92, L-44, L-3)"
ABHD10,0.0384628307219898,12.8005255346665,0.150234000641163,0.882101147340256,0.953468595496285,-6.30120382048421,I4-FP2,"(R+1, R+45, R+82) vs (L-92, L-44, L-3)"
PDIA4,-0.0289334511571919,12.0688159301094,-0.149521216697318,0.882656144449446,0.953468595496285,-6.30131230733633,I4-FP2,"(R+1, R+45, R+82) vs (L-92, L-44, L-3)"
SRP9,0.0408703908402667,12.6637542396682,0.148806107087437,0.883213014775506,0.953468595496285,-6.30142063089712,I4-FP2,"(R+1, R+45, R+82) vs (L-92, L-44, L-3)"
BPIFA1,-0.0446581608372369,15.1687288580286,-0.146039080802981,0.885368337367143,0.954279806805349,-6.3018348940039,I4-FP2,"(R+1, R+45, R+82) vs (L-92, L-44, L-3)"
C7,-0.027697340111576,17.8916131121979,-0.145219335393364,0.886007038785563,0.954279806805349,-6.30195613188624,I4-FP2,"(R+1, R+45, R+82) vs (L-92, L-44, L-3)"
COL1A1,0.0336008006651287,14.905210667988,0.144749893863719,0.886372838271796,0.954279806805349,-6.30202525424175,I4-FP2,"(R+1, R+45, R+82) vs (L-92, L-44, L-3)"
PTPN6,0.0307363471900359,14.6463985478323,0.144528421161412,0.886545423885804,0.954279806805349,-6.30205778719264,I4-FP2,"(R+1, R+45, R+82) vs (L-92, L-44, L-3)"
TNIK,0.0388321562176408,11.541868904727,0.142381336328221,0.888218868168921,0.954279806805349,-6.30237060365024,I4-FP2,"(R+1, R+45, R+82) vs (L-92, L-44, L-3)"
OVCH2,-0.0225258318873606,16.5106717119057,-0.141607984460696,0.888821752857644,0.954279806805349,-6.30248213158933,I4-FP2,"(R+1, R+45, R+82) vs (L-92, L-44, L-3)"
IGHV3-9,0.0204583456849931,16.2426458048173,0.14145026764636,0.888944713239207,0.954279806805349,-6.3025048021018,I4-FP2,"(R+1, R+45, R+82) vs (L-92, L-44, L-3)"
SRP14,0.0546594586695725,11.6676397346915,0.141375341778412,0.889003128522768,0.954279806805349,-6.30251556325414,I4-FP2,"(R+1, R+45, R+82) vs (L-92, L-44, L-3)"
H1-10,-0.0392739725731452,14.391008376055,-0.13994273257843,0.890120174010437,0.954279806805349,-6.30272022583151,I4-FP2,"(R+1, R+45, R+82) vs (L-92, L-44, L-3)"
PON1,-0.0196909518621559,17.7513376414347,-0.139181601132818,0.890713745267906,0.954279806805349,-6.3028281148887,I4-FP2,"(R+1, R+45, R+82) vs (L-92, L-44, L-3)"
CHRD,0.0375149778115311,9.8448667507942,0.138483382285451,0.891258311944956,0.954279806805349,-6.30292656978396,I4-FP2,"(R+1, R+45, R+82) vs (L-92, L-44, L-3)"
RPL6,-0.0431447605295112,11.6497989813432,-0.138175779125244,0.891498240568155,0.954279806805349,-6.30296978768192,I4-FP2,"(R+1, R+45, R+82) vs (L-92, L-44, L-3)"
FGL2,-0.0341122066035737,12.237299316536,-0.135229751534547,0.893796663205016,0.954482827039285,-6.30337884293725,I4-FP2,"(R+1, R+45, R+82) vs (L-92, L-44, L-3)"
IGHV4-39,-0.0191796368922148,17.9602334883325,-0.135177048333978,0.893837789837259,0.954482827039285,-6.30338608065675,I4-FP2,"(R+1, R+45, R+82) vs (L-92, L-44, L-3)"
C6,0.0207190995568282,18.1496454630595,0.134195507953516,0.894603785163845,0.954482827039285,-6.30352036080837,I4-FP2,"(R+1, R+45, R+82) vs (L-92, L-44, L-3)"
CLEC3B,0.0163266444919223,20.6593692666971,0.134144557613779,0.894643549769929,0.954482827039285,-6.30352730443017,I4-FP2,"(R+1, R+45, R+82) vs (L-92, L-44, L-3)"
VWF,0.0464646871100242,18.653711686661,0.133649973359601,0.895029566872816,0.954482827039285,-6.30359457066129,I4-FP2,"(R+1, R+45, R+82) vs (L-92, L-44, L-3)"
RPL7A,0.0412622851339783,13.1314944573416,0.132449863152423,0.895966349704335,0.954482827039285,-6.30375676136476,I4-FP2,"(R+1, R+45, R+82) vs (L-92, L-44, L-3)"
APEX1,-0.0391364925571178,12.4652754163542,-0.13229973379659,0.89608354880596,0.954482827039285,-6.30377694805942,I4-FP2,"(R+1, R+45, R+82) vs (L-92, L-44, L-3)"
INPP5D,-0.0354385538062409,13.5045647146453,-0.130240824319638,0.897691090356719,0.95552553035169,-6.30405148735248,I4-FP2,"(R+1, R+45, R+82) vs (L-92, L-44, L-3)"
IGLL1,0.0217172580445019,14.9762528931549,0.126860121830798,0.900331630914599,0.956793769529976,-6.30449295353522,I4-FP2,"(R+1, R+45, R+82) vs (L-92, L-44, L-3)"
CMPK1,-0.0349397684367502,10.9272810257319,-0.126696398855565,0.900459539256747,0.956793769529976,-6.30451403892019,I4-FP2,"(R+1, R+45, R+82) vs (L-92, L-44, L-3)"
ADGRG6,0.0518268889600168,12.333771381356,0.126297773427275,0.900770976445655,0.956793769529976,-6.30456526301005,I4-FP2,"(R+1, R+45, R+82) vs (L-92, L-44, L-3)"
EIF2B1,0.0184458231207926,17.3634252470787,0.125216492795263,0.901615839703199,0.956958707361816,-6.30470339809617,I4-FP2,"(R+1, R+45, R+82) vs (L-92, L-44, L-3)"
SLAIN2,-0.0960779122373303,17.2659431761215,-0.124487623170823,0.902185412927291,0.956958707361816,-6.30479584314301,I4-FP2,"(R+1, R+45, R+82) vs (L-92, L-44, L-3)"
APOD,-0.0164414535770269,18.4257741960163,-0.123254100569899,0.903149469311691,0.957313245016577,-6.30495106750401,I4-FP2,"(R+1, R+45, R+82) vs (L-92, L-44, L-3)"
EPRS1,-0.0236953120426299,14.6069618139885,-0.121215543494017,0.904743034856773,0.958334085701948,-6.30520421319084,I4-FP2,"(R+1, R+45, R+82) vs (L-92, L-44, L-3)"
CLEC11A,-0.0283666897323584,12.379106635837,-0.11869339513909,0.90671520117342,0.959754251938439,-6.30551157667278,I4-FP2,"(R+1, R+45, R+82) vs (L-92, L-44, L-3)"
CHMP6,0.0176913557574707,13.1435589017659,0.117627377430958,0.907548949181123,0.959968269140784,-6.30563954757423,I4-FP2,"(R+1, R+45, R+82) vs (L-92, L-44, L-3)"
RPL11,0.0555547379004437,10.9876152821185,0.114738374521999,0.909809029519584,0.961511016422394,-6.30598056412939,I4-FP2,"(R+1, R+45, R+82) vs (L-92, L-44, L-3)"
FLOT2,0.0254752103662827,11.1926416473852,0.114145928762859,0.910272600415675,0.961511016422394,-6.30604944983427,I4-FP2,"(R+1, R+45, R+82) vs (L-92, L-44, L-3)"
B4GALT1,0.0199392398693571,13.2245072058347,0.109236640103712,0.914115221016222,0.963790232773408,-6.30660656669696,I4-FP2,"(R+1, R+45, R+82) vs (L-92, L-44, L-3)"
PACSIN2,-0.0281831047612328,12.2572441830383,-0.109035505247319,0.914272701003138,0.963790232773408,-6.30662887040263,I4-FP2,"(R+1, R+45, R+82) vs (L-92, L-44, L-3)"
GALT,-0.0235317893761859,17.9927685485587,-0.108959033461126,0.914332576091614,0.963790232773408,-6.30663733953464,I4-FP2,"(R+1, R+45, R+82) vs (L-92, L-44, L-3)"
IGLV7-46,0.0152481808041606,16.5503572099981,0.106375411132869,0.916355779454481,0.965253489099661,-6.30691998438451,I4-FP2,"(R+1, R+45, R+82) vs (L-92, L-44, L-3)"
IGHV3-38-3,0.0174387415022572,12.4265583673426,0.100463967104118,0.920987133480961,0.969460140506275,-6.30754120447695,I4-FP2,"(R+1, R+45, R+82) vs (L-92, L-44, L-3)"
MOB3A,-0.0180670460847736,16.2229620103369,-0.0987589346635285,0.922323494924832,0.970130988466613,-6.30771379156012,I4-FP2,"(R+1, R+45, R+82) vs (L-92, L-44, L-3)"
GNPTG,0.0166272014383324,13.5104210935479,0.0971289868935769,0.923601227876803,0.970130988466613,-6.30787601932692,I4-FP2,"(R+1, R+45, R+82) vs (L-92, L-44, L-3)"
FUS,-0.0691653666149214,19.8072178511639,-0.0966257475352083,0.923995765507656,0.970130988466613,-6.30792556154956,I4-FP2,"(R+1, R+45, R+82) vs (L-92, L-44, L-3)"
NUCB1,0.0192539269728158,12.1314090537472,0.0963940587914448,0.924177415328721,0.970130988466613,-6.3079482840952,I4-FP2,"(R+1, R+45, R+82) vs (L-92, L-44, L-3)"
ARHGAP45,0.027483351273787,12.9796612435079,0.0896594335062502,0.92945935162994,0.973017236429581,-6.30858495665666,I4-FP2,"(R+1, R+45, R+82) vs (L-92, L-44, L-3)"
UTRN,0.0213634070078967,16.3533212681094,0.0894647006895418,0.929612130739267,0.973017236429581,-6.30860268110415,I4-FP2,"(R+1, R+45, R+82) vs (L-92, L-44, L-3)"
SPARCL1,-0.0132342823969722,13.5787918256006,-0.0889698838193735,0.930000355631156,0.973017236429581,-6.30864754576436,I4-FP2,"(R+1, R+45, R+82) vs (L-92, L-44, L-3)"
ITGBL1,-0.0212648866594875,10.4933481120912,-0.0862555698216184,0.932130276815277,0.973017236429581,-6.30888922788164,I4-FP2,"(R+1, R+45, R+82) vs (L-92, L-44, L-3)"
ADAM10,-0.0166047704756415,11.7097365442675,-0.0860182478630901,0.932316528402249,0.973017236429581,-6.30891000332444,I4-FP2,"(R+1, R+45, R+82) vs (L-92, L-44, L-3)"
IGHV3-13,0.0202453411154621,15.8978052435008,0.0858717335217566,0.932431515662646,0.973017236429581,-6.30892280080673,I4-FP2,"(R+1, R+45, R+82) vs (L-92, L-44, L-3)"
ST6GALNAC1,-0.0256978241820071,12.7232461501218,-0.0857381099155669,0.932536387352,0.973017236429581,-6.30893445332423,I4-FP2,"(R+1, R+45, R+82) vs (L-92, L-44, L-3)"
PLCG2,-0.0163137438895084,12.3305481117775,-0.0856828722956106,0.932579739810103,0.973017236429581,-6.30893926497041,I4-FP2,"(R+1, R+45, R+82) vs (L-92, L-44, L-3)"
CON_sp|THIO_HUMAN|,0.0187296285566169,12.5029995073179,0.0855446372584691,0.93268823255125,0.973017236429581,-6.30895129278698,I4-FP2,"(R+1, R+45, R+82) vs (L-92, L-44, L-3)"
NT5C3A,0.0252283462469691,15.1929066617297,0.0810745098042045,0.936197292912077,0.976008151732755,-6.3093297777584,I4-FP2,"(R+1, R+45, R+82) vs (L-92, L-44, L-3)"
PDLIM1,0.0204582751116717,13.2386981290685,0.0801804230966074,0.936899315690067,0.976070568779234,-6.30940304444345,I4-FP2,"(R+1, R+45, R+82) vs (L-92, L-44, L-3)"
DNAJA2,-0.0159979858434784,11.809247405094,-0.0788635693254253,0.937933384582225,0.976478592167796,-6.3095094765655,I4-FP2,"(R+1, R+45, R+82) vs (L-92, L-44, L-3)"
HBD,0.0228484051512669,14.2697420843367,0.0773868181727453,0.939093148116003,0.977016827608709,-6.30962673694827,I4-FP2,"(R+1, R+45, R+82) vs (L-92, L-44, L-3)"
PDLIM7,0.0163787044015215,13.6113787360083,0.0749464061225431,0.941010024631768,0.978341475677351,-6.30981566111066,I4-FP2,"(R+1, R+45, R+82) vs (L-92, L-44, L-3)"
EHD1,-0.0110027271071349,14.8985785505418,-0.0722872556373315,0.94309913300279,0.979843255067834,-6.31001463146997,I4-FP2,"(R+1, R+45, R+82) vs (L-92, L-44, L-3)"
IGKV2D-28,-0.012804021068824,19.1969000194329,-0.0686706040301256,0.945941156970614,0.981563790639208,-6.31027371782218,I4-FP2,"(R+1, R+45, R+82) vs (L-92, L-44, L-3)"
PPP1R12A,0.0176757369431452,11.4962094098435,0.0684260931516229,0.946133324810027,0.981563790639208,-6.31029075430334,I4-FP2,"(R+1, R+45, R+82) vs (L-92, L-44, L-3)"
ATP5F1B,-0.0168358855743608,13.6413249781908,-0.0672251510053338,0.947077227144753,0.981563790639208,-6.31037354905571,I4-FP2,"(R+1, R+45, R+82) vs (L-92, L-44, L-3)"
RPS24,0.0205032681531402,13.1575428825012,0.0668599831456172,0.94736425340412,0.981563790639208,-6.31039843376209,I4-FP2,"(R+1, R+45, R+82) vs (L-92, L-44, L-3)"
TMPO,0.0152029150595787,11.6594941776475,0.0655924971273024,0.948360569270907,0.981563790639208,-6.31048375655689,I4-FP2,"(R+1, R+45, R+82) vs (L-92, L-44, L-3)"
ADAM23,-0.0190161515980911,14.4045363496008,-0.065061305478861,0.948778141988816,0.981563790639208,-6.31051902918182,I4-FP2,"(R+1, R+45, R+82) vs (L-92, L-44, L-3)"
PICALM,0.0122385502802746,11.4554078043183,0.0644286343599144,0.949275508052392,0.981563790639208,-6.31056066625951,I4-FP2,"(R+1, R+45, R+82) vs (L-92, L-44, L-3)"
HNRNPL,0.0132893843885302,13.5303149033267,0.0624716595830711,0.950814091872332,0.981635830838791,-6.3106868832438,I4-FP2,"(R+1, R+45, R+82) vs (L-92, L-44, L-3)"
PYM1,0.0117259744917284,11.4694826705103,0.0618154826698662,0.951330026135637,0.981635830838791,-6.31072833289007,I4-FP2,"(R+1, R+45, R+82) vs (L-92, L-44, L-3)"
INHBC,0.0161556793312911,14.3952003094811,0.0613505888612002,0.951695572954376,0.981635830838791,-6.310757434707,I4-FP2,"(R+1, R+45, R+82) vs (L-92, L-44, L-3)"
H1-4,-0.0165038063422677,19.6275518592684,-0.06105445315558,0.951928430694986,0.981635830838791,-6.31077585796327,I4-FP2,"(R+1, R+45, R+82) vs (L-92, L-44, L-3)"
KLK7,0.0109045651256973,13.3976434387858,0.0567896859153995,0.955282386813281,0.984426595224534,-6.31103129609959,I4-FP2,"(R+1, R+45, R+82) vs (L-92, L-44, L-3)"
PRH1,0.0176163931672874,10.9390754979804,0.0539831458339732,0.957490013669972,0.98565055995923,-6.31118931030709,I4-FP2,"(R+1, R+45, R+82) vs (L-92, L-44, L-3)"
PGAM1,-0.0189943149819491,12.2398263343535,-0.0536310161302,0.957767024381436,0.98565055995923,-6.31120857081213,I4-FP2,"(R+1, R+45, R+82) vs (L-92, L-44, L-3)"
IST1,-0.00863812930137442,12.8853554706094,-0.0507696985750529,0.96001814443858,0.986891868026211,-6.31136040477454,I4-FP2,"(R+1, R+45, R+82) vs (L-92, L-44, L-3)"
SFRP2,0.010470119768648,11.5555847424953,0.0485343447646497,0.961777032227606,0.986891868026211,-6.31147323319238,I4-FP2,"(R+1, R+45, R+82) vs (L-92, L-44, L-3)"
YES1,0.014322698095972,14.2585382104655,0.0478382686164002,0.96232478099474,0.986891868026211,-6.3115073304112,I4-FP2,"(R+1, R+45, R+82) vs (L-92, L-44, L-3)"
NEK7,0.012877063439161,11.48206386144,0.0473877739990003,0.96267928961098,0.986891868026211,-6.31152913536429,I4-FP2,"(R+1, R+45, R+82) vs (L-92, L-44, L-3)"
ALG10B,0.00683250555872483,15.0798397433451,0.0471209312532425,0.962889280452179,0.986891868026211,-6.31154195388177,I4-FP2,"(R+1, R+45, R+82) vs (L-92, L-44, L-3)"
IGHV2-70D,0.00665027926284977,17.7770507005729,0.0466313997023702,0.963274522565992,0.986891868026211,-6.31156528170166,I4-FP2,"(R+1, R+45, R+82) vs (L-92, L-44, L-3)"
PRPF8,-0.0391980032359526,19.355765142417,-0.0455568286149457,0.964120200088776,0.986891868026211,-6.31161563450489,I4-FP2,"(R+1, R+45, R+82) vs (L-92, L-44, L-3)"
DCXR,0.0104046334138381,10.7841304489205,0.0454968751238587,0.964167384222976,0.986891868026211,-6.31161840927055,I4-FP2,"(R+1, R+45, R+82) vs (L-92, L-44, L-3)"
ENDOD1,0.018144719569852,10.9621682355143,0.0425959525806706,0.966450604089295,0.988563202029427,-6.31174830469643,I4-FP2,"(R+1, R+45, R+82) vs (L-92, L-44, L-3)"
ARAP1,-0.0176958563753473,11.1784381938483,-0.0402022927406603,0.968334798375667,0.989383695108425,-6.3118490456092,I4-FP2,"(R+1, R+45, R+82) vs (L-92, L-44, L-3)"
EZR,-0.00801099803185145,11.7994877690779,-0.039923120054224,0.968554564685089,0.989383695108425,-6.31186041580699,I4-FP2,"(R+1, R+45, R+82) vs (L-92, L-44, L-3)"
APOB,0.00634556478202341,19.7783065989396,0.0379965998058597,0.970071201443381,0.989831913477671,-6.3119367198813,I4-FP2,"(R+1, R+45, R+82) vs (L-92, L-44, L-3)"
IGKC,0.00491740145688623,22.6348807189162,0.0374388516036897,0.97051030602547,0.989831913477671,-6.31195810652418,I4-FP2,"(R+1, R+45, R+82) vs (L-92, L-44, L-3)"
RHOC,0.0147729853811124,11.5802965049386,0.0362558991328416,0.971441653773248,0.989831913477671,-6.31200241984113,I4-FP2,"(R+1, R+45, R+82) vs (L-92, L-44, L-3)"
HNRNPAB,-0.00618407452632396,15.3076637776782,-0.0356138230514174,0.971947182958486,0.989831913477671,-6.31202587640417,I4-FP2,"(R+1, R+45, R+82) vs (L-92, L-44, L-3)"
ITLN1,0.00752143031740182,14.8593816583668,0.0345662200502342,0.9727720237873,0.989831913477671,-6.3120632481718,I4-FP2,"(R+1, R+45, R+82) vs (L-92, L-44, L-3)"
C9,-0.00520321633356246,20.4401743713705,-0.0334717519816009,0.973633797800573,0.989831913477671,-6.31210110022203,I4-FP2,"(R+1, R+45, R+82) vs (L-92, L-44, L-3)"
CDC37,0.00723093947233444,13.9063974054684,0.0329614748945601,0.974035596651066,0.989831913477671,-6.31211833190101,I4-FP2,"(R+1, R+45, R+82) vs (L-92, L-44, L-3)"
IGKV3D-15,0.00410055574017675,18.6413766386911,0.0321768079538841,0.974653467473676,0.989831913477671,-6.31214431307694,I4-FP2,"(R+1, R+45, R+82) vs (L-92, L-44, L-3)"
VASP,0.00732190203799554,15.694349314382,0.0313521389712997,0.975302854786453,0.989831913477671,-6.31217094420923,I4-FP2,"(R+1, R+45, R+82) vs (L-92, L-44, L-3)"
COPG2,-0.00735717727950913,11.9431116764729,-0.029599011593258,0.976683416627536,0.989831913477671,-6.31222526117476,I4-FP2,"(R+1, R+45, R+82) vs (L-92, L-44, L-3)"
IGKV4-1,-0.00361698627849449,19.3772565716068,-0.0295128963355107,0.976751233092926,0.989831913477671,-6.31222784877075,I4-FP2,"(R+1, R+45, R+82) vs (L-92, L-44, L-3)"
IGKV3-7,-0.00457103263264713,18.1824184686071,-0.0294410543830308,0.976807809352965,0.989831913477671,-6.31223000171377,I4-FP2,"(R+1, R+45, R+82) vs (L-92, L-44, L-3)"
RAB1B,0.00479907245320099,15.3151503336991,0.0277818815198402,0.978114459015693,0.990012155435541,-6.31227826361083,I4-FP2,"(R+1, R+45, R+82) vs (L-92, L-44, L-3)"
CPN2,-0.00413565065914589,15.4493155966997,-0.0270060518973347,0.978725470647047,0.990012155435541,-6.31229987065955,I4-FP2,"(R+1, R+45, R+82) vs (L-92, L-44, L-3)"
ANXA7,-0.0168029859732357,16.5753308320956,-0.0267341012180905,0.978939651065538,0.990012155435541,-6.3123072997196,I4-FP2,"(R+1, R+45, R+82) vs (L-92, L-44, L-3)"
WDFY1,-0.0128465923442266,13.0744477402753,-0.0237879937620276,0.981260020676937,0.990984840053934,-6.31238296150888,I4-FP2,"(R+1, R+45, R+82) vs (L-92, L-44, L-3)"
RAB8B,0.00519297684904351,12.3425447055408,0.0229726730789272,0.981902202584772,0.990984840053934,-6.31240234169516,I4-FP2,"(R+1, R+45, R+82) vs (L-92, L-44, L-3)"
FUBP1,-0.00457578369321787,12.9483870531557,-0.0220080410040524,0.982662004899773,0.990984840053934,-6.31242439825412,I4-FP2,"(R+1, R+45, R+82) vs (L-92, L-44, L-3)"
CALM1,-0.00487252368090551,16.3078718803288,-0.0211317158121808,0.983352266104836,0.990984840053934,-6.31244361560961,I4-FP2,"(R+1, R+45, R+82) vs (L-92, L-44, L-3)"
GSN,0.00458556702554879,12.3734626549659,0.0206626324326416,0.98372175785092,0.990984840053934,-6.31245358156383,I4-FP2,"(R+1, R+45, R+82) vs (L-92, L-44, L-3)"
SERPINA10,-0.00275411833931471,17.2093447711907,-0.0198961623236745,0.984325505864103,0.990984840053934,-6.31246938429396,I4-FP2,"(R+1, R+45, R+82) vs (L-92, L-44, L-3)"
GAPDH,0.00306549419999413,20.0863545994213,0.0197188158637664,0.984465202948316,0.990984840053934,-6.31247295565895,I4-FP2,"(R+1, R+45, R+82) vs (L-92, L-44, L-3)"
ARPC1B,0.00272423424684475,14.8711107487682,0.0149779996904483,0.988199753565416,0.993577137102148,-6.31255657311832,I4-FP2,"(R+1, R+45, R+82) vs (L-92, L-44, L-3)"
SFTPD,0.00262463594928163,18.3933044181054,0.0147728394946972,0.988361374250816,0.993577137102148,-6.31255967588053,I4-FP2,"(R+1, R+45, R+82) vs (L-92, L-44, L-3)"
VTA1,0.00220635589849216,12.8174816929529,0.0139603343281903,0.989001452918125,0.993577137102148,-6.31257154357159,I4-FP2,"(R+1, R+45, R+82) vs (L-92, L-44, L-3)"
IGHG1,-0.00163120073361255,23.7772323714304,-0.0123504231510548,0.990269737477439,0.994194188220414,-6.31259307597524,I4-FP2,"(R+1, R+45, R+82) vs (L-92, L-44, L-3)"
GADD45A,0.00385265275643043,14.4254702785443,0.00995012600519756,0.992160734546334,0.995435192416124,-6.31262028662412,I4-FP2,"(R+1, R+45, R+82) vs (L-92, L-44, L-3)"
GHRL,-0.00238539075085775,12.4246810514137,-0.00801516074682755,0.99368516990161,0.996275489646467,-6.31263795784917,I4-FP2,"(R+1, R+45, R+82) vs (L-92, L-44, L-3)"
APLP1,0.00109215596763334,13.2753507873333,0.00722314437519651,0.994309156443217,0.996275489646467,-6.31264409307689,I4-FP2,"(R+1, R+45, R+82) vs (L-92, L-44, L-3)"
SERPINA3,0.000667628573399525,18.3279018887682,0.00480005227031559,0.996218200210935,0.99753074065917,-6.31265890291129,I4-FP2,"(R+1, R+45, R+82) vs (L-92, L-44, L-3)"
KPNB1,0.000898973301756811,10.9917520005513,0.00285840793123914,0.997747950637322,0.998404795897782,-6.31266646204398,I4-FP2,"(R+1, R+45, R+82) vs (L-92, L-44, L-3)"
IGHV5-51,0.000166194749922965,17.4532571902855,0.00125894488760925,0.999008115927052,0.999008115927052,-6.31266980979665,I4-FP2,"(R+1, R+45, R+82) vs (L-92, L-44, L-3)"
