,C001_L-92,C001_L-44,C001_L-3,C001_R+1,C002_L-92,C002_L-44,C002_L-3,C002_R+1,C003_L-92,C003_L-44,C003_L-3,C003_R+1,C004_L-92,C004_L-44,C004_L-3,C004_R+1,PS001_t0,PS001_t2,PS001_t3,PS004_t0,PS004_t2,PS004_t3
ABCB1,0.11943779946278807,1.1172137086279401,-0.8903370820473437,-0.8903370820473437,-0.8903370820473437,-0.8903370820473437,1.0394189133106584,-0.8903370820473437,-0.8903370820473437,-0.8903370820473437,0.8491128402110949,2.4145964652057916,-0.24338776059012895,0.5418636488917424,-0.054437721735296714,0.448541680946818,0.3891146671236384,0.21450768984230142,1.6818478988620904,-0.374696883574746,-1.0187849404568297,-0.8919884317964545
ABCB11,0.0,0.0,0.0,0.0,0.0,0.0,0.0,0.0,0.0,0.0,0.0,0.0,0.0,0.0,0.0,0.0,0.09507128486499934,1.66118313656231,0.5016371021336755,-0.3203844108505541,-0.959288390211874,-0.978218722498556
ABCB4,3.590417338505666,-0.31649730303950163,-0.31649730303950163,-0.31649730303950163,-0.31649730303950163,-0.31649730303950163,0.8405449040473563,-0.31649730303950163,-0.31649730303950163,-0.31649730303950163,-0.31649730303950163,-0.31649730303950163,-0.31649730303950163,-0.31649730303950163,-0.31649730303950163,-0.31649730303950163,-1.1197984270590127,1.0686627687271852,1.3783535429473341,-0.4354548167618617,-0.6876575646888289,-0.2041055031648164
ABCB7,-0.15306625883566233,0.18847907273007175,0.2767995568119916,-0.1166309016286272,-0.9770874894460128,-0.5933125251707072,1.6405233655087497,-0.7495479207506681,-1.0515230261982123,-1.7951730240095767,1.0172369504623902,1.4704172619471165,-0.6818809418205442,-0.38002178794857183,0.5387297931998271,1.3660578751484298,0.11701278855194515,0.9657192716153721,1.3795125237387558,-0.5494550999744083,-0.8580159312741279,-1.0547735526575388
ABCC2,-0.5209754692129852,-0.5209754692129852,-0.5209754692129852,-0.5209754692129852,-0.5209754692129852,-0.5209754692129852,0.6427425448710458,-0.5209754692129852,-0.5209754692129852,3.223267497775294,0.48620207354705036,-0.5209754692129852,-0.5209754692129852,-0.5209754692129852,0.5767637619262884,0.8017542832231587,-0.48047700088931655,1.3167798246338898,1.1507465285291618,-1.15611907286577,-0.5362568961882892,-0.29467338321967473
ABCC3,0.44831070471407175,-1.4594730419088717,-1.4594730419088717,1.0512687995294243,0.6495398318535565,-1.4594730419088717,0.5121862981725278,-0.2446759170416515,0.8860537454672606,-1.4594730419088717,0.053370314706227794,1.1849174339423274,1.217645760023292,-0.4837347008126034,-0.14416076300561098,0.7071706600866648,0.4772260831503161,-1.0718875743488736,-0.12757784616982787,0.31600383052662384,1.511678818535376,-1.1054433116936184
ABCC4,-1.3333506528634926,-0.074309556577573,0.7601032421076945,-1.3333506528634926,0.500782551914099,-0.11902978501272324,-0.13188151720728578,1.8716527848559947,-0.5819908140203444,1.0911804311989848,1.0362971605971598,-1.3333506528634926,-0.687475432918083,-0.48478585136628544,-0.4988390995045555,1.3183478445233971,-0.4779775870289106,-0.5370155983248018,0.05382151708256704,-0.6706055750565214,1.9776103169366082,-0.3458330736089406
ABCC8,0.0,0.0,0.0,0.0,0.0,0.0,0.0,0.0,0.0,0.0,0.0,0.0,0.0,0.0,0.0,0.0,0.707203936651485,-0.40784501944960777,0.4509443708363726,-1.8519533822249963,0.7671886433386088,0.3344614508481369
ABCC9,0.0,0.0,0.0,0.0,0.0,0.0,0.0,0.0,0.0,0.0,0.0,0.0,0.0,0.0,0.0,0.0,1.2017411709804173,-0.0008275732285656707,-0.8520447134850715,-1.4774215985415582,0.6358552822122042,0.4926974320625739
ABCG2,-0.6658381301143536,-0.6658381301143536,-0.6658381301143536,-0.6658381301143536,0.4651737660091312,0.995746709413267,-0.6658381301143536,-0.6658381301143536,0.3622658498998613,-0.6658381301143536,0.7890956463289099,2.4809412053153137,-0.6658381301143536,-0.6658381301143536,-0.6658381301143536,1.5651581241770538,-1.5196610792001797,-0.08661900805399406,1.426769189395995,0.29011018807183353,0.47251519424368843,-0.5831144844573474
ABCG5,0.0,0.0,0.0,0.0,0.0,0.0,0.0,0.0,0.0,0.0,0.0,0.0,0.0,0.0,0.0,0.0,-0.26173753016523016,1.8239153252063738,0.46123300379236465,-0.539414604384132,-0.7419980972246878,-0.7419980972246878
ABCG8,0.0,0.0,0.0,0.0,0.0,0.0,0.0,0.0,0.0,0.0,0.0,0.0,0.0,0.0,0.0,0.0,-0.32335277457826306,1.3317930421693371,1.0150451048418712,-0.8816425791913071,0.004516519863836614,-1.1463593131054746
ACO1,-1.4580161735007222,0.6312979702824221,1.2896870943924765,-0.37984370884695756,-1.4580161735007222,-0.19213686774669056,0.7486721598500905,0.3423414314937471,-1.4580161735007222,0.19003682315236944,-0.6538624084688216,1.9815204183564188,-0.7847179566337907,0.032515103608864004,0.6622991104267699,0.506239350635274,-1.4162372296445789,-0.7529802202879949,0.11513168369393573,-0.10775326417443215,1.2621001294904315,0.8997389009226411
ACSL1,-1.9397777057559487,-0.10084395542798948,0.5390123094094472,0.97708792818014,-1.3347688624283593,-0.8974739341354526,1.3334649912732062,0.44398540302986766,-0.608785212952312,0.29985232581269783,0.5074524495590055,0.9628072739167642,-0.7515600787062596,-0.9945748197907237,0.07593007519794352,1.4881918128179714,0.9537909167845691,1.0857527644675744,-0.18566155035722642,-1.3846980116898926,0.4171357048030673,-0.8863198240080881
ACSL3,-1.0933945868473909,-1.7674810524662676,1.2645615908209427,0.3472718411309921,-0.8330073362315277,0.3791639583666196,0.43072088136582937,-0.023186939185203863,-0.9078112925587009,0.5359263488437439,-0.27611142722203524,2.264621509060621,-0.7606827250791668,-0.515436978389682,0.07692654048954094,0.8779196679016863,1.1584902292856019,0.7301835804305943,0.8097519511625584,-0.9592591388279983,-0.7344801281335045,-1.0046864939172513
ACSL4,-2.4599860491379766,0.11434211044804586,0.6673212139221396,0.2809594443972412,-1.3236328294106134,-0.23265044863638254,0.5685841420743444,-0.5217444195652279,-1.1505821291459633,0.7378617494609905,0.42518700733825415,1.4114932962139386,-0.21897046587725466,0.24162309581134345,0.0993382831018109,1.3608559990053108,1.1362772698205306,0.5352101653075283,0.9640922625470665,-0.7654855132785463,-1.216432907442495,-0.6536612769540855
ACSL5,-0.4908217449571001,-0.8981580978050586,0.9464945387520222,0.8844210585880024,-1.0315711057168393,0.047894768876563784,1.0327492201452668,-1.1155818703065947,-1.1363492535616604,-1.2301826426364753,0.7774714529419668,1.9472733771919846,-0.3319056091708606,-0.28314580467754324,-0.3066482097731904,1.1880599221095176,0.5402370669862673,0.6396266315314459,1.3596786176009117,-0.48912126613571605,-0.7918193443140582,-1.2586017056688483
ACSL6,-1.1597574839231841,-0.0008557523061100185,-1.1597574839231841,0.401298026271947,-0.11615657131484876,1.111244053939313,2.1142316204079736,0.8830909422973419,-1.1597574839231841,0.29543028934869475,1.021417509048231,-1.1597574839231841,-1.1597574839231841,-0.37868431582296824,-0.10685724883574925,0.5746288665820969,-0.015092128784798221,0.2288585623874258,1.751283717011706,-0.10394111355247201,-1.1929798884908211,-0.6681291485710422
ADCY1,0.0,0.0,0.0,0.0,0.0,0.0,0.0,0.0,0.0,0.0,0.0,0.0,0.0,0.0,0.0,0.0,0.04654541786110987,-0.012959971164495682,1.9045965006805639,-0.7956728907943956,-0.3658051288192243,-0.7767039277635599
ADCY2,0.0,0.0,0.0,0.0,0.0,0.0,0.0,0.0,0.0,0.0,0.0,0.0,0.0,0.0,0.0,0.0,1.173196715090372,-0.7388624577838266,1.2803744625643663,-1.1233201108020123,-0.32410783116652636,-0.26728077790237437
ADCY3,-1.2987452493058946,1.3145681841393015,0.06795691843137626,0.44932759969971825,-0.8259913542623719,-0.04709974199359376,1.0610890929123207,-0.20980692069673157,-1.2987452493058946,1.2003087643806736,0.2864761588123751,1.0716737169705837,-1.2987452493058946,-1.2987452493058946,-0.4385832738219276,1.2650618526518507,0.30374703879174736,1.0727678985915459,1.097645452188914,-0.6392580183350038,-0.43786956405968497,-1.3970328071775207
ADCY4,-0.36487998811472044,-0.36487998811472044,-0.36487998811472044,-0.36487998811472044,-0.36487998811472044,-0.36487998811472044,2.764648109608442,-0.36487998811472044,-0.36487998811472044,-0.36487998811472044,2.3436717239976446,-0.36487998811472044,-0.36487998811472044,-0.36487998811472044,-0.36487998811472044,-0.36487998811472044,0.10038296677146383,0.659776933698771,-0.13450803360233135,-1.5990577538790762,1.354395295656636,-0.3809894086454591
ADCY5,0.0,0.0,0.0,0.0,0.0,0.0,0.0,0.0,0.0,0.0,0.0,0.0,0.0,0.0,0.0,0.0,-0.01389118701701695,0.6806336442946174,1.6031705616701406,-1.0176347709090376,-0.3552996003589367,-0.8969786476797666
ADCY6,0.0,0.0,0.0,0.0,0.0,0.0,0.0,0.0,0.0,0.0,0.0,0.0,0.0,0.0,0.0,0.0,0.03609147848249701,1.063058692822118,1.3357886410822788,-0.9980551741684555,-0.5513476816036196,-0.8855359566148195
ADCY7,-0.9699206845331058,0.42878213743342236,1.4696883147699933,0.1342075595676207,-1.6251546884068746,-0.9474021312398061,0.8374800899124312,-0.4392264479584375,-1.3045027911936746,0.4154545981171767,0.17437411011409887,1.6586024466844709,-0.7371607072035854,-0.6060349979303958,0.22779311973761335,1.2830200721290517,0.8803364606478414,0.5782517376884613,1.1844624165401225,-0.582580397002573,-1.1431792309043807,-0.917290986969475
ADCY8,0.0,0.0,0.0,0.0,0.0,0.0,0.0,0.0,0.0,0.0,0.0,0.0,0.0,0.0,0.0,0.0,1.2369942981363535,1.1878490940605875,-0.024670867875045126,-1.086366535989769,-0.7435506900061534,-0.5702552983259748
ADCY9,1.3459984093551676,1.1955832004511044,2.3524636517495954,0.12823257769968896,-0.5051659075169034,-1.009875043946848,0.31223180832004493,-1.009875043946848,-0.18307228890968158,0.7297925304524228,0.16018487036579454,-1.009875043946848,-1.009875043946848,-1.009875043946848,-0.09157143526601198,-0.39530219696698,0.4734288978688729,0.24102219320417717,1.4479720275010795,0.05629382974248634,-0.829511243531172,-1.3892057047854431
ADORA2A,0.0,0.0,0.0,0.0,0.0,0.0,0.0,0.0,0.0,0.0,0.0,0.0,0.0,0.0,0.0,0.0,0.6719969852741575,1.1069807173515407,0.8131137899062457,-1.0547852669549624,-0.33991512002690105,-1.197391105550087
ADORA2B,-0.5962889196070456,-0.5962889196070456,-0.5962889196070456,1.4316479899256582,-0.5962889196070456,-0.5962889196070456,0.36714317803637986,-0.5962889196070456,-0.5962889196070456,2.5035375092306187,0.9162456279818444,-0.5962889196070456,-0.5962889196070456,-0.5962889196070456,-0.5962889196070456,1.3406038105029991,-0.3236523695755954,-0.19272752026935341,1.9742372199551164,-0.20670875706450026,-0.365691851777269,-0.8854567212683989
ADRA1A,0.0,0.0,0.0,0.0,0.0,0.0,0.0,0.0,0.0,0.0,0.0,0.0,0.0,0.0,0.0,0.0,0.0319569326693484,-1.1844571822566186,0.3431286199675927,1.2063030468441245,0.787525765032172,-1.1844571822566186
ADRA1B,0.0,0.0,0.0,0.0,0.0,0.0,0.0,0.0,0.0,0.0,0.0,0.0,0.0,0.0,0.0,0.0,-0.6993549088940311,-0.3477766497143269,0.72838336973483,-1.452117896814721,1.1877425258602996,0.58312355982795
ADRA1D,0.0,0.0,0.0,0.0,0.0,0.0,0.0,0.0,0.0,0.0,0.0,0.0,0.0,0.0,0.0,0.0,0.9279922291568404,-1.1928828102129867,1.4660273261472274,-0.5939716521364958,-0.4250277071866918,-0.18213738576789315
ADRB1,-0.5300273695157238,-0.5300273695157238,-0.5300273695157238,-0.5300273695157238,1.8992161539651569,-0.5300273695157238,-0.5300273695157238,-0.5300273695157238,-0.5300273695157238,-0.5300273695157238,0.7197920996314922,-0.5300273695157238,1.368170867653295,-0.5300273695157238,-0.5300273695157238,2.373149312938742,0.10096379491146278,0.40535794734444464,1.670029278870181,-0.4555324568006862,-0.44305130063139214,-1.2777672636940114
ADRB2,0.06762926416349958,0.7396518920440726,1.2163844586835022,0.9116153814694243,-1.3659447367694448,-0.7788482961892389,-0.4139680553518422,-1.4219681846413097,-0.9552324683983596,0.3086922534486995,0.3712168211887512,1.7222817203573357,-1.0964545067252118,-0.8306795146032226,0.3728674870934985,1.1527564842298457,0.6137693329450709,0.7273687454753417,1.2741168493117423,-1.0718269339044288,-0.5158329639774711,-1.0275950298502605
ADRB3,0.0,0.0,0.0,0.0,0.0,0.0,0.0,0.0,0.0,0.0,0.0,0.0,0.0,0.0,0.0,0.0,-0.4082482904638631,-0.4082482904638631,-0.4082482904638631,-0.4082482904638631,-0.4082482904638631,2.041241452319315
AGTR1,0.0,0.0,0.0,0.0,0.0,0.0,0.0,0.0,0.0,0.0,0.0,0.0,0.0,0.0,0.0,0.0,1.0884749131658147,-0.9396907282823311,-0.9396907282823311,0.20214060061764313,1.2522455773162993,-0.6634796345350948
ALAS2,-0.7912379166878339,-1.1291655450490727,-1.524535402852637,-1.8033178354582595,0.44736556271225425,0.2598304626862186,0.17828895594309066,0.08534243018608147,1.3846414843361696,1.8553265674359949,0.660830859201639,-0.66198384413253,-0.07243558472684358,0.7150531667545938,0.637715764170533,-0.24171912451939612,0.7892300105999237,-1.3745674855168875,0.30307423412737927,1.2942711104701796,-0.8289656625967666,-0.18304220708383165
ALOX15,0.6593697341012543,1.4255968848135288,0.34523910855147333,1.9399935197830545,-0.1630968042796923,0.6182589589185622,0.22332989881360646,0.07759415614101947,-1.183871586054827,-1.183871586054827,-1.183871586054827,1.2261260542029646,-1.183871586054827,-0.5640587895309701,-0.8453214293629464,-0.20754494793254513,-0.9662183649217053,-0.8483416985240458,-0.9201535495062846,0.9377072101242441,0.9539336142903868,0.8430727885374044
ALPL,-0.8312944682050832,-0.8570179172823872,0.8462314200209472,0.3386948462497136,0.42898327955714294,-1.437468081006276,0.9739854599881279,0.6886971134387915,1.1572617797179174,0.5211186658296921,0.5246679177401555,1.208540050127239,0.05854701387701076,-2.1237573976820925,-0.9596976315762008,-0.5374920507946991,0.4131458283372728,1.2340364664145813,-0.7045003422332493,-1.0929859166363278,0.9707606960349092,-0.8204567319171817
APP,0.36912255747463235,-0.00813241740696591,1.3179546498076686,0.4180320218301062,-1.71782742575659,0.23861143011308342,1.3219289413984487,-0.32830480969481696,-1.1838302385061872,0.04373706268113379,-0.209877911319101,1.384844030018206,-1.3674433834054076,-0.6850347428968219,-0.8697110188386469,1.2759312545012604,1.3570668810621278,0.28640377771031544,0.7837414604285631,-0.34985616202172426,-0.7370254805690043,-1.340330476610276
AQP1,-0.854924895442536,-0.854924895442536,-0.854924895442536,1.150132220943187,1.7315832010196748,0.5807250736398962,1.1722845944461824,-0.854924895442536,1.1555823890076278,-0.854924895442536,0.057076211343779444,-0.854924895442536,1.2989630263666432,-0.854924895442536,-0.3069475532267043,-0.854924895442536,0.5750300488411747,-0.8034210365848612,1.0090165117519259,1.018088765544906,-1.3186121254652396,-0.48010216408790596
AQP4,0.0,0.0,0.0,0.0,0.0,0.0,0.0,0.0,0.0,0.0,0.0,0.0,0.0,0.0,0.0,0.0,-0.4082482904638631,-0.4082482904638631,2.041241452319315,-0.4082482904638631,-0.4082482904638631,-0.4082482904638631
AQP8,0.0,0.0,0.0,0.0,0.0,0.0,0.0,0.0,0.0,0.0,0.0,0.0,0.0,0.0,0.0,0.0,-1.0716461551222531,1.7311982355455757,0.4665954310989678,-0.1626357231507122,-0.2113968463226825,-0.7521149420488962
AQP9,-1.0983619133455136,0.045973770440781804,0.7463634582845665,0.8981127285180414,-1.4288114942574826,-1.5875387026104408,0.8310772187770373,-0.10463886733941805,0.012827239618085814,0.803506419470633,0.5429556536692804,1.4414626977577236,-0.5964829294796486,-1.3492987650305028,-0.4770163226634335,1.3198698081902902,0.6094557262395184,1.2526609344500652,-0.4397371097770891,-1.2615972073598676,0.7138010532939427,-0.8745833968465696
ASPH,-1.4156544301213219,0.839100560378559,0.9210133708110451,0.5495116754281324,-1.4156544301213219,-1.4156544301213219,-0.28717405924271794,-0.6077409571086159,-0.8410652675570939,1.2186594930585086,-0.08764932788905992,1.602760138996692,-0.2642198857321651,0.016257760010101156,-0.1603739758310756,1.347883765041661,0.042409484880915026,0.8652709398861682,1.470447056459771,-1.1544460804454248,-0.5577608873157909,-0.6659205134656346
ATG5,-0.4146714234995413,0.7901734227931233,1.0975234628903467,0.4451919004093545,-1.5208092106167796,-0.5804193839339604,0.9751514786948167,-0.7629873850369848,-1.134458518113616,-0.1759768033681742,-0.1130752133911282,1.8302087982725361,-1.2697902312242058,0.4913806596591064,-0.8349993112116553,1.1775577576767629,0.59007034461153,0.42593949796611025,1.5161537969570706,-0.7047445961178987,-0.8623525816882162,-0.9650664617285974
ATG7,-0.671947031812972,0.8300244994686051,0.6757225487633604,0.06812865707451177,-1.7083127510874354,0.9891575144341224,-1.1429137976532902,-0.5734273241672027,0.263248425602792,-1.7634639848617293,-0.07475998925477953,1.5321725149103516,0.5459374843587866,-0.10258460967752735,-0.2652919748510866,1.3983098187534981,0.4103795544360285,1.0018842172707891,0.8520531525953289,-1.3430031511808973,0.20031023186648214,-1.1216240049877328
ATOX1,0.00015877338129360557,0.7918676877930458,0.5442146543399901,0.6833932145268989,-1.3925326770182327,-0.09195795484527725,-0.9617578997989922,-2.0303036799136263,-1.0814187175248338,0.8210495817859352,0.035162303713872564,1.6255857961099023,0.05627451810235125,0.6006279153671558,-0.7177614688224615,1.1173979528029665,0.026866258082606873,0.9866516250906994,1.2241533984197144,-1.2462996651844997,-0.004476313349585536,-0.9868953030589339
ATP12A,0.0,0.0,0.0,0.0,0.0,0.0,0.0,0.0,0.0,0.0,0.0,0.0,0.0,0.0,0.0,0.0,1.3060099471408069,-0.6437242487689538,0.9109408246769402,-1.1314006595078612,-0.8007712870053202,0.35894542346438824
ATP1A1,-0.019541988509772457,0.21394055705677348,1.2792118544826396,0.48354177665250964,-2.2113337099619037,0.4454078147277703,0.8636323846657358,-1.6979560414563255,-1.1215247112199351,0.1198543565652163,0.3871246511754522,0.6531462615712126,-0.8446185053093107,0.29856051823467855,-0.15042784678807877,1.3009826281133245,0.8027349461522341,0.7847911253168075,0.9650725246632702,-0.5093287263198717,-0.5412898058095944,-1.5019800640028482
ATP1A2,0.0,0.0,0.0,0.0,0.0,0.0,0.0,0.0,0.0,0.0,0.0,0.0,0.0,0.0,0.0,0.0,1.9224016826609647,0.18058147504646574,-0.6823444826544863,-0.2203421062909791,-0.736642859488746,-0.4636537092732185
ATP1A3,-0.3651102536655679,-0.3651102536655679,-0.3651102536655679,-0.3651102536655679,-0.3651102536655679,-0.3651102536655679,2.368977371506116,-0.3651102536655679,-0.3651102536655679,-0.3651102536655679,-0.3651102536655679,-0.3651102536655679,-0.3651102536655679,-0.3651102536655679,-0.3651102536655679,2.7425661798118344,0.8541663939174763,0.7434250016424729,0.974106886180459,-0.8864784527882127,-0.3120404894589303,-1.3731793394932659
ATP1A4,-0.24999999999999994,-0.24999999999999994,-0.24999999999999994,-0.24999999999999994,-0.24999999999999994,3.749999999999999,-0.24999999999999994,-0.24999999999999994,-0.24999999999999994,-0.24999999999999994,-0.24999999999999994,-0.24999999999999994,-0.24999999999999994,-0.24999999999999994,-0.24999999999999994,-0.24999999999999994,-0.31495143486209,-0.8006893509923698,-1.1717319373823065,0.2134004915117685,1.6245770641604562,0.44939516756454284
ATP1B1,-1.0749650595384925,0.9347063989155835,1.0415002541553122,-1.0749650595384925,0.24439480581526576,-1.0749650595384925,-0.290666848529542,-1.0749650595384925,0.9771614243771968,1.448501128190129,0.6222595567242863,-1.0749650595384925,-1.0749650595384925,0.27950737765859773,-0.3351338420811125,1.5275601020052356,1.0718788345862844,0.2669787248492154,1.2390781733326635,-0.7970094457774431,-0.7822731987022186,-0.9986530882885
ATP1B2,1.4055338703574425,-0.574105362853022,-0.574105362853022,-0.574105362853022,1.6523340059066078,-0.574105362853022,0.39078772225304503,-0.574105362853022,-0.574105362853022,2.530421768358971,-0.574105362853022,-0.574105362853022,-0.574105362853022,-0.574105362853022,0.3360816245071752,-0.574105362853022,0.09167540290097725,0.6981552519724497,1.5506867985962562,-0.44971056290534206,-1.1796366391447042,-0.7111702514196366
ATP1B3,-0.11032256796786548,-0.054625437830722406,1.027580743030429,0.5836379860884541,-1.9075309385486103,-1.0895118326047977,1.0135211797328791,-0.735244014519158,-0.6887743545954058,-0.6794491100125104,0.14965421982959662,1.3304090650663218,-1.0355999200857566,-0.02445828823531391,0.4293737924485757,1.7913394782038883,1.1323978045241874,0.6328231386360518,0.9008344630651521,-1.036244274468521,-0.5871304589180387,-1.0426806728388311
ATP1B4,0.0,0.0,0.0,0.0,0.0,0.0,0.0,0.0,0.0,0.0,0.0,0.0,0.0,0.0,0.0,0.0,-0.5838566745563492,-0.5838566745563492,0.4934223870970355,-0.5838566745563492,1.8420043111283613,-0.5838566745563492
ATP2A1,0.0,0.0,0.0,0.0,0.0,0.0,0.0,0.0,0.0,0.0,0.0,0.0,0.0,0.0,0.0,0.0,-1.110207285689183,1.4819832961325934,0.4144082876794619,-0.7418238754026394,0.6290280802869792,-0.6733885030072122
ATP2A2,-0.4008503391369565,-0.29942354937293647,1.858253279893932,0.6678112298178986,-1.7624183308935308,-0.36821198191060683,1.1798405537343337,-0.31631799605129807,-1.4765517519405957,-0.7936170117002129,0.6713598369342737,1.0952476257795563,-0.6868286335996086,-0.4504890083468237,0.09599373236009301,0.9862023444324732,0.9124477620780856,0.32499967493661547,1.266973281004141,-0.3647613910929878,-0.9385454147715941,-1.201113912154261
ATP2A3,-0.4630432374565968,0.4235074130990182,1.02643644696907,1.1844278643751256,-1.3554850726713352,-0.273070451997911,0.22452620664160663,-0.43564765432980157,-0.7701649813179082,0.34036241162656067,-0.06265184231152492,1.8136780309041074,-1.6534337027630315,-1.244363472286924,-0.06242229316639396,1.3073443346859372,0.5170492560831796,1.1737760844205234,0.3042392174895365,-0.8698403700892703,0.40502969488531465,-1.5302538827892838
ATP2B1,-1.4007736203974914,0.6088136154926687,1.1015216288319856,0.06609233512747059,-1.4307402320457974,-0.4553692571258891,1.1852987197227163,-0.87133171480657,-1.1899015699223596,0.747002533826346,0.3329206982278858,1.794976250260109,-0.4169778535557968,-0.8616215138518323,-0.10289710112692932,0.8929870813434817,0.7813976553754634,0.3502394120110609,1.2836699953439679,-0.3456150031613993,-1.4577402602781555,-0.6119517992909358
ATP2B2,0.0,0.0,0.0,0.0,0.0,0.0,0.0,0.0,0.0,0.0,0.0,0.0,0.0,0.0,0.0,0.0,0.19429330817052815,1.58333016885024,0.10242630362224829,-0.698648538412548,0.20266572280706543,-1.3840669650375323
ATP2B3,0.0,0.0,0.0,0.0,0.0,0.0,0.0,0.0,0.0,0.0,0.0,0.0,0.0,0.0,0.0,0.0,0.24589962468682783,-0.9624949193864023,0.5490873435315544,-1.2000919828982577,-0.13359052614071326,1.5011904602069908
ATP2B4,-0.1420378480447044,0.10828025565678565,1.090460670454661,0.9067981878084089,-1.306010398344864,-0.2040286600136337,1.2721403924567312,-0.04885556030216908,-1.919927189530533,0.6230744214455768,0.6471499303756535,1.0532771258499454,-1.3194650675804314,-0.8793024929375434,-0.7966333939621231,0.9150796266682484,0.7642229420993676,0.4329421027397648,1.375159258289778,-0.8441280389854482,-0.6076043359644565,-1.1205919281790042
ATP4A,0.0,0.0,0.0,0.0,0.0,0.0,0.0,0.0,0.0,0.0,0.0,0.0,0.0,0.0,0.0,0.0,1.4994109245482465,-0.4516298367349703,-0.3759870499023128,-1.1702457570951497,-0.4263216657693132,0.9247733849534981
ATP4B,0.0,0.0,0.0,0.0,0.0,0.0,0.0,0.0,0.0,0.0,0.0,0.0,0.0,0.0,0.0,0.0,-0.06997444602776752,-0.23505157767455095,1.8109685891136142,-0.8902017469858711,-0.8902017469858711,0.27446092856044735
ATP5F1A,-0.42622356779845894,0.5027444594060847,1.0817072401184251,0.9492381732053332,-2.1835126794417206,-0.023795478720479137,0.6565363684543348,-1.148395732844984,-1.5783859069352582,0.21772977900971352,0.2846339995971081,1.1458702839433705,-0.49466952603650544,0.13950236100520552,-0.3965966372388126,1.273616864276632,0.4293170397026685,1.0769549342161908,0.918200891235424,-0.9307532450710825,-0.10232070436153812,-1.3913989157216629
ATP5F1B,-0.869970702914804,0.5159181973433324,0.6174962076071382,1.3017032522014722,-1.9978623468771892,-0.5052813379132742,0.5199341540879323,-1.094369435270842,-0.784205342921221,0.21668639067851753,-0.04064242913689912,1.7614583902758731,-0.5967200632576645,0.10378567600147699,-0.4932942425107201,1.345363632606884,0.42988759401465476,1.2192505122895305,0.46456834178471385,-0.9101218196010904,0.28143228774737644,-1.4850169162351954
ATP5F1C,-0.9124405732162094,0.7099978080652201,0.40337322413156507,0.4940572107049323,-1.4962398183640855,-0.15346983776614037,0.6698292250441191,-1.2129971119242344,-1.1479657721712793,0.39711680465087157,-0.2511170221695525,2.2984288251950744,-0.854795053417705,0.6522187170414281,-0.510458088174421,0.9144614623704309,0.15619078605359699,0.9653332615429921,1.278563245330761,-0.9300647530185417,-0.25360261741864343,-1.2164199224901633
ATP5F1D,0.14611971598897963,1.4560849129798912,0.32753766815423274,0.8247200077138748,-1.8811608022653137,0.39706764331543054,-0.5161713164654554,-1.2116238821237586,-0.5927684404984668,0.2399780954369982,-1.068889769934892,1.688902030647247,-0.47686701496747425,0.5363083128540419,-0.8600023565874068,0.9907651957520675,0.3372635164559161,1.4455152650381347,0.05567496905167172,-1.0702909359529753,0.43843895548681927,-1.2066017700795681
ATP5F1E,-0.3094372820672287,0.9862470050431099,0.17825837143590564,-0.3567653776322555,-1.4640072491190896,0.17637544639344518,0.1654815276053203,-1.9433422780781087,-0.365747090769448,0.6555993461457378,-0.27203777022240966,2.1130181530095253,-0.539126016782671,0.6980012679357331,-0.8295891650363463,1.1070711121387837,-0.0825636064271304,0.8129768426059861,0.47790691317617673,-1.3276589370586596,1.1399605028454793,-1.0206217151418633
ATP5MC1,0.5445068486540316,0.5347738973439699,0.9148897938429275,1.0842421139833434,-1.3612637352933978,-0.7221849286856626,-0.45638139600827127,-1.1929572211764643,-1.159893884904791,0.4967124852225553,-0.21086486518305503,1.7328626233023923,-1.0729332305241954,0.3902223851468725,-0.842928300497756,1.3211974147774979,-0.2772033873751687,1.2599973205980848,0.7512170923177298,-1.1811880983346603,0.5056454384998261,-1.0584683657058163
ATP5MC2,0.008336152389611265,1.2287181767306943,0.5164396743042481,0.8969202616521633,-1.8994539690793815,0.24435978413454112,-0.02056427986395359,-1.0828202333935117,-1.1795899661965237,0.43067536149085167,-0.5453730542243412,1.7767343999868288,-0.7689588183377293,0.038575567532696566,-0.7944093957179461,1.1504103385917388,-0.12194581673329088,1.2726255656863974,0.7732107924563103,-1.1730773740033762,0.3694852628753626,-1.1202984302814045
ATP5MC3,-0.1209990325933636,0.7260102658254464,1.2486323764978602,0.7881639182104658,-1.7162974531637463,-1.1500025080549865,0.5183892708607357,-0.47290000626469236,-1.5272238704694663,0.11484322668595724,0.2287824582315756,1.5505772146573262,-0.8576435963163968,0.19719932281707708,-0.7201005792786752,1.1925689923548755,0.07748653033987626,1.193806348347867,0.9577324590358957,-1.139413607991534,0.07150596623412235,-1.1611176959662253
ATP5ME,0.10071416312970159,1.3666164885353536,-0.6363699627627657,-0.9240075566396974,-1.8193088240416968,0.37714981143661835,0.4225722351458924,-0.9015139627023107,-0.12876874426788038,1.166674337649238,-1.1991770141440938,1.3281143385159713,-0.054764853296989144,0.641910793352387,-0.963429767475467,1.2235885175657355,-0.22459317175933588,1.2882052536372992,0.6318643151658008,-1.3151050433726978,0.5477134221167957,-0.9280847757878589
ATP5MF,0.42948345495135726,-2.1914009557288705,0.5460867891635596,0.8097055674729885,-1.0138792002009647,-0.930227987560572,1.8223541531531788,-0.3977367934865117,-0.42523406682169734,0.32667572783772614,-0.5941129242530275,1.2353479870481558,-0.6276377250243125,-0.24672104019528884,0.2576812349580199,0.9996157786862587,0.025819413260378274,1.1832034930706368,0.8431968380311865,-1.1697821745854196,0.3106600537431953,-1.1930976235199802
ATP5MG,-0.7796805628261082,0.21045774207045762,0.7779031027396904,-0.7514091909788335,-0.6452843779922407,0.4115818728059146,1.525617417324589,-0.7275362989546378,-0.07592449504133578,0.252737232316193,-0.5823644048178681,1.8819237763254624,-2.053844301838199,0.5572646574369716,-0.7932487558459296,0.7918065872758686,-0.0499509051342982,1.1980253737216942,0.7964086023246363,-1.4475052995066868,0.3469976399228554,-0.8439754113281999
ATP5MGL,0.0,0.0,0.0,0.0,0.0,0.0,0.0,0.0,0.0,0.0,0.0,0.0,0.0,0.0,0.0,0.0,-0.3312918961111955,0.3312619644997058,1.5299645132438062,-1.5263034442528005,0.2328234968387601,-0.23645463421827467
ATP5PB,-0.9993861765862425,0.8383638584545857,0.49690941804864686,0.5426117688547466,-1.9298850589409204,0.07508979190523674,0.5308291788072383,-0.9989175942654621,-0.9776248709285545,0.4742815840718387,0.1645928507348522,2.0344883947866723,-0.9357016240227779,0.349414720494814,-0.6531031308108255,0.9880368893961601,0.26721828216617954,1.1230562576828758,0.9945122296286661,-1.1850400445280964,-0.07343796865821701,-1.1263087562914138
ATP5PD,0.2944709472291872,0.8102161793535404,0.7374519119490203,0.35205046441344084,-2.5721214660664495,0.22380880200354075,0.05652100991954378,-0.6641463595281207,-0.7409485983900328,0.5059909716401678,-0.804991785326093,1.4532605669463823,-0.6410982302994923,0.5771941212797121,-0.8147834902008743,1.2271249550765426,0.003565484301931939,1.1474192080105698,0.7189035355808485,-1.2311307160430685,0.53118156982552,-1.169939081675804
ATP5PF,-0.11349974480653645,0.20885786814354987,0.19671306216441534,-0.5428588730170194,-1.8035498818277447,0.44173381455845717,0.6758047267403863,-1.193834134983365,-0.8436860825599635,0.6894030501289822,-0.4017499204083247,1.917700184167793,-0.6150391364604155,0.9583559690292701,-0.9844356262982588,1.4100847254287778,0.2165618937484668,0.6902703929102348,1.3601897227892785,-1.297316740728825,0.0016228372728263765,-0.9713281059919857
ATP5PO,-0.6622331013836599,0.9214886033370001,1.4608631189399075,-0.6351055891385187,-1.2319785580701925,0.30821307565609707,1.598425960146004,-1.707583169920298,0.05581088144618628,-0.06823515390667273,-0.9076769278563923,0.6771294769723596,-0.5411836153529564,-0.22492484710047558,-0.52143390234507,1.4784237485766836,-0.16791188107484273,1.1114812546222432,1.023772213330072,-1.3534459782681323,0.27100355645392354,-0.8848991650632635
ATP6AP1,-0.8844457275868033,0.6492225020387558,1.5924844994453908,0.7481189752215248,-2.0195896728290226,-1.4986655430603244,0.8111307018801326,-0.14276646880319163,-0.15551782631760613,-0.11529860952264018,0.3283350624541348,-0.12786464021573543,-0.4562235516022038,-0.2368092715940001,-0.2792067034953033,1.7870962739868907,0.6290827211766289,1.0781752917896401,-0.29416594287063397,-1.0668922271295722,0.865426240489302,-1.2116260834553774
ATP6V0A1,-0.10807878023318017,-0.20978601237358754,1.6728693828741996,-0.4391629888912998,-1.3597926213928975,-1.7010650876300415,0.32899910042982866,-1.7010650876300415,0.3785733890648629,-0.5247427255116034,0.6284148692367502,1.2357963545255775,-0.14437560420002776,0.18137071579365766,0.5194152132788936,1.242629882658914,0.7883141554637694,0.7450582096248769,0.2347054035391125,-1.2645497879848764,0.7588066529731828,-1.2623346336160628
ATP6V0A2,-0.9226202365767706,-0.025882395935877864,0.9205479722550355,-1.8301419941790882,-0.5720612098216638,-0.08012637088214894,1.1292944940236402,0.16780315274991375,-0.6727696817820333,0.8736823774298189,0.303089201966301,1.7230899485466098,-1.2487048877119205,-1.0662373766987574,0.15311583226881845,1.147921174348125,0.1537595029920924,0.7820336339683079,1.5211367905133548,-0.6596838990821685,-0.9172614843013925,-0.8799845440901968
ATP6V0A4,0.0,0.0,0.0,0.0,0.0,0.0,0.0,0.0,0.0,0.0,0.0,0.0,0.0,0.0,0.0,0.0,-0.45279601845182094,-0.24879699205333708,-0.4367888273026982,-0.6997602756378685,2.0060953629807265,-0.16795324953500154
ATP6V0B,-0.5917807452169777,0.8401607715838332,0.195715507260524,1.0954168121724999,-2.004408807092239,-1.6186957145644099,-0.3037819654989872,-0.8220743025887384,-0.07540176083979466,0.564985520950878,0.20177433121574986,1.7631090708849915,-0.38195541063882815,0.15571750870296333,-0.275572106277708,1.2567912899462435,-0.01347886747905407,1.3354946373852132,-0.4036765089235744,-1.2148621911337327,1.0238939799729871,-0.727371049821835
ATP6V0C,-0.25000000000000006,-0.25000000000000006,-0.25000000000000006,-0.25000000000000006,-0.25000000000000006,-0.25000000000000006,-0.25000000000000006,-0.25000000000000006,-0.25000000000000006,-0.25000000000000006,3.750000000000001,-0.25000000000000006,-0.25000000000000006,-0.25000000000000006,-0.25000000000000006,-0.25000000000000006,0.6059480890550872,1.2670755931643825,-0.7262090806548894,-0.48549803600956143,0.6806746453040571,-1.341991210859092
ATP6V0D1,-0.4189709248781154,0.5432655400740152,1.2080583927707556,1.2873061360931222,-1.7638790572116818,-1.8061202383724406,-0.9358532005373134,-0.6632403269558477,-0.3990313667703685,0.3568134431463207,0.6188272114708439,0.208898184688685,-0.09940054681209655,-0.3007461637958253,0.548813612336219,1.6152593047537374,0.2351166635336389,1.1716607253724642,-0.3521960142528025,-1.0766917196740262,1.0807232924896,-1.058612947468879
ATP6V0D2,0.0,0.0,0.0,0.0,0.0,0.0,0.0,0.0,0.0,0.0,0.0,0.0,0.0,0.0,0.0,0.0,1.2944872339675355,-0.976492003782478,-0.38018931638200343,-0.86301746137746,1.1883519101282913,-0.26314036255388473
ATP6V0E1,-0.5761698818962756,0.9886990470672792,0.0981422134711598,0.7498429883973593,-1.961579416728457,-0.5753496669026212,0.08945241676445535,-1.1570763713718482,-0.522001702227495,0.7308013487093147,-0.18043288242242966,2.072482906658883,-0.45051752794541017,0.1783170148353752,-0.7648226173452198,1.2802121309359324,-0.038330347417689016,1.282269006808511,0.13089592251002477,-1.3752072510327245,0.8504769270639632,-0.850104257932084
ATP6V0E2,0.36095262286116886,0.9066446348116193,1.4565323557182512,0.6082423742811716,-1.0467246256994223,0.36924139396661537,0.8100974086670697,-0.7452743927937191,-1.5067124460924357,-0.22815266438568618,-0.2301733733555539,1.8526328415751072,-0.6345301966813875,-1.1065970677371038,-1.240188318998443,0.3740094538627451,-0.2783739459468168,1.2417849016707614,0.8855247335810139,-0.8941334648685857,0.3414474249132477,-1.2962496493496227
ATP6V1A,-0.8489513668424299,-0.33218004272495427,1.1717524230391851,0.8905695438786685,-1.8303254157022426,-0.8546304342875836,0.6677800888953183,-1.270731069688667,-0.2297854173158106,0.4576954740665976,0.7553232989901625,1.3964626107826135,-0.40708787673427826,-0.9899789724931958,0.03419790109114619,1.3898892550454767,1.2046624736414013,0.43622241202621126,0.9955719657528656,-0.7131995214416355,-1.0295324822971832,-0.8937248476816628
ATP6V1B1,0.0,0.0,0.0,0.0,0.0,0.0,0.0,0.0,0.0,0.0,0.0,0.0,0.0,0.0,0.0,0.0,0.3716533743734611,0.24890695820594774,1.3802706234893611,-1.0776507757184521,0.34689926791910974,-1.2700794482694289
ATP6V1B2,-0.5733772059096776,0.20458444073958357,1.0986210661068245,1.348290511963832,-1.9138240709243621,-1.5347103696594318,0.09379205503278244,-1.210455727986972,-0.3860332962134157,-0.01992614321095043,0.7581046451492497,0.9338304602298476,-0.18764169305024256,-0.33872557148057975,0.2025748365055798,1.52489606270794,0.809433195632018,1.019438273930385,0.06056028791472627,-1.069505460999379,0.5444776466895167,-1.364403943167277
ATP6V1C1,0.009905637025818108,-0.04079101496634406,0.6677228999940429,0.22364176102226724,-1.57545004742496,-0.3746555272075668,1.2863446089870845,-0.3299605551200024,-1.6663383901194595,0.6207957050809678,-0.16729907651790257,2.0350670202042016,-1.2307096934066746,-0.4455186405167724,-0.046925615164454725,1.0341709281297475,0.4008847484818242,1.1318988938250905,0.6900973880883886,-1.0773920952484362,0.22255916323998948,-1.3680480983868537
ATP6V1C2,0.0,0.0,0.0,0.0,0.0,0.0,0.0,0.0,0.0,0.0,0.0,0.0,0.0,0.0,0.0,0.0,0.5536628131988816,0.6996744745107976,1.3234089810505258,-1.0433073477131767,-0.45988554470722,-1.0735533763398022
ATP6V1D,0.24104831319597073,0.5073584286077056,0.3717351189191496,0.2949913677358072,-2.2273008274140187,-0.11376339551884898,0.4020545425227264,-1.1223660533194426,0.009192030589807072,0.12485255170491745,0.060011828887383864,1.83493286214476,-1.0116009122767737,0.8057888145454654,-1.3110821747085668,1.1341475043839564,0.41695044048822705,1.1373758316089668,0.866553278465587,-1.1877675049633454,-0.06404373375948434,-1.1690683118399547
ATP6V1E1,-0.6321031846382018,0.9381259143185733,0.3240794020282871,0.434077863039041,-2.235382112229858,-0.2591895907410506,0.5249814728242328,-1.0573745127781538,-0.2806401973433894,-0.21980900064088596,0.25342720200758967,2.1619141249383973,-0.37167100690399024,-0.26328969093709237,-0.5705430152163911,1.2533963322728912,0.2502870002864251,1.248605803775447,-0.07255934572427115,-1.1143702579174504,0.8644578920369493,-1.1764210924571132
ATP6V1E2,-0.7757005970154945,-0.7757005970154945,-0.7757005970154945,-0.7757005970154945,-0.7757005970154945,1.0544727130768212,0.5505551875360267,-0.7757005970154945,-0.7757005970154945,-0.7757005970154945,0.38692268885533104,-0.7757005970154945,0.19773535429631267,1.3792683236580792,1.3481853599187963,2.0641657457980838,0.012242708079976305,0.818829177034884,1.5540835193066957,-0.9039549015358928,-0.7469791647289424,-0.7342213381567201
ATP6V1F,-0.1255717825309715,0.9835817201493775,0.6781245379436509,1.3328063325687776,-2.1786689362865386,-0.9398429378338387,-0.06266640819860515,-0.8272498911693351,-0.611120093706993,0.14698590097730482,-0.1305904015668514,1.5100551950615082,-0.6216409858237746,0.44397552985271294,-0.8251797899959558,1.2270020105595176,0.2240697195976494,1.398861658191148,0.13320653094576865,-1.1621395223880446,0.5539560145574659,-1.1479544009039873
ATP6V1G1,-0.9752523418472377,0.38053943178717775,0.31006533414118365,0.2480942956324986,-1.7349281207512735,0.19369074799830177,0.6671151050333527,-0.8223253413083851,-0.9283861752212412,-0.3548723974570855,-0.09602011208178035,2.286749729478233,-1.0078889068230645,0.40604634891823216,-0.04524032008413245,1.4726127225852115,0.2548934925740195,1.0825440126212087,1.1541945808894063,-1.2014629977884927,-0.36653368310599976,-0.9236354051901419
ATP6V1G2,0.0,0.0,0.0,0.0,0.0,0.0,0.0,0.0,0.0,0.0,0.0,0.0,0.0,0.0,0.0,0.0,-0.18033476940504653,1.2936854513260596,0.5388457226928376,-1.0219283956146257,0.6230946679889053,-1.2533626769881352
ATP6V1G3,0.0,0.0,0.0,0.0,0.0,0.0,0.0,0.0,0.0,0.0,0.0,0.0,0.0,0.0,0.0,0.0,1.0699812717070296,1.4289581148307897,-0.18995535954536247,-0.7696613423308192,-0.7696613423308192,-0.7696613423308192
ATP6V1H,-0.412176117392314,0.8728413978235586,-0.448480882277395,0.9900647399900544,-1.4177110618764135,0.6230953466626948,0.6056509679328557,-2.0500751906539665,-1.0664988289501491,0.585328748116364,0.8564092680938674,0.4741622745948385,-1.1895221703588554,0.08309483831031361,0.060172016335641294,1.4336446536489038,0.27891821588603916,1.2315374533896593,0.9372925018542957,-0.9504604660822517,-0.2472993789907871,-1.2499883260569502
ATP7A,-0.9212981953331014,0.027795664029847632,1.3557995599532686,1.5595939288772316,-1.094259646435117,-0.029615344177578107,1.2504175308120036,-0.8752142571105832,-1.16591646296577,0.4282665647628632,0.2432505068415028,0.3093590743390334,-1.2664212915143591,-1.0733004189613902,-0.12104266682872344,1.3725854537108726,0.9076751766770347,0.14331909365096082,1.412123881011627,-0.7812477761702512,-1.1024686352628907,-0.5794017399064816
ATP7B,-0.41358723703858763,-0.41358723703858763,-0.41358723703858763,-0.41358723703858763,-0.41358723703858763,-0.41358723703858763,0.42003114430807753,-0.41358723703858763,-0.41358723703858763,-0.41358723703858763,-0.41358723703858763,3.488063977484581,0.682183854839927,-0.41358723703858763,0.3727678678304651,-0.41358723703858763,1.0457078946134197,0.30953374971408615,1.2188083609565605,-0.6125258273113421,-0.8662771627203668,-1.0952470152523568
AVPR1A,-0.5214057104096559,2.0543150995316326,2.191188793068796,1.5944608503824989,0.4169037819329434,-0.5214057104096559,-0.5214057104096559,-0.5214057104096559,-0.5214057104096559,-0.5214057104096559,-0.5214057104096559,-0.5214057104096559,-0.5214057104096559,-0.5214057104096559,-0.5214057104096559,-0.5214057104096559,0.824642767488583,-1.0591681552690149,0.3553162156814185,1.308862588548164,-1.1251934895819815,-0.3044599268671673
AVPR1B,0.0,0.0,0.0,0.0,0.0,0.0,0.0,0.0,0.0,0.0,0.0,0.0,0.0,0.0,0.0,0.0,1.1448822503396041,0.28912683334504796,1.1550075538911306,-1.0118448184419169,-0.8335439311473234,-0.7436278879865419
BAAT,0.0,0.0,0.0,0.0,0.0,0.0,0.0,0.0,0.0,0.0,0.0,0.0,0.0,0.0,0.0,0.0,-0.8002780439525622,0.03145379889352931,1.9560029204421936,-0.525270977954089,-0.19375365577468606,-0.46815404165438584
BDKRB1,0.0,0.0,0.0,0.0,0.0,0.0,0.0,0.0,0.0,0.0,0.0,0.0,0.0,0.0,0.0,0.0,-0.01843461528945597,-0.7386054495037403,1.9482715695454234,-0.7386054495037403,-0.15424756002014534,-0.29837849522834176
BDKRB2,0.0,0.0,0.0,0.0,0.0,0.0,0.0,0.0,0.0,0.0,0.0,0.0,0.0,0.0,0.0,0.0,0.5571417924898759,-1.1566367027790243,0.6877822434252281,-1.1566367027790243,-0.16233321048583263,1.2306825801287777
BGLAP,0.0,0.0,0.0,0.0,0.0,0.0,0.0,0.0,0.0,0.0,0.0,0.0,0.0,0.0,0.0,0.0,-0.390813340429919,1.0543659618478542,-0.1846059709997344,-1.4958061236699347,1.1965650551245368,-0.17970558187279967
BOLA3,-1.468679794741475,2.14920891032057,1.2104975217344447,0.9466048689325263,-1.0321392321136285,-0.4195476427465282,-0.4390648353103601,-1.414458564382341,-0.31208700784732435,0.7682015687959259,-0.2672570391472691,1.0999921713960013,-0.2534506713222193,0.23732504729781034,-0.3186615014539231,-0.48648379941220404,-0.2949714477213399,0.9467328174229735,1.5384128474687222,-0.6024858348886222,-0.909187910798846,-0.6785004714828888
CA2,-0.8168479017987288,0.2705513823458694,1.4552140583101307,1.9577296802460433,-1.522523857370904,0.19829130997485872,-0.6758313876919204,-1.846260308190009,-0.6403743395183946,0.7593961721595414,0.5698552527104629,0.2829005483377367,-0.26133508811110184,-0.4475798888837415,0.6493708362257176,0.06744353125443973,0.723535077124867,0.41750186547564966,0.1545433421446169,1.0315919314737025,-0.6604666566662171,-1.666705559552599
CACNA1A,-0.6837599206411326,-0.6837599206411326,-0.6837599206411326,1.4352917874771967,-0.6837599206411326,-0.6837599206411326,1.7778814306028945,-0.6837599206411326,1.9503332152219677,-0.6837599206411326,0.18753764826236646,-0.6837599206411326,-0.6837599206411326,-0.6837599206411326,1.026036932956164,0.46051819189073645,-0.45018115440592177,1.0342788853747784,0.166986754618101,-0.9263657234497743,1.2763803569547878,-1.1010991190919717
CACNA1B,-0.25000000000000006,-0.25000000000000006,-0.25000000000000006,-0.25000000000000006,-0.25000000000000006,-0.25000000000000006,-0.25000000000000006,-0.25000000000000006,-0.25000000000000006,-0.25000000000000006,3.750000000000001,-0.25000000000000006,-0.25000000000000006,-0.25000000000000006,-0.25000000000000006,-0.25000000000000006,0.7014806986665956,1.1715676078757007,-0.15104957410153091,-1.527658525661734,0.5192362425893118,-0.7135764493683419
CACNA1C,-0.25,-0.25,-0.25,-0.25,-0.25,-0.25,-0.25,3.75,-0.25,-0.25,-0.25,-0.25,-0.25,-0.25,-0.25,-0.25,-0.051482615607419395,0.80913785238417,1.5623054448241949,-0.9603420221443176,-0.8461056377668156,-0.5135130216898112
CACNA1D,-0.5117095495703904,-0.5117095495703904,2.7802902569195234,-0.5117095495703904,-0.5117095495703904,-0.5117095495703904,0.7082062894308733,-0.5117095495703904,-0.5117095495703904,-0.5117095495703904,-0.5117095495703904,-0.5117095495703904,1.0918401571225744,-0.5117095495703904,1.5601778913717144,-0.5117095495703904,0.5941828783282529,1.0236382148107355,1.0716433041238975,-1.0466952571187251,-0.8751244799493291,-0.7676446601948334
CACNA1E,-0.8300935178462376,-0.8300935178462376,1.204869621462052,-0.8300935178462376,0.4384596099117878,1.0335550011857388,-0.07599755449535898,0.7912907251950811,-0.8300935178462376,-0.8300935178462376,-0.1774366798657641,-0.8300935178462376,-0.8300935178462376,1.3642913611304237,-0.8300935178462376,2.0617160582459415,0.4517855460834146,1.078635783429746,-0.028650323988494323,-1.3338154871028938,0.8747833018128391,-1.042738820234608
CACNA1F,-0.25,-0.25,-0.25,-0.25,-0.25,-0.25,-0.25,-0.25,-0.25,-0.25,-0.25,-0.25,3.75,-0.25,-0.25,-0.25,0.7368805393445258,0.3917315393268383,1.4358500397176743,-0.753730946397446,-0.7742089866450726,-1.036522185346517
CACNA1G,0.0,0.0,0.0,0.0,0.0,0.0,0.0,0.0,0.0,0.0,0.0,0.0,0.0,0.0,0.0,0.0,-0.379336228464095,-1.108426716463675,1.2217742533755347,1.2440036405559047,-0.7224172384783834,-0.25559771052528557
CACNA1H,0.0,0.0,0.0,0.0,0.0,0.0,0.0,0.0,0.0,0.0,0.0,0.0,0.0,0.0,0.0,0.0,-0.5238113495997252,1.0539160316492624,1.3793666014856136,-0.0773812739452804,-0.797795937584418,-1.0342940720054519
CACNA1I,-1.1526802479521199,0.11489138235460601,1.5009694547674972,-0.11141350210634986,-1.1526802479521199,0.8044530614354828,0.7869250607996916,0.586051324378737,-1.1526802479521199,0.4389600851715949,-0.7245391220137173,1.1626333978558476,-1.1526802479521199,-1.1526802479521199,-0.31251452713376915,1.516984624250976,-1.1550441427119935,0.7099215384405819,1.3640571192743067,0.10680919441733505,0.10508822906645347,-1.1308319384866836
CACNA1S,0.0,0.0,0.0,0.0,0.0,0.0,0.0,0.0,0.0,0.0,0.0,0.0,0.0,0.0,0.0,0.0,-1.135137650024435,0.8511925988928769,0.3177875992856791,-0.33257262577823377,1.3178513108263137,-1.0191212332022015
CALB1,0.0,0.0,0.0,0.0,0.0,0.0,0.0,0.0,0.0,0.0,0.0,0.0,0.0,0.0,0.0,0.0,0.24912512489317382,-1.6074370908368667,1.5138079322640383,0.0817491658520223,-0.2361867249019245,-0.001058407270441051
CALB2,0.0,0.0,0.0,0.0,0.0,0.0,0.0,0.0,0.0,0.0,0.0,0.0,0.0,0.0,0.0,0.0,-0.16510965041168532,1.202447437957391,1.3013550100807998,-0.8367452676499293,-0.6996499610941984,-0.8022975688823778
CALCA,0.0,0.0,0.0,0.0,0.0,0.0,0.0,0.0,0.0,0.0,0.0,0.0,0.0,0.0,0.0,0.0,1.2016405135685235,-0.9601603220160347,0.6844562832417548,-0.7712973446864959,0.8055211919082874,-0.9601603220160347
CALCB,0.0,0.0,0.0,0.0,0.0,0.0,0.0,0.0,0.0,0.0,0.0,0.0,0.0,0.0,0.0,0.0,0.7304382494978992,0.6316657426838179,1.281815041535114,-1.1188463729788152,-0.8320634326075025,-0.6930092281305134
CALCR,0.0,0.0,0.0,0.0,0.0,0.0,0.0,0.0,0.0,0.0,0.0,0.0,0.0,0.0,0.0,0.0,0.9035954388105272,0.5242561400327234,1.1032083288420578,-1.3920090933886562,-0.7988662789098503,-0.3401845353868038
CALCRL,0.35640808990599027,0.6381275864622101,0.7132385691677051,-0.7753282516178477,-0.7753282516178477,0.5879226581652688,-0.22371028417201178,-0.7753282516178477,-0.7753282516178477,-0.7753282516178477,-0.7753282516178477,2.9287779508992666,-0.7753282516178477,0.8298548889418876,-0.2549851133849838,-0.14833658466039806,0.3632149644176355,-0.5120157062661068,1.8801557709711665,-0.3635365622088885,-0.7245698517863085,-0.6432486151274979
CALM1,-0.3889964995303871,0.8592098576875317,1.181777769373047,1.0312724051198863,-1.8433127053869198,-0.2234874393349656,0.6813871528241457,-0.7664118661933701,-0.9139290529676363,0.149027213203218,0.1949377775282768,1.6922139980472248,-1.1359578912494008,-0.7926885603168202,-0.7096556436854677,0.9846134848816522,0.3971271433820439,1.0508503364391095,0.9693065255168182,-1.019312550220234,-0.07357054854295017,-1.3244009065748004
CALM2,-0.412082604425715,0.24997218112510666,1.1811384152689468,0.2965599758014877,-1.9175181205632328,-1.244541144163762,1.5048331778323587,-1.128022162550302,-0.21861670268550376,0.3288494739406805,0.10899873850090408,1.3570221299487155,-0.3563215112699913,-0.14493313115441117,-0.871962662756407,1.2666239471511218,0.5938339167181854,1.1517458855173754,0.8189486177452243,-1.2897822004937383,-0.34229789112680253,-0.932448328360235
CALM3,-0.7081698030548942,0.7753417082847943,1.2277460943904934,0.9901783868619889,-2.060736484847109,0.06616153565733028,0.491094942403442,-0.8489932375405123,-0.8424475434229165,0.5281160418110712,-0.5421060356605605,1.1350356843592324,-1.155730899154992,-0.27223439073002187,-0.2506050816481484,1.4673490822907844,0.33633148382123773,1.1823999862692776,0.3072097980950353,-1.011704077764973,0.6026826979452368,-1.4169198883658178
CALML3,0.0,0.0,0.0,0.0,0.0,0.0,0.0,0.0,0.0,0.0,0.0,0.0,0.0,0.0,0.0,0.0,2.03265997746454,-0.4523316129676345,-0.2233335255940019,-0.4523316129676345,-0.4523316129676345,-0.4523316129676345
CALML4,0.0,0.0,0.0,0.0,0.0,0.0,0.0,0.0,0.0,0.0,0.0,0.0,0.0,0.0,0.0,0.0,0.6230809266744849,1.2238063259470555,0.6870446058972134,-1.1738734582722476,-0.2682163647129162,-1.0918420355335834
CALML5,0.0,0.0,0.0,0.0,0.0,0.0,0.0,0.0,0.0,0.0,0.0,0.0,0.0,0.0,0.0,0.0,-0.40824829046386296,-0.40824829046386296,2.0412414523193148,-0.40824829046386296,-0.40824829046386296,-0.40824829046386296
CALML6,0.0,0.0,0.0,0.0,0.0,0.0,0.0,0.0,0.0,0.0,0.0,0.0,0.0,0.0,0.0,0.0,-0.31811384487012917,-0.38292347996213777,1.99450935596146,-0.051638365577671305,-0.6074321761295017,-0.6344014894220197
CAMK1,0.6694699085151623,0.04112800086669419,0.13324324474531585,0.9100393366362738,-1.3540272875555175,-0.24957263721881437,0.43729043138351886,-0.7324808639014319,-0.4253565458489064,-2.8260116157471966,0.5781068992765236,0.7268064348881181,0.04329562386159179,0.4754948549347396,0.24472643916502637,1.3278477759989018,0.47669442784966465,1.1820257421704274,0.8167230280731151,-0.9946642594506592,-0.18234335065077456,-1.2984355879917695
CAMK1D,-0.7244474625200793,-0.14014947129993702,0.7590985392186854,1.2538615859611928,-1.5366791248651266,-1.769522076435244,-0.500945013382524,-0.8339753702510982,-0.08224082204601374,0.5210776864809816,1.0003865141614665,0.5463372577740783,-0.6739938430081747,-0.2858676689799051,0.6371401788697288,1.8299190903219726,0.6689362157166414,1.2984259150666453,0.31891316320444346,-1.366795279349874,0.02711612769873028,-0.946596142336586
CAMK1G,0.0,0.0,0.0,0.0,0.0,0.0,0.0,0.0,0.0,0.0,0.0,0.0,0.0,0.0,0.0,0.0,-0.7061027284316023,0.2965096762741369,-0.7061027284316023,-0.7061027284316023,-0.026347756379850932,1.8481462654005212
CAMK2A,0.0,0.0,0.0,0.0,0.0,0.0,0.0,0.0,0.0,0.0,0.0,0.0,0.0,0.0,0.0,0.0,0.3510381148226735,-1.2049248893774487,1.526673742238073,-0.11112159856136959,0.3989148915873522,-0.9605802607092772
CAMK2B,0.0,0.0,0.0,0.0,0.0,0.0,0.0,0.0,0.0,0.0,0.0,0.0,0.0,0.0,0.0,0.0,1.5193296965617848,-0.27150686675852775,0.8038763807498666,-0.0877043915613685,-1.1149902177761724,-0.8490046012155827
CAMK2D,-0.3674231183284411,0.6832564474974769,0.3409737082072941,-0.07086343498805418,-1.493194497374579,0.18892020504820725,1.0295349079717058,-1.5558213309268316,-1.8029746644087123,-0.44760947781069976,0.4487232509305219,1.7398416962436385,-0.525647544987354,0.7152130100957862,0.08959981962716049,1.027471023202877,0.07320483815963785,0.4872913977195825,1.7110753628086877,-0.5152969523351645,-0.9821276649658842,-0.7741469813868594
CAMK2G,-0.19805265491359725,1.0260835229010572,1.301811007611479,0.40369180867793797,-2.010916389472981,-0.5644554695403737,0.7552281898605598,0.28604625552405083,-0.4374832950227166,-0.7818553199335603,1.098136410322141,0.2098739587873026,-1.271380361688683,-1.0080426767213815,-0.3101151386170368,1.5014301522257902,0.33704245490511286,1.1808441963907181,0.6894669018867883,-1.3183070103923773,0.22012306590434683,-1.1091696086945897
CAMK4,-0.33616048166008394,0.9799447226601194,1.6770045122769521,0.28433315517939806,-0.90052580584375,0.2292740448898372,1.1782234031666214,-0.7892531771058799,-1.6064011679135284,-0.03679644525898549,-0.16590924396647763,1.1902885612307295,-1.497264723565368,-0.8600581888963188,-0.35810375592776245,1.0114045907344964,-0.2915031736024897,0.6091664054937691,1.7600811624545656,-0.6570575391826792,-0.6595678834852264,-0.7611189716779394
CAMLG,-0.6644079009115766,0.23977677901813138,0.48048841109464635,-0.10939162419474183,-2.0445404494314303,0.17331675011909264,1.330186557711635,-0.39702897291724426,-0.7616498843453268,-0.10954344998626878,0.03223299267416998,2.457123268594463,-0.5948222082143894,-0.4326472530820676,-0.4587341222678991,0.8596411061388108,0.2468684437284747,1.221025542610457,0.9743576181224577,-1.1271162190985564,-0.23118856823997758,-1.0839468171228583
CASQ1,0.0,0.0,0.0,0.0,0.0,0.0,0.0,0.0,0.0,0.0,0.0,0.0,0.0,0.0,0.0,0.0,-0.41596460865878887,0.5216953322664932,-1.2327886868225304,-0.7230540979333244,1.557817806575112,0.2922942545730383
CASQ2,0.0,0.0,0.0,0.0,0.0,0.0,0.0,0.0,0.0,0.0,0.0,0.0,0.0,0.0,0.0,0.0,1.8704254546986174,-0.6563420527655076,-0.6563420527655076,-0.6563420527655076,0.36890393309549174,-0.2703032294975862
CASR,-0.25,-0.25,3.75,-0.25,-0.25,-0.25,-0.25,-0.25,-0.25,-0.25,-0.25,-0.25,-0.25,-0.25,-0.25,-0.25,0.5534870724396395,0.8661192147995244,1.249521253814277,-0.955208934677677,-0.8345584200014432,-0.8793601863743226
CCKAR,0.0,0.0,0.0,0.0,0.0,0.0,0.0,0.0,0.0,0.0,0.0,0.0,0.0,0.0,0.0,0.0,0.0,0.0,0.0,0.0,0.0,0.0
CCKBR,0.0,0.0,0.0,0.0,0.0,0.0,0.0,0.0,0.0,0.0,0.0,0.0,0.0,0.0,0.0,0.0,1.9444835960218378,-0.5410118489190641,-0.5410118489190641,-0.5410118489190641,-0.5410118489190641,0.21956379965441852
CCS,-0.10171842439893389,0.6219485490858405,1.5298551845022923,0.6833737068712707,-1.5952697604624981,-0.4780648523482271,0.0717843006394903,-1.3144315651058571,-0.7199516787924257,-0.022048317126420452,-0.6458572639349653,1.941947878606798,-1.1312556255060797,0.2595833583330519,-0.1940499605910945,1.094154470227758,0.23745360997681722,1.209279033256035,0.47600476232836353,-1.0955133515465743,0.5116933679542665,-1.3389174219689042
CD38,-1.3294626987888476,-1.3294626987888476,0.3084734686559724,0.3789283008208988,-0.6827495629452393,-1.3294626987888476,0.9961554652546356,-0.5028749388596633,0.6856428416981679,1.365741326701184,-0.1261579952048821,1.252052368994554,-0.8241244226767171,1.029654151522056,-0.9668182230842844,1.074465315489861,-0.3100125036913188,-0.8599846294664698,1.8143605551581012,0.41512585976955174,-0.7932083119866843,-0.26628096978317956
CFTR,0.0,0.0,0.0,0.0,0.0,0.0,0.0,0.0,0.0,0.0,0.0,0.0,0.0,0.0,0.0,0.0,0.958217636443976,1.318091591838283,-0.019180676828380244,-0.9641666928737068,-1.184343840658206,-0.10861801792196646
CHRFAM7A,0.0,0.0,0.0,0.0,0.0,0.0,0.0,0.0,0.0,0.0,0.0,0.0,0.0,0.0,0.0,0.0,1.1187508031961573,0.3884161085533408,1.108696398738344,-0.7357525023791349,-0.767455009720926,-1.1126557983877827
CHRM1,0.0,0.0,0.0,0.0,0.0,0.0,0.0,0.0,0.0,0.0,0.0,0.0,0.0,0.0,0.0,0.0,-0.744960271184214,0.8086385050538938,-0.19905283955326442,-0.744960271184214,-0.744960271184214,1.6252951480520126
CHRM2,0.0,0.0,0.0,0.0,0.0,0.0,0.0,0.0,0.0,0.0,0.0,0.0,0.0,0.0,0.0,0.0,-0.12393967581393518,-0.9987259227658216,1.198220322643233,1.2125441689468044,-0.28937297024445874,-0.9987259227658216
CHRM3,0.0,0.0,0.0,0.0,0.0,0.0,0.0,0.0,0.0,0.0,0.0,0.0,0.0,0.0,0.0,0.0,-0.1668045058175836,0.4341226652699359,1.8232492048048632,-0.6549472826412707,-0.7207809924771175,-0.7148390891388275
CHRM5,0.0,0.0,0.0,0.0,0.0,0.0,0.0,0.0,0.0,0.0,0.0,0.0,0.0,0.0,0.0,0.0,-0.2827442806789059,0.6223317355443936,1.7276153581531692,-0.6796800430440016,-0.4452363586422884,-0.9422864113323663
CHRNA7,0.0,0.0,0.0,0.0,0.0,0.0,0.0,0.0,0.0,0.0,0.0,0.0,0.0,0.0,0.0,0.0,0.5362342268058816,-0.741361161624114,1.734231911206982,-0.41520493458774616,-0.13121866727449294,-0.9826813745265108
CLCN2,-0.36416892544053314,-0.36416892544053314,-0.36416892544053314,-0.36416892544053314,-0.36416892544053314,-0.36416892544053314,-0.36416892544053314,-0.36416892544053314,-0.36416892544053314,-0.36416892544053314,-0.36416892544053314,-0.36416892544053314,-0.36416892544053314,-0.36416892544053314,2.2783769212070437,2.8199880349604207,0.3504353523457167,0.866914235454315,1.2507314648308658,-0.9819712858480654,-0.24666952432989925,-1.2394402424529343
CNNM1,-0.45879270309980746,-0.45879270309980746,-0.45879270309980746,-0.45879270309980746,-0.45879270309980746,-0.45879270309980746,1.7944856566794423,-0.45879270309980746,-0.45879270309980746,-0.45879270309980746,-0.45879270309980746,-0.45879270309980746,2.503086909742794,-0.45879270309980746,1.6667325738752614,-0.45879270309980746,-0.3375617636161961,-0.7369560792409438,1.7694049517123074,0.38911262791738394,-0.055575384008765216,-1.0284243527637862
CNNM2,0.31281347610641247,-0.7112482075836174,2.7405808969129035,1.5068302074454811,-0.2453292066275355,-0.7112482075836174,0.7877729043293936,-0.7112482075836174,0.5947487329425438,-0.7112482075836174,-0.7112482075836174,-0.7112482075836174,-0.7112482075836174,-0.7112482075836174,0.1364778767059776,-0.14390922714623774,0.8248573522436686,1.1033660283541926,0.3236629173516343,-1.2761589073849275,0.18028020561333388,-1.156007596177902
CNNM3,-1.5622504774869497,0.870805792750599,1.5191079336045532,0.35815108399664974,-1.2497002358411864,-0.0634257110836615,0.7863635020270596,0.39307620528372933,-1.768315321062507,0.6797354795697721,0.7271484883315372,0.2768433260581547,-0.6921820607211601,-1.2237637428931256,0.023845971352311753,0.9245597661142188,0.6575388608163322,0.9513302191881741,1.0688885414370863,-0.8671829451113713,-0.6513245879594121,-1.1592500883708003
CNNM4,-1.0471875498365764,0.26801520305988524,0.3379050210263312,-1.0471875498365764,-1.0471875498365764,-1.0471875498365764,0.7439804680276496,0.05640357973743398,-1.0471875498365764,0.6042613290238701,0.5593646657003647,2.399436351189356,-0.37250197380125316,-0.16077108080122204,-0.5630148509680851,1.3628590369885534,0.6927246233685015,0.6017814802918294,1.3061589876279964,-0.5067831420248755,-1.0852840537275201,-1.0085978955359296
COX10,-0.6558325831678415,-0.37624836289439173,-1.7789909959435977,0.6537271417563161,-0.2219770675549404,0.9698448975319982,-0.13491212883193446,0.14515502123019047,0.8133972261611454,-1.7789909959435977,-0.9195454836248431,1.8970401524158162,-0.10147027857508671,0.7054971406632498,-0.20895169211461107,0.992258008892127,0.20272345122248128,0.9397761781048758,1.369334983581112,-0.9650992395083942,-0.5822735471133643,-0.9644618262867096
COX11,-1.7195220633018342,1.273958786972686,1.012989618198394,1.3420994365259291,-1.3796314274388468,-0.8196403451062305,0.5654601741150947,-0.43969318262990187,-0.4593132460146247,0.07719514341664331,0.3862433916268835,0.7255578775803556,-1.7195220633018342,0.6648323900199071,0.027965668661251046,0.46101984067613033,0.012343652830873459,0.8482973047521478,1.4997709701734576,-0.6461134473464791,-0.5887706576019639,-1.1255278228080359
COX15,0.18017013990533176,0.29004500729935273,1.045102354195316,1.3378430629189533,-1.8782401109272293,-0.20167148502078897,0.8243788678101169,-1.6433110894473058,-0.6384390312613629,-1.107372105738563,-0.045075843669836,1.3104925714006082,-0.5849887986068939,-0.1376198479533408,0.09577877283485028,1.152907536260794,0.7576425095108977,0.6579484829092239,1.1538138871139902,-0.6941349310022149,-0.47847642694730463,-1.3967935215845881
COX17,-0.053521946524497106,0.9202922038677908,-0.2865376574773749,0.30618338762073766,-2.057368627275824,0.4304215621741756,0.614240661340399,-0.9508412356124871,-0.19645812321054754,-0.7878475156720106,-0.1575077289371557,2.0765766426223276,-1.0519300984333224,-0.15786240843263952,-0.10909494930694834,1.4612558332573777,0.1924962239882678,0.5654235169439644,1.6417816658156092,-0.9369291004086827,-0.7240764767170079,-0.7386958296221532
COX19,-1.041830045713554,0.27397891423458753,1.6723578763485107,-0.029178527185392374,-0.7063398513028583,0.21526784614706365,0.32377491469201425,0.00172133067344647,0.09429056731920107,-1.9103418444487505,-0.11851251614105036,2.2322030197037743,-0.9412580842120156,-0.6784997222546185,-0.012334653133859891,0.6247007752734991,0.40214050398294776,1.2451307485947765,0.3358884814271098,-1.2281652269776127,0.4536805807755223,-1.208675087802738
COX4I1,-0.06746984947714436,1.3118945110407136,0.6462208822495835,0.43175174054935217,-1.9062576978009211,0.3035970901319022,0.4182061732568741,-1.5469387684555187,-0.5350856197848447,0.4488112299274921,-0.9865313403081026,1.3797396618636748,-0.7019353086221478,0.3683984223981116,-0.8518936344584017,1.2874925074893873,0.08960593723516716,1.332575583376548,0.602208496994055,-1.2784135342542304,0.3129331806926567,-1.058909664044203
COX4I2,0.0,0.0,0.0,0.0,0.0,0.0,0.0,0.0,0.0,0.0,0.0,0.0,0.0,0.0,0.0,0.0,-0.23402479081352767,1.7622371368895071,0.5747574158186196,-0.5477015711445784,-0.7776340953750104,-0.7776340953750104
COX5A,-0.63054720259484,0.6969457742814582,1.1184720527336713,0.7469373788340965,-1.9713281746289109,-0.4753599811357383,0.6226268541949878,-0.9326453014120432,-0.9987292857473867,0.5468100270029173,-0.3034707323590027,1.6938951244543006,-0.9971536180269163,0.406603752582156,-0.6002691464002984,1.0772124782215482,0.18757941008820858,1.1922192168402712,0.8504445068165111,-1.1237469882065765,0.13421003183947358,-1.240706177377886
COX5B,0.2984795890691437,0.8368090394662767,0.5011455044405553,0.38052798442435126,-2.171658242127651,-0.08951632118256611,-0.23267466311486967,-1.4671560461880473,-0.24185038602914008,0.45262494842273215,-0.7672591605962632,1.7786008014320522,-0.3928250312685096,0.4865019861934361,-0.753606720361491,1.381856717420012,0.03460403800900364,1.3288912511153763,0.021008079266868027,-1.2987465711865724,0.8351846667767197,-0.9209414639813861
COX6A1,-0.17719190624998274,-1.710958846472036,1.1137006778625451,0.9603173919966624,-1.2869588874375009,0.5698522019915531,0.8112110257869943,-0.11442356211998418,-0.13889880560604148,1.06557480748019,-0.289217388284925,1.9378240304296157,-0.6711174508416686,-0.9265118605231897,-0.9395032409403439,-0.20369818707188794,-0.12044073590821651,1.2333987378631315,0.5009768966671233,-1.4807295450259434,0.6446679865050429,-0.7778733401011344
COX6A2,0.0,0.0,0.0,0.0,0.0,0.0,0.0,0.0,0.0,0.0,0.0,0.0,0.0,0.0,0.0,0.0,0.7158810916075959,-0.506693387390997,-0.4783519549347165,-0.2775179994734603,1.647296819376735,-1.1006145691851574
COX6B1,0.002501016558914628,0.9556973911715492,1.1223230987831097,-0.052684420124918765,-1.987483827509482,-0.6059936639210242,-0.08571291988989715,-1.5523627617421212,-0.3216279621340082,-0.26904498927904597,-0.24774134503939418,1.6925343187422337,-0.13309048549856245,0.2751620063585755,-0.43676437520800443,1.6442889187320584,-0.17969813031597134,1.2000316197718497,0.10718518464573899,-1.3607536241956502,1.0214087031673151,-0.7881737530732805
COX6B2,0.0,0.0,0.0,0.0,0.0,0.0,0.0,0.0,0.0,0.0,0.0,0.0,0.0,0.0,0.0,0.0,0.6765186210918354,0.46559452629552905,-1.5637650396172353,-0.670912336993974,1.1917321637443425,-0.09916793452049778
COX6C,-0.5400674361852437,0.937451173224003,0.3538557815394613,-0.6084578782824915,-1.7528020160233364,0.39635939468594755,0.3814849758933323,-1.5287366432338614,-0.442349668963757,0.7313357129034571,-0.5061228030018038,2.1331698571278217,-0.5033628985350023,0.4936954633483381,-0.6342891530397842,1.0888361385429168,0.35720612865389895,0.6930038767712007,1.417186839198286,-1.1889336216907431,-0.3627052942259628,-0.915757928706677
COX7A1,0.0,0.0,0.0,0.0,0.0,0.0,0.0,0.0,0.0,0.0,0.0,0.0,0.0,0.0,0.0,0.0,1.11118383499533,0.3136309247807965,0.9595730040097663,-1.3907685371792957,-0.8957137810509554,-0.09790544555564332
COX7A2,-0.28643625155964225,0.8685999370773358,0.419342944656387,-0.4011158489486124,-1.8751400044252207,0.40129543370492204,0.08493131580974515,-1.359199911564744,0.0646866825462303,0.07779072263899474,-0.7793618098132375,2.2359597779584997,-0.0973960414302628,0.47467297409376413,-1.0161949920350886,1.1875650712909231,-0.010257731831792809,1.1084217964177199,0.9216680970028689,-1.479190194876487,0.27174604129433766,-0.8123880080066468
COX7A2L,-0.9569206128682188,0.45593832828382,0.625653252964531,-0.2775980366607868,-1.8890752543302134,-0.03484409871519434,0.6707829476210224,-1.1083353329610646,-0.9405208558746929,0.45011130128980836,-0.43623467907069635,2.172619219893879,-0.39913571690867944,0.3876794159946056,-0.07885694522088561,1.3587370665627636,0.12869283072947257,1.0123350061705583,1.3267722230293542,-1.148129097498993,-0.5915518457913036,-0.7281191166390886
COX7B,-0.7900742950211767,0.6403110742800133,-0.12840783507159437,-0.4925994123140493,-1.0412073060740417,0.38448978993133487,-0.16190822229575852,-1.5321537832406007,0.04762122356035368,0.81874726961657,-0.3770008797185937,2.202921575483342,-0.37388326920635406,0.7853457407058103,-1.3469518628045232,1.3647501921692637,-0.043410589763331765,0.9225017313407702,1.3408578780771607,-1.2624014339983212,-0.8641957416121919,-0.09335184404408611
COX7B2,0.0,0.0,0.0,0.0,0.0,0.0,0.0,0.0,0.0,0.0,0.0,0.0,0.0,0.0,0.0,0.0,-0.30604670042390464,-0.2672943716839694,-0.18943413823645697,-1.2796789273622433,0.287873050031549,1.7545810876750254
COX7C,-0.2979144599722401,1.037132263913932,-0.2239917907587506,-0.8991097216380346,-1.3749308277385848,0.6990690075380741,0.4846493073745239,-1.2345745749801842,-0.3772719459677319,0.8140925662044044,-0.7997104947929805,2.0921447440221086,-0.502246111717944,0.5097723462901093,-1.0821208982113064,1.1550105904346104,-0.887790628997755,0.6884821014449256,0.7731168738565655,-1.44974988677171,1.0101154062565194,-0.13417386578854548
COX8A,0.8102338501100443,-0.6818945659542688,1.3158156160303414,1.6273539541474513,-1.1097481091834265,0.14879698332280394,0.9541348771980914,-1.0708390234569893,-1.7093850616833295,0.8763112576100741,-1.2426038930009364,0.2584991669857709,-0.23655256636054245,0.3822740239663514,-0.7239028981354232,0.40150638840397707,0.20700387521764724,1.3647328680695485,0.06470275849944546,-1.2227996289829148,0.6619951309947539,-1.075635003798495
COX8C,0.0,0.0,0.0,0.0,0.0,0.0,0.0,0.0,0.0,0.0,0.0,0.0,0.0,0.0,0.0,0.0,0.0,0.0,0.0,0.0,0.0,0.0
CP,0.0,0.0,0.0,0.0,0.0,0.0,0.0,0.0,0.0,0.0,0.0,0.0,0.0,0.0,0.0,0.0,0.31520825626845994,0.8859500661686508,1.3132212535010217,-0.8990186424909485,-0.43468168482932024,-1.180679248617862
CSF1R,-0.022007358077484985,-0.03448175745958753,1.540118520549568,1.0980440382001113,-1.6235430435976999,-1.4321482212559338,-0.48703970271105773,-1.4363190205451366,0.14458068231625984,-0.530309121476288,0.37643185114893474,1.6956685445478357,-0.39367854443866857,-0.11999327862026707,0.30002510527089177,0.9246513061485081,1.572776738636692,0.30011605166376637,0.3180002311626683,-0.0318408975974511,-1.1208338055973508,-1.0382183182683307
CXCR4,-1.5659742166416812,0.6646334420210492,0.41672919874489034,0.8165730352873283,-1.6651115424616916,-0.44834079383720155,0.6126546030116244,-0.42404083445562124,-0.46714953803414244,0.5912205667427111,0.5578155848603376,1.999175769863163,-1.3090665965026251,-0.580956030929634,-0.0932983392663948,0.8951356915978996,1.190692064895058,1.0776756500970333,0.34941691851679807,-0.9647280706942246,-0.856337395117798,-0.7967191676968545
CYBB,-0.40974236734615316,0.16459380372936966,0.7870674078220486,0.6060181053078276,-2.0002604851042096,-1.7326208975733717,-0.07693987267530762,-0.8817560500449895,-0.5490606219000078,-0.3771871172719777,0.4930256580313371,1.4903057609907742,-0.02869928927766552,0.6394017318771674,0.24692771735973415,1.6289265160754178,1.1986195792872607,0.23777483163114616,1.0033660754461757,-0.22692018849946588,-1.096249397749538,-1.1165909001155667
CYBRD1,-1.1527034631982582,-0.22854445957265931,1.066964649669577,-0.09007330282097964,-1.3722739610622823,-1.8547493385231268,0.4718673500127482,-0.6596913757410093,-0.37089726528052086,0.7578702021332769,0.868061199130076,1.614999923807604,-0.7000214753615215,0.11041873937111553,0.16456687695391936,1.3742057004820316,1.2647175619500466,0.5868380581517741,0.766146711371351,-0.5615226269396463,-1.1693071483420947,-0.8868725561914336
CYC1,0.039740778006366176,0.950256736781429,0.7473154976221386,0.8971098988125025,-1.5369301066098262,-1.0788349616214763,-0.24475746245549626,-1.1591323451125306,-1.4696066581522658,0.5333453242292128,-0.46456132335425415,1.686612101318242,-0.45749205661935144,0.2878141932324465,-0.14018664124429556,1.409307025167154,0.4337956085941092,1.2696753458057846,0.45565340187981035,-0.9166142006021851,0.2094158941309755,-1.4519260498085038
CYCS,-0.641083661205223,0.7544703693463208,0.37978057621881006,0.5916926698300059,-2.223332390591967,-0.6465397152562574,0.7553109369874956,-0.7093355919853338,-1.2058718570927505,0.2711603876163059,0.4773687316345786,1.7797594672178565,-0.609643665519472,0.5192907799296969,-0.582474617916625,1.0894475807865527,0.5115339707466121,0.7223027412018097,1.3864507799201635,-0.8168340490538432,-0.923243665770498,-0.8802097770442471
CYP24A1,-0.25000000000000006,-0.25000000000000006,-0.25000000000000006,-0.25000000000000006,-0.25000000000000006,-0.25000000000000006,-0.25000000000000006,-0.25000000000000006,-0.25000000000000006,-0.25000000000000006,3.750000000000001,-0.25000000000000006,-0.25000000000000006,-0.25000000000000006,-0.25000000000000006,-0.25000000000000006,0.29994522184528,0.5604892472152386,1.4383850120742465,-0.05292239706761648,-1.0905017512338067,-1.1553953328333422
CYP27B1,-0.25,-0.25,-0.25,-0.25,-0.25,-0.25,-0.25,-0.25,-0.25,-0.25,-0.25,-0.25,-0.25,-0.25,-0.25,3.75,-1.0740447040223766,0.35640603623618405,1.6916444273875963,-0.6356236279597139,0.2760466305035634,-0.6144287621452539
CYP3A4,0.0,0.0,0.0,0.0,0.0,0.0,0.0,0.0,0.0,0.0,0.0,0.0,0.0,0.0,0.0,0.0,-0.27684301489621754,0.27253320252531393,1.8614411278568093,-0.2703347373448529,-0.6320322986446466,-0.9547642794964071
CYP7A1,0.0,0.0,0.0,0.0,0.0,0.0,0.0,0.0,0.0,0.0,0.0,0.0,0.0,0.0,0.0,0.0,-0.5765615343169419,0.8565775133978202,1.6298628023257493,-0.506929002564625,-0.836174465635219,-0.5667753132067831
CYSLTR1,-1.6463026364672593,0.5089292007677937,0.08223820754279322,0.7223750147909724,-1.3455178356319026,-0.37146034700382674,0.7913574471968498,-1.6463026364672593,-0.12038670662842353,0.32336529467672137,0.34680948854055277,2.0469947916313744,-0.45155370454353627,0.01280594753639205,-0.43438877326313935,1.181037247321897,0.9733323164148437,0.22962209593569174,1.3325923541635958,-0.7844356783165868,-1.0699278125492144,-0.6811832756483299
CYSLTR2,-1.0232005723341813,1.4396446348029086,1.010359016878236,0.6242224970923803,-0.5776666958146781,-1.0232005723341813,0.41023460761061253,-1.0232005723341813,-1.0232005723341813,0.5124974809246036,-0.273869468305273,2.1818478447703478,-1.0232005723341813,-0.19891344888810839,-0.5729637647579985,0.5606101573578783,1.400435285997587,0.22525601326557293,0.5958619115289521,-0.2878608452847064,-1.5501738660290554,-0.38351849947835304
DBH,0.0,0.0,0.0,0.0,0.0,0.0,0.0,0.0,0.0,0.0,0.0,0.0,0.0,0.0,0.0,0.0,-1.5205782620904729,0.3840622986358467,1.1923310744115452,-0.03060024138209949,0.7348650526730305,-0.7600799222478508
DIO1,0.0,0.0,0.0,0.0,0.0,0.0,0.0,0.0,0.0,0.0,0.0,0.0,0.0,0.0,0.0,0.0,0.2995021928039996,-0.34284272285200723,1.8945707764142992,-0.5823566076325398,-0.806482602604859,-0.46239103612889265
DIO2,0.0,0.0,0.0,0.0,0.0,0.0,0.0,0.0,0.0,0.0,0.0,0.0,0.0,0.0,0.0,0.0,1.856322186711447,-0.4808376684530115,-0.789854829304393,0.24305659915570407,-0.029274687867966102,-0.7994116002417825
DIO3,0.0,0.0,0.0,0.0,0.0,0.0,0.0,0.0,0.0,0.0,0.0,0.0,0.0,0.0,0.0,0.0,0.0,0.0,0.0,0.0,0.0,0.0
DMP1,0.0,0.0,0.0,0.0,0.0,0.0,0.0,0.0,0.0,0.0,0.0,0.0,0.0,0.0,0.0,0.0,1.8730377218692724,-0.573363126804351,-0.573363126804351,-0.573363126804351,0.42041478534813165,-0.573363126804351
DRD1,0.0,0.0,0.0,0.0,0.0,0.0,0.0,0.0,0.0,0.0,0.0,0.0,0.0,0.0,0.0,0.0,0.0,0.0,0.0,0.0,0.0,0.0
DRD5,0.0,0.0,0.0,0.0,0.0,0.0,0.0,0.0,0.0,0.0,0.0,0.0,0.0,0.0,0.0,0.0,0.0,0.0,0.0,0.0,0.0,0.0
EDNRA,0.0,0.0,0.0,0.0,0.0,0.0,0.0,0.0,0.0,0.0,0.0,0.0,0.0,0.0,0.0,0.0,0.8677640821313252,-0.3123526210319347,1.4865823295221496,-0.9721703402272945,-0.9943233257936797,-0.07550012460056599
EDNRB,0.0,0.0,0.0,0.0,0.0,0.0,0.0,0.0,0.0,0.0,0.0,0.0,0.0,0.0,0.0,0.0,-0.8819859837297046,-0.37442428319301585,1.4322967444319679,-0.96672251477859,1.0211855381846833,-0.23034950091533932
EGF,-0.5587804747605873,-0.5587804747605873,-0.5587804747605873,-0.5587804747605873,0.45279115629768035,-0.5587804747605873,0.524910553543139,-0.5587804747605873,1.0983526165729136,2.927977023195896,1.1425538727568316,-0.5587804747605873,-0.5587804747605873,-0.5587804747605873,-0.5587804747605873,-0.5587804747605873,0.825655460745867,0.026631146522767768,0.3549899868421478,-0.06773334395809538,0.7602093402102276,-1.8997525903629162
EGFR,0.0,0.0,0.0,0.0,0.0,0.0,0.0,0.0,0.0,0.0,0.0,0.0,0.0,0.0,0.0,0.0,2.0184949089081656,-0.5752274569239916,-0.2912539207866269,-0.5752274569239916,-0.20859606287773133,-0.3681900113958247
ENPP1,0.0,0.0,0.0,0.0,0.0,0.0,0.0,0.0,0.0,0.0,0.0,0.0,0.0,0.0,0.0,0.0,1.7340500168416217,0.274778792980536,0.12413701608983223,-0.8463333755104,-1.0664978892293882,-0.2201345611721987
ENPP2,-0.4477486178324432,-0.4477486178324432,-0.4477486178324432,-0.4477486178324432,0.42938059719580524,3.2698641522820813,1.2350993365131504,-0.4477486178324432,-0.4477486178324432,-0.4477486178324432,-0.4477486178324432,-0.4477486178324432,-0.4477486178324432,-0.4477486178324432,0.43863932799828076,-0.4477486178324432,0.50235094315446,0.917572436318562,1.1797362480629976,-1.0023731375580682,-0.4569469129956116,-1.1403395769823386
ENPP3,-0.43086817829065355,-0.43086817829065355,-0.43086817829065355,2.0601853976165097,-0.43086817829065355,-0.43086817829065355,0.752581346542649,-0.43086817829065355,-0.43086817829065355,-0.43086817829065355,-0.43086817829065355,-0.43086817829065355,-0.43086817829065355,-0.43086817829065355,-0.43086817829065355,2.7885195736193373,0.7302074236788606,-0.6990116891169469,1.6657247826933794,-0.9637214779933277,-0.42133169695963474,-0.31186734230233015
EPHX1,1.0961714583495739,-1.0743449459862024,-1.0743449459862024,0.2786983064443295,-0.4743197124334972,0.5142593906975115,1.1688437534583251,0.30774937792846996,-0.0913975800986488,-1.0743449459862024,-0.5180096324365177,-1.0743449459862024,-0.22939514521582002,1.3752214697650333,-1.0743449459862024,1.9439030434722524,0.019065234248483127,1.2013588910503175,1.164267286048214,-0.6103243390493166,-0.5306937285019817,-1.2436733437957128
ERBB2,-0.9506901027659104,1.4187172048171084,-0.9506901027659104,0.9956969713540351,-0.9506901027659104,-0.9506901027659104,-0.026000694120780342,-0.9506901027659104,-0.9506901027659104,2.0244823815177884,0.5010205884040896,-0.9506901027659104,0.2647916399983569,0.6462360401188044,-0.0784273825847673,0.908313969856738,-0.03306810026028216,1.2802671266698273,0.5465075007849669,-1.1284019009007344,0.5523748513681813,-1.2176794776619657
ERBB3,0.0,0.0,0.0,0.0,0.0,0.0,0.0,0.0,0.0,0.0,0.0,0.0,0.0,0.0,0.0,0.0,-0.30654276491806626,-0.5715156470529679,2.010947251645439,-0.36335895577748234,-0.15305963590136276,-0.6164702479955599
ERBB4,0.0,0.0,0.0,0.0,0.0,0.0,0.0,0.0,0.0,0.0,0.0,0.0,0.0,0.0,0.0,0.0,0.9931028954370037,-0.8954675815733772,0.8881543658030993,-0.6003101200884576,-1.1898347567656802,0.8043551971874101
F2R,-0.5715475252760613,1.5355769066670681,0.6071099908110639,0.7048996273404399,-0.7686840747105734,-1.6663065734041733,-0.06379868570689118,-0.5190223613874786,0.5488664764275061,1.5953631007076696,-0.23754018700977242,0.8311206769961793,-1.6663065734041733,-0.7447953425297447,-0.4240933835908114,0.839157928069752,0.9983036688550571,0.0444896740175697,1.2586984857227659,-0.2830658061674075,-1.3964729504454658,-0.6219530719825171
FBXL5,-0.899351634112045,0.06340927435916849,0.8487521725118135,0.8293573378736427,-2.1298498879043977,-1.2822580379126522,0.34983555179396564,-0.17085373857633396,-0.6823250613641608,0.49769378472090336,0.39885921488821435,1.72544490587958,-0.657815689925294,-0.24535561842982748,-0.09322446961071829,1.4476818958081736,0.6093367739145512,1.0561075023388093,0.6189890835489847,-1.4611968667730337,0.16120053316673186,-0.9844370261960427
FDX1,-0.8286256437460652,1.2144487758652642,0.700809861642333,0.12007293915438054,-2.331592564895228,0.22104895062156601,1.0979144580162283,-0.7366165149755671,-0.5350828264722294,0.553381544220408,0.2609748014629255,1.2298368105804192,-0.6095218955288993,-0.8217077351165891,-0.7089221521750778,1.1735811913461371,0.44474592204988134,0.6467792953513762,1.4704750054809266,-0.9960764210181596,-0.7420109970948178,-0.8239128047692037
FDX2,0.0,0.0,0.0,0.0,0.0,0.0,0.0,0.0,0.0,0.0,0.0,0.0,0.0,0.0,0.0,0.0,-0.32190754498523594,1.2312776163512562,0.8347628573467729,-1.3871570214157667,0.41124988416158775,-0.7682257914586162
FDXR,0.23506934797137452,-1.1362208979307156,-1.1362208979307156,1.1707286870473537,-0.5123227562784286,0.5155884561681799,1.1962164441996956,-1.1362208979307156,-1.1362208979307156,1.014275870243206,0.3101531687745701,1.9920452115660214,-0.25765349607526256,0.01805991349351286,-0.0010563574566460373,-1.1362208979307156,-0.023102557408769247,0.6254239313200394,0.8727446455808672,-0.8068553751973516,0.8849844269121263,-1.553195071206912
FGF1,0.0,0.0,0.0,0.0,0.0,0.0,0.0,0.0,0.0,0.0,0.0,0.0,0.0,0.0,0.0,0.0,-0.551538365461203,0.7559368664880406,1.7046326139724028,-0.6058858640598863,-0.6169237878286524,-0.686221463110702
FGF10,0.0,0.0,0.0,0.0,0.0,0.0,0.0,0.0,0.0,0.0,0.0,0.0,0.0,0.0,0.0,0.0,1.8373881408858421,0.30357808540156517,-0.7145715759658341,0.002748501610095207,-0.7145715759658341,-0.7145715759658341
FGF16,0.0,0.0,0.0,0.0,0.0,0.0,0.0,0.0,0.0,0.0,0.0,0.0,0.0,0.0,0.0,0.0,0.37597761006962044,-0.6348739574562745,1.878115058678688,-0.3494707963794849,-0.6348739574562745,-0.6348739574562745
FGF17,0.0,0.0,0.0,0.0,0.0,0.0,0.0,0.0,0.0,0.0,0.0,0.0,0.0,0.0,0.0,0.0,0.20451459307483338,1.166633408430493,0.9700204756489907,-0.8110516375029937,-0.1217206321175153,-1.4083962075338092
FGF18,0.0,0.0,0.0,0.0,0.0,0.0,0.0,0.0,0.0,0.0,0.0,0.0,0.0,0.0,0.0,0.0,-0.10338458032876144,-0.1109671528257549,0.5327915653381274,1.2485153928268446,-1.7598653538071107,0.19291012879665498
FGF19,0.0,0.0,0.0,0.0,0.0,0.0,0.0,0.0,0.0,0.0,0.0,0.0,0.0,0.0,0.0,0.0,0.0,0.0,0.0,0.0,0.0,0.0
FGF2,0.0,0.0,0.0,0.0,0.0,0.0,0.0,0.0,0.0,0.0,0.0,0.0,0.0,0.0,0.0,0.0,0.2510707557905743,-0.3499687543745979,1.902344213927457,-0.6461407098550663,-0.8114573970665395,-0.34584810842182717
FGF20,0.0,0.0,0.0,0.0,0.0,0.0,0.0,0.0,0.0,0.0,0.0,0.0,0.0,0.0,0.0,0.0,0.0,0.0,0.0,0.0,0.0,0.0
FGF21,0.0,0.0,0.0,0.0,0.0,0.0,0.0,0.0,0.0,0.0,0.0,0.0,0.0,0.0,0.0,0.0,1.5017268690697858,0.32541131418646685,0.4132428052877753,-1.4542607899244444,-0.2442526016144996,-0.541867597005084
FGF22,0.0,0.0,0.0,0.0,0.0,0.0,0.0,0.0,0.0,0.0,0.0,0.0,0.0,0.0,0.0,0.0,-0.5188764669861828,0.3274482769594109,1.9055151141270992,-0.6025760032791287,-0.6323416356552032,-0.47916928516599544
FGF23,0.0,0.0,0.0,0.0,0.0,0.0,0.0,0.0,0.0,0.0,0.0,0.0,0.0,0.0,0.0,0.0,1.8188055314711296,0.5108714810645157,-0.7133269322870167,-0.7133269322870167,-0.5042407926157697,-0.39878235534584255
FGF3,0.0,0.0,0.0,0.0,0.0,0.0,0.0,0.0,0.0,0.0,0.0,0.0,0.0,0.0,0.0,0.0,-0.12488182845218868,-1.1440716575255883,-1.1440716575255883,0.5709897279912636,0.5062719372268105,1.3357634782852912
FGF4,0.0,0.0,0.0,0.0,0.0,0.0,0.0,0.0,0.0,0.0,0.0,0.0,0.0,0.0,0.0,0.0,-0.408248290463863,2.041241452319315,-0.408248290463863,-0.408248290463863,-0.408248290463863,-0.408248290463863
FGF5,0.0,0.0,0.0,0.0,0.0,0.0,0.0,0.0,0.0,0.0,0.0,0.0,0.0,0.0,0.0,0.0,0.3279179015430055,0.6210593046861049,1.3346781225404067,-1.166810385969243,-1.166810385969243,0.049965443168968726
FGF6,0.0,0.0,0.0,0.0,0.0,0.0,0.0,0.0,0.0,0.0,0.0,0.0,0.0,0.0,0.0,0.0,-0.9443128441851933,1.7261415216953797,-0.9443128441851933,-0.23231832445686215,-0.03181005903365326,0.4266125501655235
FGF7,0.0,0.0,0.0,0.0,0.0,0.0,0.0,0.0,0.0,0.0,0.0,0.0,0.0,0.0,0.0,0.0,-0.7116373564339513,-0.37113494415413983,1.948370479992531,0.15319808507757735,-0.4165514001596308,-0.6022448643223864
FGF8,0.0,0.0,0.0,0.0,0.0,0.0,0.0,0.0,0.0,0.0,0.0,0.0,0.0,0.0,0.0,0.0,-0.6021345536679867,-0.41590438770370236,-0.24621360635520317,-0.4963511683805597,2.0221444861498656,-0.2615407700424136
FGF9,-0.3651102536655679,-0.3651102536655679,-0.3651102536655679,-0.3651102536655679,-0.3651102536655679,-0.3651102536655679,2.368977371506116,-0.3651102536655679,-0.3651102536655679,-0.3651102536655679,-0.3651102536655679,-0.3651102536655679,-0.3651102536655679,-0.3651102536655679,-0.3651102536655679,2.7425661798118344,-0.4075527395553295,-0.06750344991458869,1.8681738444112035,-0.5510319187536796,0.16251525529998767,-1.0046009914875942
FGFR1,-0.8045891272599633,0.8166540752762538,0.9028068696306267,-0.8045891272599633,-0.8045891272599633,-0.8045891272599633,1.0955824544251345,-0.8045891272599633,-0.8045891272599633,-0.8045891272599633,0.5645967964978568,2.1567318902333046,-0.8045891272599633,1.0365665603440588,0.6683634989324363,-0.8045891272599633,-0.34009362296808937,1.3167459187617363,0.7292667955293812,-1.2228916440157085,0.467910241105602,-0.9509376884129229
FGFR2,-0.42168595546708887,-0.42168595546708887,-0.42168595546708887,3.1552331371746534,-0.42168595546708887,-0.42168595546708887,1.2776364683842225,-0.42168595546708887,-0.42168595546708887,-0.42168595546708887,1.049047815513279,-0.42168595546708887,-0.42168595546708887,-0.42168595546708887,-0.42168595546708887,-0.42168595546708887,-0.4667331941585707,-1.0173534836083695,1.9177698772742182,-0.10849559714281853,-0.21089457609803383,-0.1142930262664256
FGFR3,0.0,0.0,0.0,0.0,0.0,0.0,0.0,0.0,0.0,0.0,0.0,0.0,0.0,0.0,0.0,0.0,0.355575749709577,0.6433834962036972,1.488438500221684,-1.1586961144310852,-0.5672073769457461,-0.7614942547581266
FGFR4,-0.25,-0.25,-0.25,-0.25,-0.25,-0.25,-0.25,-0.25,-0.25,-0.25,-0.25,-0.25,-0.25,-0.25,-0.25,3.75,-1.0873455913876162,1.3022586635826425,0.4594018108275769,-0.804807670989754,0.8572446083384235,-0.7267518203712727
FLT1,-0.25000000000000006,-0.25000000000000006,-0.25000000000000006,-0.25000000000000006,-0.25000000000000006,-0.25000000000000006,3.750000000000001,-0.25000000000000006,-0.25000000000000006,-0.25000000000000006,-0.25000000000000006,-0.25000000000000006,-0.25000000000000006,-0.25000000000000006,-0.25000000000000006,-0.25000000000000006,-0.41343009409426024,-0.11845706069459695,1.955006877915212,-0.7691182998157398,-0.6332601600119362,-0.020741263298677856
FLT4,-0.7721679745658484,-0.7721679745658484,1.3484339894373165,-0.7721679745658484,-0.03863373280838504,1.169909812167013,1.5878630875912159,-0.7721679745658484,-0.7721679745658484,-0.7721679745658484,0.4615429780401694,-0.7721679745658484,-0.7721679745658484,0.5849517910755585,-0.7721679745658484,1.8354438455897464,0.07895959287137547,1.5123641487232347,0.8358761312071863,-0.8083617137068034,-0.6609872689907494,-0.9578508901042422
FTH1,-1.0227967962069031,0.21814584924359007,1.2142796561255826,1.3052262930939647,-1.8057832915997918,-1.494750396772346,0.08690915162330179,-0.61604189727847,-0.034212753560429764,0.17824524166611969,0.16810172175073665,1.4645315642210417,-0.4013047391870922,-0.5039549621092321,-0.23032964586098512,1.4737350048509161,0.09945144249326195,1.3562757297837225,-0.6184814223410997,-1.243621353083079,0.9578207091332127,-0.5514451059860185
FTL,-0.4472346743336708,0.31071556843347187,0.32861919344601476,1.0600154332332101,-1.8250427698700231,-1.4313542684440972,-0.8892100853015389,-0.9048111806512618,0.2265012540633952,0.28440502640604437,0.08950287838953226,1.9394724435126092,0.04567978947141342,-0.05068044924426847,-0.31125090271949063,1.5746727436086492,0.10247577269180863,1.2659814514857435,-0.8357781691541399,-1.033092801384959,1.1150122956381647,-0.6145985492766063
FTMT,0.0,0.0,0.0,0.0,0.0,0.0,0.0,0.0,0.0,0.0,0.0,0.0,0.0,0.0,0.0,0.0,-0.408248290463863,2.041241452319315,-0.408248290463863,-0.408248290463863,-0.408248290463863,-0.408248290463863
FXN,0.5698622634736631,0.1654811097057267,1.5569962985518786,1.09985709590512,-0.6434876857404218,0.12028127195453273,1.366677522723465,-1.107062776261518,-1.107062776261518,-1.107062776261518,0.8295497714268473,1.2173330634879937,-1.107062776261518,-1.107062776261518,-0.6385943166719548,-0.10864251350925955,-0.14158787328642378,0.7672993220558864,1.55662265658103,-0.9121068274450714,-0.22924851598080387,-1.040978761924617
FXYD1,0.0,0.0,0.0,0.0,0.0,0.0,0.0,0.0,0.0,0.0,0.0,0.0,0.0,0.0,0.0,0.0,-1.1342450297142102,0.7506466525632642,0.19021752632314445,-0.4941870768619364,1.4912244663792176,-0.8036565386894791
FXYD2,-0.25000000000000006,-0.25000000000000006,-0.25000000000000006,-0.25000000000000006,-0.25000000000000006,-0.25000000000000006,3.750000000000001,-0.25000000000000006,-0.25000000000000006,-0.25000000000000006,-0.25000000000000006,-0.25000000000000006,-0.25000000000000006,-0.25000000000000006,-0.25000000000000006,-0.25000000000000006,-0.12581449704595504,1.0531115132667008,1.213601825549869,-1.310816184829525,-0.0030099080108916395,-0.8270727489301971
FXYD3,0.0,0.0,0.0,0.0,0.0,0.0,0.0,0.0,0.0,0.0,0.0,0.0,0.0,0.0,0.0,0.0,-0.4082482904638629,2.0412414523193148,-0.4082482904638629,-0.4082482904638629,-0.4082482904638629,-0.4082482904638629
FXYD4,0.0,0.0,0.0,0.0,0.0,0.0,0.0,0.0,0.0,0.0,0.0,0.0,0.0,0.0,0.0,0.0,-0.13885844393055058,0.697297856471258,-0.746276317480844,-0.746276317480844,1.680389539901825,-0.746276317480844
FXYD5,-0.16223194642559888,0.9592081532506206,0.5259791711324919,1.115061212215247,-1.7308349512862826,0.4371219943004453,-0.629724828236808,-1.4085600357239665,-0.7890736097489144,0.8277728986792533,-0.5766025632837385,1.8907193552166106,-0.6139362803845306,-0.29501837362741123,-0.5449180435522303,0.9950378474748065,-0.15618908633510853,1.2246299350927412,0.47882699989458793,-1.0982099924183397,0.7602856556972664,-1.2093435119311586
GCLC,-0.9519064996413433,0.800756008659403,-0.05729410875012112,-0.11779298805865775,-1.7145286999395317,0.1622785893760771,0.25102178618121,-0.4387337564524877,-0.6031979957496696,1.520837338172869,-0.3010792169586033,2.222705745381891,-1.4413184250952626,0.2902398229202697,-0.1805310624512128,0.5585434624051694,0.1265260594116,0.4485330444416418,1.6546947852428775,-0.2809056407895336,-1.1572925270178993,-0.7915557212886896
GCLM,-0.967043574291783,-0.1473718318020724,0.9995403061979735,0.00015535784745961706,-1.79657245853021,0.23362982258346154,0.44846885318465873,0.8407126858980808,-0.7386653010338403,0.6748838954013704,-0.7139570753829764,2.1600354126264074,-0.8709857577698481,-1.0983181856219404,0.14382525293879878,0.8316625977544626,0.32697366087334534,0.5374743441434184,1.6004141958718876,-0.7965881270460166,-0.925685164307925,-0.7425889095347128
GDNF,0.0,0.0,0.0,0.0,0.0,0.0,0.0,0.0,0.0,0.0,0.0,0.0,0.0,0.0,0.0,0.0,0.0,0.0,0.0,0.0,0.0,0.0
GLRX5,0.12703265689429058,-0.6441728517038858,-0.5411150335449378,-1.015887082800653,0.20525526291331758,0.49199570597710857,0.7979535860137841,-1.1339265414089363,0.812689882700419,1.7535091939582492,-0.28019965746091163,1.7556654562702383,-1.9505674270712676,0.30963678015098484,-0.3889907479699828,-0.2988791829178094,0.8095736321059394,-0.1943355213221896,1.0811633926001716,0.6387533799762999,-1.2089894736323255,-1.126165409727897
GNA11,-0.9803849510509297,0.7462789789371489,0.8380338262337581,-0.9803849510509297,0.15317898577915598,0.6849491259183831,0.6673241075741222,-0.9803849510509297,0.05003886593105504,-0.9803849510509297,-0.9803849510509297,-0.9803849510509297,-0.9803849510509297,2.077821129587852,1.2707380449350072,0.3743315924600253,0.4239283469386912,1.3926630853762467,0.6143504422353497,-0.8444959355192055,-0.2775830381803079,-1.3088629008507742
GNA14,0.0,0.0,0.0,0.0,0.0,0.0,0.0,0.0,0.0,0.0,0.0,0.0,0.0,0.0,0.0,0.0,1.0242046949125099,0.01189647547791357,1.2939102255560992,-0.22273790590182638,-0.9955566738118687,-1.1117168162328284
GNA15,-0.3177733192982151,-1.082701451421735,-1.0246679657105258,0.5684553573112238,-0.7621862197918372,0.31941019250158953,0.301053331768452,-0.24971694988851595,0.059203830639015874,-2.1747890027758334,0.46142476636228974,1.665095876378168,0.1898349846828553,0.4405827635630373,-0.26386856472810033,1.8706423704081276,0.4687411760233199,1.3057778783158738,-0.04063810930602092,-0.9317790859967052,0.5694330799423741,-1.3715349389788394
GNAL,0.0,0.0,0.0,0.0,0.0,0.0,0.0,0.0,0.0,0.0,0.0,0.0,0.0,0.0,0.0,0.0,0.48486419025967437,1.1369672767670416,0.7929107671848029,-1.4883304560293018,-0.14756550342617625,-0.7788462747560425
GNAQ,-1.047155007246217,-1.533963859387022,1.2482672191485809,-0.18671671046748137,-1.3601749456377703,-0.5167692704682699,0.841941429224818,-0.7667612741102402,-0.6196688414758996,0.520749821664611,0.4016530254647281,2.034023242397409,0.03258992040660012,-0.2016182054775056,-0.08750786901654187,1.2411113249801866,0.7951052962301424,0.7390953265141972,0.9342069105572376,-1.597360918109806,-0.34097144649407984,-0.5300751686976881
GNAS,-1.0173648222353353,-0.12891601653765952,1.4195845670225946,1.205986399519615,-1.7234327930119653,-0.9931927927943068,0.7664903038145054,0.13587348062747584,-0.9023567460279086,-0.2655833793418795,0.4661323510656163,1.1982123158303777,-0.822084732023203,-0.9625002579207746,0.33262479709056275,1.2905273249222642,0.41201859071832625,0.7701114685817515,0.22098683079359452,0.0607554494927221,0.5156978890419669,-1.9795702286283612
GPX1,0.3812978247871119,0.05855671478843799,-0.37531337253197766,-0.6527232844459387,0.4277534492277023,1.1087170269573596,-0.6837530367768982,-0.7882526363046563,0.6234071273542263,1.209211205852852,-1.1588583359772529,1.8370749404308577,-1.2471052744986777,-0.12337157152295393,-1.6224642491875736,1.0058234718472836,-0.7670731599362636,1.43829132665677,-0.1312307904872505,0.5501985182525551,0.300106512897193,-1.390292407382985
GPX2,0.0,0.0,0.0,0.0,0.0,0.0,0.0,0.0,0.0,0.0,0.0,0.0,0.0,0.0,0.0,0.0,-0.15077319402233721,1.0173473523942245,1.4173546773564893,-0.9397559702871896,-0.4011289661950906,-0.9430438992460989
GPX3,1.4084781300872293,0.32598022204656285,1.3502277859818343,1.4607631371753103,-0.6564979040005167,0.2710858279223321,-1.2195015560339533,-1.2195015560339533,-0.2972020829356618,-1.2195015560339533,-0.6974921541474792,-1.2195015560339533,-0.42668519262535615,0.5356160977208689,0.5103005315117821,1.0934318253989093,0.8630393094702342,1.047841120183839,0.27317267561841124,-1.4838629103930676,0.21363645885001667,-0.9138266537294351
GPX4,0.08398464631566535,1.1025871124796158,0.6205364669941463,1.2123112715870228,-1.8241935648442278,-0.2785758774301419,-0.8761620845263746,-1.7604524614380446,-0.5133352702373495,0.2918293348838826,-0.4627159168245145,1.5610190921423321,-0.1896805255473003,0.0673913342553523,-0.2736470538079622,1.239103495997892,-0.034158897579981064,1.5247041452787358,0.33082607176502493,-1.1016078770429412,0.37906852340712727,-1.098831965827973
GPX5,0.0,0.0,0.0,0.0,0.0,0.0,0.0,0.0,0.0,0.0,0.0,0.0,0.0,0.0,0.0,0.0,-0.40824829046386296,-0.40824829046386296,-0.40824829046386296,2.0412414523193148,-0.40824829046386296,-0.40824829046386296
GPX6,0.0,0.0,0.0,0.0,0.0,0.0,0.0,0.0,0.0,0.0,0.0,0.0,0.0,0.0,0.0,0.0,-0.4153984097672928,1.665763868419374,0.7433046662565934,-0.8354690704954185,-0.8354690704954185,-0.32273198391783786
GPX7,-0.4967337346230933,0.7742378968864622,0.5938982071874975,-0.08718511638412171,-1.4343387162815158,0.7147837473338635,0.848586361642952,-0.967432636982241,-0.7884419951290325,0.8978869271703092,-0.5913803152199079,2.4214648805755843,-0.9140348969643637,-0.6758301348289529,-0.6919377169781395,0.39645724259469917,-0.2504018333515521,0.9309156610326379,1.5492753120365381,-0.6943125519957247,-0.6987206662844355,-0.8367559214374614
GPX8,0.0,0.0,0.0,0.0,0.0,0.0,0.0,0.0,0.0,0.0,0.0,0.0,0.0,0.0,0.0,0.0,-0.5479543944963767,-0.5479543944963767,2.006986040338377,-0.5479543944963767,-0.13000624459199736,-0.23311661225724964
GRIN1,0.0,0.0,0.0,0.0,0.0,0.0,0.0,0.0,0.0,0.0,0.0,0.0,0.0,0.0,0.0,0.0,1.499620809566897,0.26989297507259047,0.7213031344132668,-1.0002176107841216,-0.8980062027460677,-0.5925931055225654
GRIN2A,0.0,0.0,0.0,0.0,0.0,0.0,0.0,0.0,0.0,0.0,0.0,0.0,0.0,0.0,0.0,0.0,1.1158855681905757,1.1586061367866385,-0.4579151395350517,-1.3110485751204985,0.16920596980356575,-0.6747339601252308
GRIN2B,0.0,0.0,0.0,0.0,0.0,0.0,0.0,0.0,0.0,0.0,0.0,0.0,0.0,0.0,0.0,0.0,1.8241963217660202,-0.8364968875791966,-0.8194242914424101,-0.45529950907587735,-0.018715174146499168,0.3057395404779625
GRIN2C,0.0,0.0,0.0,0.0,0.0,0.0,0.0,0.0,0.0,0.0,0.0,0.0,0.0,0.0,0.0,0.0,-0.27399589818629705,0.6557926464263819,1.5980539940636718,-0.31129436570862373,-1.3097470682819665,-0.35880930831316543
GRIN2D,-0.4600771041272255,-0.4600771041272255,-0.4600771041272255,-0.4600771041272255,-0.4600771041272255,-0.4600771041272255,-0.4600771041272255,-0.4600771041272255,-0.4600771041272255,-0.4600771041272255,-0.4600771041272255,-0.4600771041272255,2.3905312137859744,-0.4600771041272255,1.5855968686460478,2.00487427122191,-0.05505091967346958,0.8005049414332399,1.5618687482993983,-0.5787462127316416,-0.6547750188836449,-1.0738015384438804
GRIN3A,-0.36151132627448035,-0.36151132627448035,-0.36151132627448035,-0.36151132627448035,-0.36151132627448035,-0.36151132627448035,-0.36151132627448035,-0.36151132627448035,2.95641424563177,-0.36151132627448035,-0.36151132627448035,-0.36151132627448035,-0.36151132627448035,-0.36151132627448035,-0.36151132627448035,2.104744322210955,0.8502276093778643,-0.115068236038191,1.425581104148823,-0.42954462438767377,-1.3893166982033824,-0.3418791548974407
GRIN3B,-0.25,-0.25,-0.25,-0.25,-0.25,-0.25,-0.25,-0.25,-0.25,-0.25,-0.25,-0.25,3.75,-0.25,-0.25,-0.25,-0.3340539375610399,1.0284005545390005,0.2532853621794413,-0.7805350604928989,1.170136333739203,-1.3372332524037058
GRM1,0.0,0.0,0.0,0.0,0.0,0.0,0.0,0.0,0.0,0.0,0.0,0.0,0.0,0.0,0.0,0.0,1.011585599180967,-0.6833617823499514,-0.06131604042798431,-1.5088338237398025,1.099597504222898,0.14232854311387053
GRM5,0.0,0.0,0.0,0.0,0.0,0.0,0.0,0.0,0.0,0.0,0.0,0.0,0.0,0.0,0.0,0.0,1.0811312635497186,-0.43357064430526554,1.3189983637319476,-1.2793898595724376,-0.46702663108653714,-0.22014249231742716
GRPR,-0.25,-0.25,-0.25,-0.25,-0.25,-0.25,-0.25,-0.25,-0.25,-0.25,-0.25,-0.25,-0.25,-0.25,-0.25,3.75,0.909860189000707,0.8815708376641368,0.07248130908822949,0.5291831659293673,-0.8456589569939285,-1.547436544688511
GSS,0.006353156555409712,0.5369784202327765,0.6720413064658923,1.0134726711952236,-1.7616226507732502,0.44531090725547756,0.41875189251928224,-1.4523762929162423,-1.1441058409819298,-0.7468986226758351,0.31404067438107836,1.5647523377433405,-0.42285148801978006,-0.3547803064783951,-0.6654705034583056,1.576404338955256,0.08210790195550839,1.2511556762631546,0.8121239236027326,-0.7854575576877411,0.10319344022872474,-1.46312338436238
HAMP,0.0,0.0,0.0,0.0,0.0,0.0,0.0,0.0,0.0,0.0,0.0,0.0,0.0,0.0,0.0,0.0,-0.8715591949046192,0.1420025378856429,0.6325531434391084,-0.0921092899225645,1.4718237001036893,-1.2827108966012555
HEPH,-0.24999999999999994,-0.24999999999999994,-0.24999999999999994,-0.24999999999999994,-0.24999999999999994,3.749999999999999,-0.24999999999999994,-0.24999999999999994,-0.24999999999999994,-0.24999999999999994,-0.24999999999999994,-0.24999999999999994,-0.24999999999999994,-0.24999999999999994,-0.24999999999999994,-0.24999999999999994,0.5162803769993783,0.14602111305803822,1.39491495224617,-0.8047287728299218,-1.4430649914029043,0.1905773219292404
HEPHL1,0.0,0.0,0.0,0.0,0.0,0.0,0.0,0.0,0.0,0.0,0.0,0.0,0.0,0.0,0.0,0.0,0.2973804575252061,1.4807441320209884,0.5622378655729782,-0.6263770727170092,-0.3365942483163172,-1.3773911340858462
HFE,-0.5474015341267846,-0.5474015341267846,-0.5474015341267846,2.2602164990215163,-0.5474015341267846,-0.5474015341267846,1.4416177833211359,1.2015661305381105,-0.5474015341267846,-0.5474015341267846,-0.5474015341267846,-0.5474015341267846,-0.5474015341267846,-0.5474015341267846,-0.5474015341267846,1.665417996640652,0.26316736766012316,0.6862581880564361,1.044773837764891,-1.1764558845985127,0.49937919994277974,-1.3171227088257191
HGF,-1.1337899838126722,0.1945318894296469,0.2651188568894562,0.6554766321274593,-0.6498955268750116,-1.1337899838126722,1.0995023498490963,-0.01919055547285018,-1.1337899838126722,-1.1337899838126722,-0.3199412805823723,2.3472139195702257,-0.4523744330657477,-0.2385315287730958,0.35295284412348377,1.3002967680303992,1.3337507703637783,-0.1595902633823456,1.1386875763042008,-0.5369653074235315,-1.0179776824410018,-0.7579050934210992
HJV,0.0,0.0,0.0,0.0,0.0,0.0,0.0,0.0,0.0,0.0,0.0,0.0,0.0,0.0,0.0,0.0,0.34870403630548286,0.1655144753894672,1.6748955876840401,-0.8487491596253174,-0.20808345341379028,-1.1322814863398836
HMGCR,-1.1390371408954956,-0.7038003484140524,1.501809617960748,0.2509845556954345,-1.2732069665942989,-0.3285373213803382,0.9851587201126928,-0.6230210365851622,-0.20079225299940098,-0.18733749092020943,0.4727457221501362,2.1532900122753915,-0.9323980037808648,-1.0407733749166308,0.11653001812159947,0.9483852901704549,1.2080536300725147,0.42886183182654397,0.9910790605920926,-0.6690620362260221,-1.0430822809514957,-0.9158502053136257
HMOX1,-1.1464175827633356,0.6958282792423739,1.4133719623925631,0.9911383423015422,-2.318178750757723,-0.8465246716906205,-0.0040914706600874255,-0.32988403843505065,-0.6273133489025755,-0.36666357162132135,0.37685918008507296,0.7077519211775382,-0.5502773570593058,-0.019719511690309915,0.5122847339739982,1.5118358844072453,1.7858316505326401,0.15552608229788192,-0.6293812118260619,-0.023566655846521387,-0.11508260915302054,-1.1733272560049228
HMOX2,-0.2837925139815902,0.5819763493311757,0.9786645806564365,1.866069985291587,-1.045435585975898,-0.8771589721763168,0.1778592108667346,-0.8081959573082441,-1.5649835158188545,-0.7167302589352811,-0.1475147477025426,1.5458085805952977,-0.14705184320846912,-0.7020369993442658,-0.15409673045650893,1.2966184181667355,-0.01684466622755083,1.2831636025124213,0.5209594739932676,-1.1726239748473148,0.5638391352217219,-1.178493570652547
HPCA,0.0,0.0,0.0,0.0,0.0,0.0,0.0,0.0,0.0,0.0,0.0,0.0,0.0,0.0,0.0,0.0,-0.9195587488058667,0.23838125579593722,1.837926286275576,-0.7051557235679393,0.019560659682800987,-0.47115372938050765
HPCAL1,-0.3491394280680587,1.0412856175058307,1.1327873659560388,1.1741296578885647,-1.7782994346084866,-0.9648821362948751,0.7925073267238812,-1.3498606295202937,-0.8772724872576739,-0.6860825545150291,0.37130810074724646,1.5483620858871192,-0.4309609806584119,-0.41133836009641594,0.12177284448083249,0.6656830118297302,0.26800045713195486,1.2890352875289635,0.20146982693355514,-1.0335316626079176,0.6109072126735643,-1.335881121660112
HRC,0.0,0.0,0.0,0.0,0.0,0.0,0.0,0.0,0.0,0.0,0.0,0.0,0.0,0.0,0.0,0.0,-0.24844588940503182,2.0287512056781116,-0.4951358192689328,-0.4951358192689328,-0.2948978584662808,-0.4951358192689328
HRH1,-0.25,-0.25,-0.25,-0.25,-0.25,-0.25,-0.25,-0.25,-0.25,-0.25,-0.25,-0.25,-0.25,-0.25,-0.25,3.75,0.961189780758964,-0.30491269836233476,1.4373292827989028,-0.1940905529493083,-0.7554956075165155,-1.14402020472971
HRH2,-0.5534625178780537,-0.721049498690669,1.1774991072636707,1.166949429829724,-1.76142719711749,-1.3878263634180656,0.27525441532445766,-1.0726274418439,-0.6770629610723039,-0.21576509488712287,0.37402021579557515,1.2488062842309602,0.38281299470452584,-0.4460514573937124,0.8060260308321128,1.4039040543202916,0.13917955945782637,1.243545290628737,-0.37834479113956476,-1.2724141877264146,1.038483859573211,-0.7704497307937942
HSPA9,-0.5532623415915051,0.4729315498941701,1.4252643547820758,1.4022599910137226,-1.7661496801246326,0.053585325048600155,0.6407590151419994,-1.301911171049749,-1.5238955371375067,-0.36222368518044035,0.5560426399364814,0.8935677224382297,-0.8371629024942814,-0.11615489683775042,0.032308850117740685,0.9840407660428392,0.6808751873137114,0.6613157497406477,1.2241441782549543,-0.5066518134623245,-0.6961518419304201,-1.3635314599165687
HTR2A,-0.25000000000000006,-0.25000000000000006,-0.25000000000000006,-0.25000000000000006,-0.25000000000000006,-0.25000000000000006,-0.25000000000000006,-0.25000000000000006,-0.25000000000000006,-0.25000000000000006,3.750000000000001,-0.25000000000000006,-0.25000000000000006,-0.25000000000000006,-0.25000000000000006,-0.25000000000000006,-0.12578256514231237,0.6218693611779131,-1.0679803609137213,0.12290758937798531,-1.0679803609137213,1.5169663364138575
HTR2B,-0.25,-0.25,-0.25,-0.25,-0.25,-0.25,-0.25,-0.25,-0.25,-0.25,-0.25,-0.25,-0.25,-0.25,-0.25,3.75,0.5507931348661017,-0.4103441696759335,1.7958002951792633,-0.8323338900110665,-0.5769737591490687,-0.526941611209297
HTR2C,0.0,0.0,0.0,0.0,0.0,0.0,0.0,0.0,0.0,0.0,0.0,0.0,0.0,0.0,0.0,0.0,-0.6798296067540762,0.26082745036768745,-0.4495418780734093,-0.8321655216659729,1.8821025413691994,-0.18139298524342737
HTR4,0.0,0.0,0.0,0.0,0.0,0.0,0.0,0.0,0.0,0.0,0.0,0.0,0.0,0.0,0.0,0.0,1.627670326421254,-1.1334697562178084,0.003763735456385236,0.6387322983346099,-0.6454940109531399,-0.4912025930413018
HTR5A,0.0,0.0,0.0,0.0,0.0,0.0,0.0,0.0,0.0,0.0,0.0,0.0,0.0,0.0,0.0,0.0,-0.6378458170337556,-0.6378458170337556,1.0329648696692613,-0.6378458170337556,1.5184183984657618,-0.6378458170337556
HTR6,-0.6585602843460538,-0.6585602843460538,2.0961481863300095,-0.6585602843460538,-0.6585602843460538,1.8642413637886313,0.3622515907286945,1.5362907290461685,-0.6585602843460538,-0.6585602843460538,0.2249345000560793,-0.6585602843460538,-0.6585602843460538,-0.6585602843460538,-0.6585602843460538,0.5017364735109547,-0.270745415837165,1.058514935276602,1.38619236310996,-0.7117465274780606,-0.33798314740883484,-1.1242322076624995
HTR7,0.0,0.0,0.0,0.0,0.0,0.0,0.0,0.0,0.0,0.0,0.0,0.0,0.0,0.0,0.0,0.0,-0.4306700070449751,0.6115528638565763,0.602721782779746,1.0367601170915635,-1.7304010772947218,-0.08996367938819065
IBA57,-0.5114812923573099,-1.4875512802838424,-1.4875512802838424,-0.4861516431359172,0.288309469964796,0.9012980457216324,0.8821809581717025,0.18460926126451768,-1.4875512802838424,-1.4875512802838424,1.0496718946192416,0.7391156655740033,0.5381061671022332,0.9619867586251492,0.48178389156739215,0.9207759440179297,0.5977663003042042,0.4570342499341275,1.2852559006723498,-0.016853645866699234,-1.365307971308521,-0.9578948337354637
IBSP,0.0,0.0,0.0,0.0,0.0,0.0,0.0,0.0,0.0,0.0,0.0,0.0,0.0,0.0,0.0,0.0,-0.408248290463863,2.041241452319315,-0.408248290463863,-0.408248290463863,-0.408248290463863,-0.408248290463863
IREB2,-0.31692499193773016,0.20778408991103844,1.122345858900214,-0.03827535846759961,-1.170959977264577,0.7224085979837297,0.6031549088064148,-0.585855337293709,-1.219828288503472,-1.70804831258727,0.7605276684821438,1.6220162577066994,-1.288370284650108,-0.2590547802795941,0.29828665967395235,1.2507932895198697,0.7630872539880124,0.26837308208099164,1.418651519417219,-0.5168996044744731,-1.2806615292436336,-0.6525507217681166
ISCA1,0.03491826868956583,0.8356696577211616,0.556626390433808,-0.5527095421138546,-1.1266915648608897,0.007084977743100237,0.3092646263201046,-2.231398977911603,0.23540816039456147,-0.5529096583268653,0.0650025949801496,2.313095549981813,-0.9173475523473111,0.5926230234330457,-0.19621454877366679,0.6275785946368783,0.4208484190555273,1.0402014189560767,1.1496829635661048,-0.7605877360831517,-1.1791243124094821,-0.6710207530850723
ISCA2,-0.1655174196669896,0.9353964538177185,1.145475605260899,0.5775951221216855,-1.939377901570508,0.3222982597715788,0.5545779435392925,-0.5005181013060036,-0.6090814049119861,-0.4420877616668251,-0.6576547774615495,2.244333682970224,-0.664202749741175,-0.27069273952099915,-1.0830818105098965,0.5525375988745236,0.23274288399582432,1.1514629637090608,0.9434869452524179,-1.217257456064876,0.006719669803646408,-1.1171550066960763
ISCU,-0.682181186000039,0.6868531190656766,0.5395447941665954,0.3617944365322084,-1.5751636626233168,-0.8762503784517633,0.6881636394295995,-0.8379564483968801,-0.41899936587335057,0.1450164160907557,0.5950102670229207,2.14561556628811,-1.5959979298090632,-0.11409581649424311,-0.2590697527025551,1.197716301755326,0.43045652668887363,1.306851600459889,0.5859010116692502,-1.0314868551641612,0.011910747246678333,-1.30363303090053
ITPKA,0.0,0.0,0.0,0.0,0.0,0.0,0.0,0.0,0.0,0.0,0.0,0.0,0.0,0.0,0.0,0.0,0.4216001767771149,1.1541205072961087,1.0528904344635355,-1.0832383115111683,-0.8569095675551842,-0.6884632394704068
ITPKB,-0.2807975263994738,0.36156282196921374,2.03724035247292,1.3664740389231218,-1.0389460553346945,-0.6155981377769498,0.9898067771384904,-1.3387901841250995,-0.5796518858200792,0.03193447152540362,-0.11902556141786567,0.6527332318369998,-0.9860793958085579,-1.3839537680346419,-0.033051297241644184,0.9361421180928472,0.5316592863902937,1.007489034002648,1.0210670820679046,-0.9422377546355752,-0.32785036006624796,-1.2901272877590222
ITPKC,0.03738521630696825,0.9926719535532342,1.5597416121036862,0.6090528288754674,-1.771394181642588,0.3479067041409143,-0.8120524263758867,0.648153885966306,-0.36979517064439366,-1.771394181642588,-1.3077773891178517,0.7357657736303791,-0.5451037693071777,0.6597104604451692,0.24329433709396403,0.7438343466143993,0.6511949642464099,1.0934428967595922,0.3294693676317949,-1.027637510464387,0.3900529918721268,-1.4365227100455369
ITPR1,-0.6224591773706512,0.1707834298603676,1.0079833993518053,0.31355381767391205,-0.7670185284497056,-1.4252410970059837,0.5237771280603376,-0.04995011778607043,-1.4252410970059837,-1.4252410970059837,0.350858308194512,2.4037916496565552,0.025542551140568054,0.35055662923574377,-0.11808945569889852,0.6863936571494733,0.5063700365628734,0.26448711448146794,1.5713870861837202,-0.28304404069643685,-1.0749428156959855,-0.9842573808356423
ITPR2,-0.16244606095901912,-1.3246589339620982,-1.3246589339620982,-0.13228588314606216,-0.7958850629031783,-1.3246589339620982,-0.31016071411401563,-0.10668454728869438,0.15752371241213495,0.49795669011323135,0.6773824404179183,2.4791951560633962,-0.5800446210632505,0.8340281405856265,0.5677459986057606,0.847651553162446,0.8474266134542808,0.36232665834924116,1.3819599103522917,-0.8407072964831348,-0.8975797343582123,-0.8534261513144683
ITPR3,0.15513094702453106,0.9934989532705256,1.4911642515577992,-0.4427255821891378,-0.6414383480802722,-1.432269692462079,1.2986642673557267,0.22009421295400142,-0.713394094897049,-1.432269692462079,0.8349289251044465,-1.432269692462079,-0.3560664877239981,-0.06426365001964997,0.13822718684293803,1.382988496186377,0.24231531927484176,1.0101709940593389,1.239826285687395,-0.5817152710392415,-0.6235721963121357,-1.2870251316702008
KCNA1,0.0,0.0,0.0,0.0,0.0,0.0,0.0,0.0,0.0,0.0,0.0,0.0,0.0,0.0,0.0,0.0,-0.5179206820440228,-0.5179206820440228,1.9795304032669085,-0.5179206820440228,-0.5179206820440228,0.09215232490918292
KCNA2,-0.25000000000000006,-0.25000000000000006,-0.25000000000000006,-0.25000000000000006,-0.25000000000000006,-0.25000000000000006,-0.25000000000000006,-0.25000000000000006,-0.25000000000000006,-0.25000000000000006,3.750000000000001,-0.25000000000000006,-0.25000000000000006,-0.25000000000000006,-0.25000000000000006,-0.25000000000000006,-0.3047127303478834,0.24418015008688376,1.918293846723055,-0.5359169329289314,-0.6024767056717029,-0.7193676278614219
KCNA3,0.049361122497033734,0.797501775631204,0.9714392152305287,0.37350520322349884,-1.2468037494130777,0.2504542475103564,1.0922888174270984,-1.1544877668863374,-1.0153594760294724,0.15209185593481783,-0.09071541489241115,2.1945179662183367,-1.363833919404235,-0.8509229361267486,-0.6540556587796023,0.49501871785901236,0.47957770313967185,0.08959929353958315,1.6258400769279688,-0.15397066504332466,-1.097915228592158,-0.9431311799717399
KCNA4,0.0,0.0,0.0,0.0,0.0,0.0,0.0,0.0,0.0,0.0,0.0,0.0,0.0,0.0,0.0,0.0,0.0,0.0,0.0,0.0,0.0,0.0
KCNA5,-0.35009151222701207,-0.35009151222701207,-0.35009151222701207,-0.35009151222701207,-0.35009151222701207,-0.35009151222701207,1.6528860796602154,-0.35009151222701207,-0.35009151222701207,3.2483950915179536,-0.35009151222701207,-0.35009151222701207,-0.35009151222701207,-0.35009151222701207,-0.35009151222701207,-0.35009151222701207,1.935770669875788,0.06820266016877405,-0.6402705211013244,-0.13117402454470153,-0.7915124217209477,-0.4410163626775885
KCND1,-0.25,-0.25,-0.25,-0.25,-0.25,-0.25,-0.25,-0.25,-0.25,-0.25,-0.25,-0.25,-0.25,-0.25,-0.25,3.75,0.5886990266276116,1.3009967882764597,-0.15190969797532514,-1.1516612756159197,0.5553683066418749,-1.1414931479547015
KCND2,0.0,0.0,0.0,0.0,0.0,0.0,0.0,0.0,0.0,0.0,0.0,0.0,0.0,0.0,0.0,0.0,1.9497107399798312,-0.9240264480745651,-0.18762244278440365,-0.4929093846411268,-0.23205815930222065,-0.11309430517751641
KCND3,2.7968724124611852,-0.5182318801348027,-0.5182318801348027,-0.5182318801348027,-0.5182318801348027,-0.5182318801348027,1.0975782910668497,-0.5182318801348027,-0.5182318801348027,-0.5182318801348027,-0.5182318801348027,-0.5182318801348027,-0.5182318801348027,-0.5182318801348027,1.005967447825278,1.3183644102643195,0.22787378812043083,-0.7560471297157209,1.9132060337605417,-0.3796219910394339,-0.6851481521044082,-0.32026254902141243
KCNE1,-0.455242946237687,-0.455242946237687,-0.455242946237687,2.0066706918271593,-0.455242946237687,-0.455242946237687,-0.455242946237687,-0.455242946237687,-0.455242946237687,-0.455242946237687,-0.455242946237687,2.8831572722219154,-0.455242946237687,-0.455242946237687,0.21759219702421478,0.3554951937789545,1.7546593851953451,-0.1821729655232306,0.5465280588683802,-0.9119589955364209,-0.7242129816580501,-0.4828425013460236
KCNE2,0.0,0.0,0.0,0.0,0.0,0.0,0.0,0.0,0.0,0.0,0.0,0.0,0.0,0.0,0.0,0.0,-0.4062875064666417,1.4436766125604064,0.9601716238922144,-0.2712615256413189,-1.2272659752961272,-0.49903322904853387
KCNE3,-1.474886282073468,0.7847921843188397,1.645081066222634,0.01852584732432204,-2.044340625476624,-0.5984024283209378,0.283864173232478,-0.07181548275835767,-0.6105196784805925,-0.07137046194423792,0.19022053553325452,1.3100801695114432,-0.5778543033566464,0.03845560229798625,-0.33807968349375744,1.5162493674636621,1.1860888570668935,1.0032884969626181,0.33885201819271477,-0.9371008180782309,-0.39072990129477014,-1.200398652849233
KCNE4,0.0,0.0,0.0,0.0,0.0,0.0,0.0,0.0,0.0,0.0,0.0,0.0,0.0,0.0,0.0,0.0,1.6275606182022861,-0.7993232047628083,-0.260294002890925,-0.6787021079818124,0.8227142119139863,-0.711955514480727
KCNE5,0.0,0.0,0.0,0.0,0.0,0.0,0.0,0.0,0.0,0.0,0.0,0.0,0.0,0.0,0.0,0.0,0.8570507842744256,0.682262735385505,0.01712608658073473,-0.7399284054352586,0.7998108080672527,-1.6163220088726606
KCNH1,0.0,0.0,0.0,0.0,0.0,0.0,0.0,0.0,0.0,0.0,0.0,0.0,0.0,0.0,0.0,0.0,-0.2399993848114453,0.45690446278707236,1.821043121190418,-0.5784518294003484,-0.6354899960497027,-0.8240063737159955
KCNH2,0.7957946240028345,0.25996129147744496,-1.426248426381825,1.4980748728147184,-0.3192428922412588,0.20006834279238297,0.5500668985645291,-1.426248426381825,-0.41996653010067614,1.820879794657278,-0.856706074761151,-1.426248426381825,0.08022057230987112,1.081469100978388,-0.30860302537728324,-0.10327169597160288,-0.2666205102628657,-0.8977549792480622,0.7316798214324876,1.5225575580313366,0.036237340697678165,-1.126099230650575
KCNH5,0.0,0.0,0.0,0.0,0.0,0.0,0.0,0.0,0.0,0.0,0.0,0.0,0.0,0.0,0.0,0.0,1.007888658397148,-0.060553646437476065,1.3129275398098106,-1.240318150293397,-0.1951845116617061,-0.82475988981438
KCNH6,0.0,0.0,0.0,0.0,0.0,0.0,0.0,0.0,0.0,0.0,0.0,0.0,0.0,0.0,0.0,0.0,-1.1851421112115126,1.3580571836779802,0.5256206506030346,-0.2985573411365738,0.6080064633535366,-1.007984845286464
KCNH7,0.0,0.0,0.0,0.0,0.0,0.0,0.0,0.0,0.0,0.0,0.0,0.0,0.0,0.0,0.0,0.0,-0.3515735804461083,1.6974394268317043,0.06192575586392265,-1.142920396140302,0.4376149213306692,-0.7024861274398861
KCNJ1,0.0,0.0,0.0,0.0,0.0,0.0,0.0,0.0,0.0,0.0,0.0,0.0,0.0,0.0,0.0,0.0,-0.971300557251696,-0.29001823656988224,1.5287582136845526,-0.45901839435327396,-0.7427550363024737,0.9343340107927727
KCNJ10,0.0,0.0,0.0,0.0,0.0,0.0,0.0,0.0,0.0,0.0,0.0,0.0,0.0,0.0,0.0,0.0,0.36798164216854756,0.6011482867196494,1.5063882770364772,-0.48054386235130436,-1.0784837390180733,-0.9164906045552944
KCNJ11,-0.24999999999999994,-0.24999999999999994,-0.24999999999999994,-0.24999999999999994,-0.24999999999999994,-0.24999999999999994,-0.24999999999999994,-0.24999999999999994,-0.24999999999999994,-0.24999999999999994,-0.24999999999999994,-0.24999999999999994,-0.24999999999999994,3.7499999999999996,-0.24999999999999994,-0.24999999999999994,1.9544042884483546,0.16052306938861438,-0.459991535746916,-0.6930742533167352,-0.4822053780178889,-0.4796561907554286
KCNJ12,0.0,0.0,0.0,0.0,0.0,0.0,0.0,0.0,0.0,0.0,0.0,0.0,0.0,0.0,0.0,0.0,0.7108877508669805,-0.2817083475469998,1.6211255104914635,-0.6616553035201219,-1.1332265487432411,-0.25542306154808087
KCNJ13,0.0,0.0,0.0,0.0,0.0,0.0,0.0,0.0,0.0,0.0,0.0,0.0,0.0,0.0,0.0,0.0,-0.17492784710814088,0.06760291214244273,1.9545918323218192,-0.667487647998702,-0.5516694417985263,-0.6281098075588919
KCNJ14,0.0,0.0,0.0,0.0,0.0,0.0,0.0,0.0,0.0,0.0,0.0,0.0,0.0,0.0,0.0,0.0,0.4195059589500094,1.2918964841926837,0.7806019681012831,-1.0704608654897056,-0.2695239393699133,-1.1520196063843584
KCNJ15,-2.283069175308399,-0.6014091293182583,-0.36708737468384756,0.6699199761866179,-1.2480181855567947,-1.1112229372355884,1.206988457632394,-0.09766265486180484,0.16090283605156702,0.454570054002964,0.8175026204264362,0.858576148298757,-0.2534080103693336,-0.20097100871198104,0.3444129594192704,1.6499754240279971,0.8509036055545605,1.1416343411997378,0.048542469798841296,-1.33544588675237,0.33198268851890295,-1.0376172183196732
KCNJ16,0.0,0.0,0.0,0.0,0.0,0.0,0.0,0.0,0.0,0.0,0.0,0.0,0.0,0.0,0.0,0.0,-0.1282297324229225,0.14037753851317047,0.2219254436383948,-0.6321726431854572,1.688297252634107,-1.2901978591772933
KCNJ2,-1.8742890939234722,-1.0382629878606926,1.3478024463797804,0.7470633051882141,-0.8842230647128058,-0.6496594615857663,1.3396897817856908,0.6531228086760335,-1.2931224451622534,0.47009381191066407,0.7103684426117813,0.04880059434416258,-0.43238490019382914,-0.3802129491748097,-0.12891027967509627,1.3641239913923888,0.8315470219682701,1.2515052580899937,0.20968162426392048,-1.412400957402632,-0.042719469139117484,-0.8376134777804393
KCNJ3,0.0,0.0,0.0,0.0,0.0,0.0,0.0,0.0,0.0,0.0,0.0,0.0,0.0,0.0,0.0,0.0,1.7499044293288373,-0.33504262340544033,-0.992331792366012,0.5526191131966975,-0.660798044178065,-0.31435108257601824
KCNJ4,0.0,0.0,0.0,0.0,0.0,0.0,0.0,0.0,0.0,0.0,0.0,0.0,0.0,0.0,0.0,0.0,1.3312572169336545,0.2781596728209859,-1.1924498104700032,0.889494319900728,-0.8579549401846119,-0.44850645900075503
KCNJ5,0.0,0.0,0.0,0.0,0.0,0.0,0.0,0.0,0.0,0.0,0.0,0.0,0.0,0.0,0.0,0.0,0.4346694643818007,1.0623452425430593,1.137811246189758,-0.7870012705575077,-0.7488815128061078,-1.0989431697510028
KCNJ6,0.0,0.0,0.0,0.0,0.0,0.0,0.0,0.0,0.0,0.0,0.0,0.0,0.0,0.0,0.0,0.0,-0.607465720299354,0.4096527984491605,0.3496982552582338,-1.0729813934714505,1.6364270771673366,-0.715331017103927
KCNJ8,0.0,0.0,0.0,0.0,0.0,0.0,0.0,0.0,0.0,0.0,0.0,0.0,0.0,0.0,0.0,0.0,-0.48181700333435645,1.129254473488979,-0.18353322064478264,0.6392742516027109,0.5533495022490803,-1.6565280033616314
KCNK1,-0.25,-0.25,-0.25,-0.25,-0.25,-0.25,-0.25,-0.25,-0.25,-0.25,-0.25,-0.25,-0.25,-0.25,-0.25,3.75,-0.7783345005088302,0.8042211563509039,0.9997376183243483,-1.5437431296473239,-0.08048586155592005,0.5986047170368203
KCNK10,-0.3657051710636858,-0.3657051710636858,-0.3657051710636858,2.6626238793151247,-0.3657051710636858,-0.3657051710636858,-0.3657051710636858,-0.3657051710636858,-0.3657051710636858,2.4572485155764765,-0.3657051710636858,-0.3657051710636858,-0.3657051710636858,-0.3657051710636858,-0.3657051710636858,-0.3657051710636858,1.6784337585648048,0.5508313405928471,-1.1155647558331956,-0.7542577408656783,-0.15273986328989572,-0.2067027391688826
KCNK13,-0.6179249367555678,1.1114328808900338,-0.6179249367555678,-0.6179249367555678,0.012062929045282483,-0.6179249367555678,-0.6179249367555678,-0.6179249367555678,-0.6179249367555678,-0.6179249367555678,-0.03380867421504116,2.5408754481273466,0.9270928106428354,-0.6179249367555678,-0.6179249367555678,1.621593973065222,0.522391699387091,0.4483583069650398,1.382936312689017,-0.9429596127996686,-0.10149203205546288,-1.309234674186017
KCNK2,0.0,0.0,0.0,0.0,0.0,0.0,0.0,0.0,0.0,0.0,0.0,0.0,0.0,0.0,0.0,0.0,0.015457243190846313,1.882067472765463,-0.29014873085139425,-0.8077340837544692,-0.8477321474096529,0.048090246059207434
KCNK3,0.0,0.0,0.0,0.0,0.0,0.0,0.0,0.0,0.0,0.0,0.0,0.0,0.0,0.0,0.0,0.0,0.48983012210351,-0.0067109549328995865,-0.7467237710579728,-0.7467237710579728,1.7570521460033077,-0.7467237710579728
KCNK5,-0.40166704498149347,-0.40166704498149347,3.3344889561791633,-0.40166704498149347,-0.40166704498149347,-0.40166704498149347,0.982839683667208,-0.40166704498149347,-0.40166704498149347,-0.40166704498149347,-0.40166704498149347,-0.40166704498149347,-0.40166704498149347,-0.40166704498149347,0.9043429449130439,-0.40166704498149347,0.7001197146110143,-0.26442937321795174,1.657217329161929,-1.0416256853231147,-0.35836989356327675,-0.6929120916685987
KCNK6,0.25996876063063895,-0.18154819890784504,-0.10771520962804883,0.838634964052504,-0.31978224896699503,0.5742917806779703,1.290734403458565,-1.5709544612332544,-0.1521964966704427,0.17366887470924283,0.1262391494886899,-1.5709544612332544,0.4395143453165883,-1.5709544612332544,-0.3086332994613147,2.079686559000209,0.19890600117466073,1.0482806304214265,0.6392904565786554,-1.1063769590576849,0.5908943154777386,-1.3709944445947917
KCNK9,0.0,0.0,0.0,0.0,0.0,0.0,0.0,0.0,0.0,0.0,0.0,0.0,0.0,0.0,0.0,0.0,0.7273079302783465,-0.029176931022183467,1.6013094139456896,-0.49501417738389303,-1.0305953323978418,-0.7738309034201184
KCNMA1,-0.35175042089154557,-0.35175042089154557,1.7064673162194786,-0.35175042089154557,-0.35175042089154557,-0.35175042089154557,-0.35175042089154557,-0.35175042089154557,-0.35175042089154557,-0.35175042089154557,-0.35175042089154557,3.218038576262159,-0.35175042089154557,-0.35175042089154557,-0.35175042089154557,-0.35175042089154557,0.009003923065742575,1.0451085885505313,-0.8314118366341088,-0.7699102339701034,1.385796401094369,-0.8385868421064313
KCNMB1,-1.1491065062491854,-1.1491065062491854,1.6916337074382548,0.6787082188799346,-1.1491065062491854,-1.1491065062491854,0.9272469753750198,-0.01049405487363644,-0.33932377978784517,-1.1491065062491854,-0.31772417868590463,1.3294439121444945,0.06319054251855959,-0.23456052839451536,0.6199913030662831,1.337420413565285,0.9188877084189904,0.3965992351223612,1.1725210286758903,-0.6281147372724281,-0.43023704309237937,-1.4296561918524333
KCNMB2,0.0,0.0,0.0,0.0,0.0,0.0,0.0,0.0,0.0,0.0,0.0,0.0,0.0,0.0,0.0,0.0,0.8056177339140602,-1.3302015441500752,0.9489096041467322,-0.08255753207647731,0.7279751359875677,-1.0697433978218076
KCNMB3,-0.3580185315204852,-0.3580185315204852,-0.3580185315204852,-0.3580185315204852,-0.3580185315204852,-0.3580185315204852,-0.3580185315204852,-0.3580185315204852,-0.3580185315204852,-0.3580185315204852,-0.3580185315204852,-0.3580185315204852,-0.3580185315204852,-0.3580185315204852,3.0736444261121245,1.9386150151746686,0.1109888581137157,1.0163298315527651,1.3599934421825592,-0.7464533248141574,-0.7425901979711591,-0.9982686090637232
KCNMB4,-0.8555570879700075,1.0238598728090027,1.1237320096203196,-0.8555570879700075,-0.8555570879700075,0.9571043427005189,1.3472060097703968,-0.8555570879700075,0.2660253837504504,-0.8555570879700075,-0.22075612330898364,-0.8555570879700075,-0.8555570879700075,-0.8555570879700075,0.3901490069108323,1.9571362015075229,-0.8530938691015285,0.44761898197484956,1.7898621578781577,-0.8497633794835502,-0.2269857779236989,-0.3076381133442289
KCNN1,0.0,0.0,0.0,0.0,0.0,0.0,0.0,0.0,0.0,0.0,0.0,0.0,0.0,0.0,0.0,0.0,0.7931463917175465,0.6402659208656525,1.0595197573076827,-0.12682722688749837,-1.0756163329742225,-1.2904885100291583
KCNN2,0.0,0.0,0.0,0.0,0.0,0.0,0.0,0.0,0.0,0.0,0.0,0.0,0.0,0.0,0.0,0.0,0.7649026440311648,-0.06866387707804657,1.5207622803891054,-0.19741263817365995,-0.9119400203360387,-1.1076483888325275
KCNN3,-0.25,-0.25,-0.25,-0.25,-0.25,-0.25,-0.25,-0.25,-0.25,-0.25,-0.25,-0.25,-0.25,-0.25,-0.25,3.75,-1.1003182445846102,0.11894214145551767,1.8479394021207367,-0.0674683143553508,-0.2645583760300454,-0.5345366086062424
KCNN4,-0.41384125858976956,-0.18155585544889305,1.4813725101469513,1.3277882161899448,-0.5818759238249049,0.45244211516300353,0.772255390002432,-1.346988717511144,-0.15693567107770506,-1.346988717511144,-0.36274757014708786,1.707147801423768,-0.7491335654144041,-1.346988717511144,-0.042561692694643515,0.7886116568047443,-0.9193483086236812,0.9493975943431152,0.9502248946814619,-0.3624683964159456,0.6981448261050575,-1.3159506100900136
KCNQ1,-2.0026520659396376,0.438357323395885,1.1993483379685506,0.5713437905261861,-1.464141687120402,-0.38188531126673964,0.13523756358113026,-0.9513597210579288,0.37465680052800887,0.1121825971581285,-0.0846666501027671,1.5704215701610227,-0.856906820493839,0.21764193072042542,-0.38258895083892047,1.505011292780897,0.6034783472888443,1.2834481700712796,0.49886161797883766,-1.0539075587166291,-0.05682712653834129,-1.2750534500839934
KCNQ2,0.0,0.0,0.0,0.0,0.0,0.0,0.0,0.0,0.0,0.0,0.0,0.0,0.0,0.0,0.0,0.0,-0.2590926044367241,0.9712321486419955,1.279023653337976,-1.092450473887032,0.16561815481694706,-1.0643308784731629
KCNQ3,0.0,0.0,0.0,0.0,0.0,0.0,0.0,0.0,0.0,0.0,0.0,0.0,0.0,0.0,0.0,0.0,0.1016826502258502,-0.37797426924852945,1.8787901025470453,-0.8338269419901556,0.019550662793993322,-0.788222204328203
KCNQ4,0.0,0.0,0.0,0.0,0.0,0.0,0.0,0.0,0.0,0.0,0.0,0.0,0.0,0.0,0.0,0.0,0.3997053755244623,-0.22101106993040726,1.8448902731300671,-0.710465267924999,-0.7587054843173584,-0.5544138264817656
KCNQ5,0.8946520900073384,-0.8880158605242827,1.4567178608177023,-0.8880158605242827,-0.8880158605242827,-0.8880158605242827,-0.01912826239427764,-0.8880158605242827,0.440649186896379,1.9076152451455228,-0.13600887478722432,-0.8880158605242827,-0.8880158605242827,1.640407443048904,-0.0683911813717195,0.09959751630735512,-0.5829153466011673,0.6541376672092453,1.7540093937045174,-0.6229255047038953,-0.45122251654968676,-0.7510836930590125
KCNV1,0.0,0.0,0.0,0.0,0.0,0.0,0.0,0.0,0.0,0.0,0.0,0.0,0.0,0.0,0.0,0.0,-0.408248290463863,-0.408248290463863,2.0412414523193148,-0.408248290463863,-0.408248290463863,-0.408248290463863
KCNV2,0.0,0.0,0.0,0.0,0.0,0.0,0.0,0.0,0.0,0.0,0.0,0.0,0.0,0.0,0.0,0.0,-0.6025089019578705,0.18418911065808713,1.9429969979639896,-0.32538437477141957,-0.6370190049611305,-0.5622738269316564
KDR,0.0,0.0,0.0,0.0,0.0,0.0,0.0,0.0,0.0,0.0,0.0,0.0,0.0,0.0,0.0,0.0,-0.5631157248315081,-0.25772049704959643,0.31813847574348375,-0.5976153737488519,-0.7826562776790381,1.88296939756551
KL,-0.3444596917966432,-0.3444596917966432,-0.3444596917966432,-0.3444596917966432,-0.3444596917966432,-0.3444596917966432,1.486306408582822,-0.3444596917966432,-0.3444596917966432,-0.3444596917966432,-0.3444596917966432,-0.3444596917966432,-0.3444596917966432,-0.3444596917966432,-0.3444596917966432,3.336129276570183,1.2020465707934318,-0.10771348480819737,1.2794258829265128,-0.6739400012657241,-0.9118121099437919,-0.7880068577022313
LDLR,1.095800596757913,-1.5347595324610916,-1.5347595324610916,0.23312217394459006,-0.35289063020922284,0.4916600092542521,0.6718409968078233,-0.43348154416259777,-1.5347595324610916,0.11322788819827992,-0.4263615554102956,1.9046402003081404,0.8921905716150743,0.4170997059888454,-0.6648503511195335,0.6622805354100066,0.7959454445681671,0.20681192907414805,1.3607492905321703,-0.5115221139561488,-0.4282560079002533,-1.4237285423180845
LHCGR,0.0,0.0,0.0,0.0,0.0,0.0,0.0,0.0,0.0,0.0,0.0,0.0,0.0,0.0,0.0,0.0,1.021894948348396,0.30901065758561114,1.1942579620811589,-1.2350153022886776,-0.4495147079068263,-0.8406335578196609
LHPP,-0.24688229110781834,0.53317599054908,0.7264022716053721,-0.8901637195929972,-1.9901875699056344,-0.35206270745646484,-0.11734807775936505,-0.8213644664640926,-1.8431731941142588,1.0512911720625107,0.7803026126673767,1.162081094760641,0.440361832361944,0.01282448202752529,0.18702584090248814,1.3677167294636947,0.12607769399351587,1.038281711993577,1.0752155031677144,-0.8225341480836907,0.022719128562691877,-1.4397598896338069
LOX,0.0,0.0,0.0,0.0,0.0,0.0,0.0,0.0,0.0,0.0,0.0,0.0,0.0,0.0,0.0,0.0,-0.7211146125513676,-0.45428887905981136,1.783938921825718,-0.8206182282721194,0.5506049040167318,-0.3385221059591529
LOXL1,-0.6362086262175702,-0.6362086262175702,-0.6362086262175702,0.8732962327876252,0.03320161173787788,-0.6362086262175702,-0.6362086262175702,-0.6362086262175702,1.2401855988145025,-0.6362086262175702,0.4896539379806256,2.720258112407951,1.0054907684471193,-0.6362086262175702,-0.6362086262175702,-0.6362086262175702,-0.36741073753170395,1.2162607056219026,0.8788861797455049,-0.8698528799924213,0.4338017941915605,-1.2916850620348395
LOXL2,-0.45960083721264194,-0.45960083721264194,-0.45960083721264194,-0.45960083721264194,-0.45960083721264194,-0.45960083721264194,-0.45960083721264194,2.319300512683208,1.516757588314132,-0.45960083721264194,-0.45960083721264194,-0.45960083721264194,-0.45960083721264194,-0.45960083721264194,-0.45960083721264194,2.138752782767004,-0.1123790366020396,0.9820204683042905,1.4383308224158893,-0.8480471045905611,-0.4389844101738521,-1.0209407393537255
LOXL3,-0.8786978371669418,1.6088219393906789,0.766990671328838,-0.8786978371669418,-0.309440195827409,-0.8786978371669418,-0.2688553111684463,-0.8786978371669418,-0.8786978371669418,-0.8786978371669418,0.4410039454458306,1.9755972281435512,-0.8786978371669418,0.17449198387446505,1.4149394256144667,0.34733517336661857,0.7606898832513668,1.0970482067784963,-0.31457769513238215,-0.7738530039036506,0.6698868690805572,-1.439194260074383
LOXL4,-0.36082372699480886,-0.36082372699480886,-0.36082372699480886,2.983094559654298,-0.36082372699480886,-0.36082372699480886,-0.36082372699480886,-0.36082372699480886,2.068437618273026,-0.36082372699480886,-0.36082372699480886,-0.36082372699480886,-0.36082372699480886,-0.36082372699480886,-0.36082372699480886,-0.36082372699480886,-0.6088942043566388,1.6986368318791547,0.5886589276613998,-0.48583468467002805,-1.0707400808089407,-0.12182678970494629
LPCAT3,0.6333405628522084,0.11877902943772263,1.3117636314822743,1.06134588931182,-1.1067832669218414,0.033865110379150944,-0.5037887569901645,0.29483054433549316,-1.6502480350190087,-1.7836884755228146,-0.7592908771612095,1.816428275489561,0.020728640509940367,-0.18378364512644454,0.11035628989342343,0.5861450830498921,0.4334816781211952,1.0446224572870626,0.5395605358643386,-1.0534092265576975,0.4809835652605793,-1.4452390099754762
LTB4R2,0.0,0.0,0.0,0.0,0.0,0.0,0.0,0.0,0.0,0.0,0.0,0.0,0.0,0.0,0.0,0.0,0.7733926385628851,0.9755004682069272,0.6008675334324073,-0.5858617404873229,-0.11048421174329347,-1.6534146879716194
LYRM4,0.678740330751873,1.1690795132490885,-0.5964505443565987,-0.3442478089909724,-1.5972471103995587,1.0861648571725684,0.23373304226690117,-1.4994017330899523,-0.2432316605318286,0.8591414048231387,-0.3919893582342597,1.5622010330104488,-0.6938777379776744,-0.9996781758707098,-0.4747076940656261,1.2517716422431573,0.18168031554197295,0.823976002318699,1.46457800118727,-0.9684258748782758,-0.5540488025984026,-0.9477596415712628
MAGT1,-1.3672124248076545,0.4296852697378526,0.914601890000954,-0.2247562669169458,-2.0908418422626394,-0.9977469794501217,1.1054674180789863,0.20306799798550265,-0.5194999372504184,0.7969015929717049,0.38384440197324143,1.3633790055208614,-0.9749490900713155,-0.11244742263428385,-0.14750646048077135,1.2380128476050525,0.765681594553412,0.6082516087490888,1.2196655667385106,-0.5299140082411099,-1.3020009707652367,-0.7616837910346655
MAP1LC3A,-0.5141143589365073,0.982112451084905,1.0718656579259773,1.8287429930247612,-0.5380240124559235,-0.8619434160844821,-0.30499907032213736,-0.98538162440846,0.007995397034386061,0.08440616911645311,0.3266317912613443,0.7685648720087328,-1.3064515650806463,-1.8115074126508315,0.032458745524687936,1.2196433829577429,0.41097442662109646,1.6106901327832612,-0.35704062148842697,-1.122213641342295,0.32159810309426895,-0.864008399667904
MAP1LC3B,-0.847168304305532,0.35507047951767373,1.0123991420711431,0.8847120851479282,-1.8531756696604267,-1.1594060989972077,0.6398830868056958,-0.7383697522894694,-0.8011304081426536,-0.4928794761133823,0.671522689494119,1.819754935955935,-0.4997963487863723,-0.37375133393105836,0.13289416460559036,1.249440808628016,0.5691605516052988,1.4308669209754141,-0.0075134681277584615,-1.163935134989094,0.2678407576904149,-1.096419627154279
MAP1LC3B2,0.8287594340886911,2.431961550983916,0.2191598026592958,-0.31451517335589024,-0.6945114572757408,0.01492806952139172,-0.5968023096504301,-0.273885885079613,0.14541229561548624,0.6856790093068635,-0.7954438836964018,-2.206809727217106,0.5479843910331293,-0.6542641501942683,-0.11395124763665601,0.7762992808973349,-0.9147670681059424,1.0043026482671753,0.2917408964355555,-1.0780932068084759,1.2606591285534108,-0.5638423983417238
MAP1LC3BP1,0.0,0.0,0.0,0.0,0.0,0.0,0.0,0.0,0.0,0.0,0.0,0.0,0.0,0.0,0.0,0.0,0.7434667142320536,-1.0641174983131099,-0.8315815662462424,-0.25624080853566755,1.589060183805418,-0.1805870249424549
MAP1LC3C,0.0,0.0,0.0,0.0,0.0,0.0,0.0,0.0,0.0,0.0,0.0,0.0,0.0,0.0,0.0,0.0,-0.03848836759434909,1.427003757640264,0.23467513775879126,-1.1225640592498338,0.6219375906949609,-1.1225640592498338
MCOLN1,1.0051888866808207,-0.6608459503567229,-0.6608459503567229,2.1419584795212017,-0.6608459503567229,-0.6608459503567229,-0.6608459503567229,-0.6608459503567229,0.5808896488595134,-0.6608459503567229,-0.6608459503567229,-0.6608459503567229,-0.6608459503567229,0.7415355289133011,0.10515383572607964,2.0337331238663108,1.0996522144050045,0.740455564885149,-1.1040072670990562,0.39049930243564646,0.2230064075588945,-1.3496062221856446
MCOLN2,-0.8631882028889449,-0.8631882028889449,0.685678904761124,-0.8631882028889449,-0.8631882028889449,0.555286577116439,0.1647255863945925,0.37089249095715104,0.6385946003110314,1.9689596149844941,-0.8631882028889449,1.8231790648926207,-0.8631882028889449,-0.8631882028889449,-0.8631882028889449,0.6981887836941065,0.12579697393772862,0.6131690832275256,1.6269220856380224,-0.5389464934196615,-0.945110247013049,-0.8818314023705653
MCOLN3,-0.3651102536655679,-0.3651102536655679,-0.3651102536655679,-0.3651102536655679,-0.3651102536655679,-0.3651102536655679,2.368977371506116,-0.3651102536655679,-0.3651102536655679,-0.3651102536655679,-0.3651102536655679,-0.3651102536655679,-0.3651102536655679,-0.3651102536655679,-0.3651102536655679,2.7425661798118344,-0.6423607598587,0.5268041516904675,1.588724290970328,-1.277581636711508,0.16149771923172784,-0.35708376532231545
MCU,-1.7051325595217486,0.29325825382136333,1.2012104366554779,0.3203412060073984,-1.053631808905404,-0.17290025620183344,0.5446587990842666,-0.34388615430820174,-0.6917911810705604,-1.7051325595217486,0.45003978482527707,2.0847978192812953,0.4435949822569822,-0.22927737992019204,-0.2485338999148817,0.8123845174325072,0.4458322990007887,0.8215705498783036,1.2511532145476687,-1.3641835142411196,-0.4475977434964235,-0.7067748056892149
MEPE,0.0,0.0,0.0,0.0,0.0,0.0,0.0,0.0,0.0,0.0,0.0,0.0,0.0,0.0,0.0,0.0,0.1917720314011577,-0.9258700191466146,-0.223520069244608,-0.9258700191466146,1.7858494862895702,0.09763858984710937
MET,0.0,0.0,0.0,0.0,0.0,0.0,0.0,0.0,0.0,0.0,0.0,0.0,0.0,0.0,0.0,0.0,0.343605285237745,-0.5756524530227206,1.8563853756728423,-0.64453576845926,-0.8131350602192224,-0.16666737920938388
MRLN,0.0,0.0,0.0,0.0,0.0,0.0,0.0,0.0,0.0,0.0,0.0,0.0,0.0,0.0,0.0,0.0,0.022597311223158056,1.9953579807664306,-0.5044888229973971,-0.5044888229973971,-0.5044888229973971,-0.5044888229973971
MSRB1,-0.40638331182145604,0.3183588609623755,0.4855215682517228,0.7509307067329787,-2.149144058399461,-1.8955857705360164,-0.479684731666284,-0.9024004974218314,0.38869980443369595,0.31204182789415436,0.48458499583219694,0.9388662085978885,0.24225589459221225,-0.1622831436364247,0.30348593558605613,1.7707357105981922,0.09151480533678207,1.206480785558538,-0.6725132122973891,-1.1136251557346413,1.172632765335473,-0.6844899881987673
MST1,0.0,0.0,0.0,0.0,0.0,0.0,0.0,0.0,0.0,0.0,0.0,0.0,0.0,0.0,0.0,0.0,-0.15368679786999856,1.0491472392947716,1.4302311267513232,-0.6945815057722385,-0.9088445711136519,-0.7222654912902029
MST1R,0.0,0.0,0.0,0.0,0.0,0.0,0.0,0.0,0.0,0.0,0.0,0.0,0.0,0.0,0.0,0.0,0.3950436676836038,1.1394101548914932,0.9325517622011351,-0.7057286464453179,-1.4405183943311515,-0.3207585439997637
MT1A,0.0,0.0,0.0,0.0,0.0,0.0,0.0,0.0,0.0,0.0,0.0,0.0,0.0,0.0,0.0,0.0,-0.5955412662135491,-0.5955412662135491,1.800987116292949,-0.5955412662135491,-0.5955412662135491,0.5811779485612468
MT1B,0.0,0.0,0.0,0.0,0.0,0.0,0.0,0.0,0.0,0.0,0.0,0.0,0.0,0.0,0.0,0.0,0.0,0.0,0.0,0.0,0.0,0.0
MT1E,0.44240853938862484,0.3106874551714394,-0.3429258673953833,0.013621224918878426,-0.5281089504788464,1.150296394801779,0.23584528257310872,-1.6206687771169888,-0.896623940688819,-0.09721313225923843,-0.35283275187794955,2.182861858957554,-0.9982737623682619,1.4798640199294564,-1.1740212056304324,0.19508361207508174,-1.1705677889096648,1.3134584060231178,0.1365215614160719,-0.17029619825548883,0.9074726712160921,-1.016588651490132
MT1F,-1.6610809585028892,-0.7245972109258106,1.4863080077894077,0.10779460485356829,-0.27264793689980604,0.40929281187587174,-0.45642898869220133,0.4042999366665933,-1.010080807608261,0.629696097355121,-0.2591804958272838,2.2092523811640326,-0.22301859286654283,-0.23037113770855694,-1.2839930871756373,0.8747553765023947,-0.37728881378720164,1.282375837411218,0.4548098624803375,-1.2253754586208543,0.7975283732006007,-0.9320498006841019
MT1G,0.0,0.0,0.0,0.0,0.0,0.0,0.0,0.0,0.0,0.0,0.0,0.0,0.0,0.0,0.0,0.0,-0.461577654154983,-0.8034492311389275,0.7496365882652302,-1.3296750826165786,0.6887684551897862,1.1562969244554733
MT1H,0.0,0.0,0.0,0.0,0.0,0.0,0.0,0.0,0.0,0.0,0.0,0.0,0.0,0.0,0.0,0.0,1.1344823524204033,-0.9054745308315415,-0.9054745308315415,0.8228168958718458,0.7591243442023753,-0.9054745308315415
MT1HL1,0.0,0.0,0.0,0.0,0.0,0.0,0.0,0.0,0.0,0.0,0.0,0.0,0.0,0.0,0.0,0.0,0.0,0.0,0.0,0.0,0.0,0.0
MT1M,0.0,0.0,0.0,0.0,0.0,0.0,0.0,0.0,0.0,0.0,0.0,0.0,0.0,0.0,0.0,0.0,-0.4082482904638631,-0.4082482904638631,-0.4082482904638631,-0.4082482904638631,2.0412414523193156,-0.4082482904638631
MT1X,-0.5184909809050318,-0.5184909809050318,2.095134098784518,-0.5184909809050318,-0.5184909809050318,-0.5184909809050318,2.390228560812258,-0.5184909809050318,-0.5184909809050318,-0.5184909809050318,-0.5184909809050318,-0.5184909809050318,-0.5184909809050318,1.1541483525637228,-0.5184909809050318,0.5823807586998824,-1.018532121373069,0.9899034894872385,0.5963546888654694,-0.7648242952319007,1.1041992630535313,-0.9071010248012612
MT2A,-0.6465688843459346,0.839845649709537,1.0111506124956113,-0.29992922934513033,-1.231113766340487,0.7219203191055784,0.72177401512065,-1.3440937758322082,-0.7819671094609829,0.16203229221317056,-0.3680384733282645,0.6712328437081827,-1.1526120310552395,1.5135265647945266,-1.2390199594615268,1.4218609320225157,0.010322627479921617,0.02562262017870797,-1.314810155119298,-0.3472704682652638,1.7690374239083653,-0.14290204818243502
MT3,1.1418754821265094,-0.5173696733814089,1.6650266988271867,-0.5173696733814089,-0.5173696733814089,2.6822284857748375,-0.5173696733814089,-0.5173696733814089,0.7193054138483744,-0.5173696733814089,-0.5173696733814089,-0.5173696733814089,-0.5173696733814089,-0.5173696733814089,-0.5173696733814089,-0.5173696733814089,0.06636949530141467,-0.687542917947803,1.6389959538226433,-0.22551257818395998,0.46170242298868414,-1.2540123759809791
MT4,0.0,0.0,0.0,0.0,0.0,0.0,0.0,0.0,0.0,0.0,0.0,0.0,0.0,0.0,0.0,0.0,-0.6246145847775585,-0.6246145847775585,1.6481523738174777,-0.6246145847775585,0.8503059652927561,-0.6246145847775585
MYLK,1.1748456698052132,0.051987279401200036,0.1371761796634014,-0.2342216826977052,-0.4986706711190411,-1.5511171412579001,-0.9254865567689065,-0.20594673728480067,0.08585343135872515,-1.5511171412579001,0.6600022663522447,2.649982651086406,-0.11889487032083815,0.26943934113926676,-0.09464419335191335,0.15081217525254664,0.9223330327611431,-1.0164718515077513,-0.6097923933076926,0.6942237645394304,1.068396444176836,-1.0586889966619597
MYLK2,0.0,0.0,0.0,0.0,0.0,0.0,0.0,0.0,0.0,0.0,0.0,0.0,0.0,0.0,0.0,0.0,0.9320166974742812,1.3482550306684788,-1.2029957679941732,-0.3001970633947454,0.09844635600215487,-0.8755252527559966
MYLK3,0.0,0.0,0.0,0.0,0.0,0.0,0.0,0.0,0.0,0.0,0.0,0.0,0.0,0.0,0.0,0.0,-0.11658118002467724,1.94492831746292,-0.2989831459622652,-0.9758907883195999,-0.3428524952508726,-0.21062070790550422
MYLK4,-0.36261360182363434,-0.36261360182363434,-0.36261360182363434,-0.36261360182363434,-0.36261360182363434,-0.36261360182363434,-0.36261360182363434,-0.36261360182363434,-0.36261360182363434,-0.36261360182363434,-0.36261360182363434,-0.36261360182363434,2.168650730513257,-0.36261360182363434,2.9079396950176233,-0.36261360182363434,0.34364894423589887,1.0201587497455857,1.231762357034791,-0.6434616705585015,-1.023680539188795,-0.9284278412689765
NCEH1,-0.9721826838077771,-0.9721826838077771,1.813749578927021,0.12099047254047567,-0.9721826838077771,-0.9721826838077771,1.4476937765038147,-0.9721826838077771,-0.17802353733461837,-0.9721826838077771,0.8632981557440544,-0.9721826838077771,0.21672485652524645,1.0069116619060074,0.7627829561892138,0.7511508656532231,0.925705105932743,0.4008483532444045,1.2847494473101344,-0.7686648810262635,-1.0684692190284277,-0.7741688064325914
NCOA4,-0.8475211648745277,0.8692972059916725,1.1571497085599611,0.30106163218399085,-1.7667136676024926,-1.0684040746651624,0.2672904538712715,-1.1904271338263956,-0.667307780634644,0.5989593084293958,0.8133327923516841,1.6995969688675197,-0.9103829229636111,-0.4528793455922903,0.25160211255725046,0.9453459073463816,0.9099055438748919,1.0619371353125453,0.6631185714460733,-1.079152151368258,-0.43893933047864836,-1.116869768786611
NDUFA1,-0.417214811458385,0.7514276902944215,0.5895336718851301,0.5004534246179266,-2.044504758161127,0.18878753142687554,0.5047526108299036,-1.6202003029167371,-0.8627907574534207,0.7995092272182742,-0.3592268762334962,1.3831256128677827,-0.2812184488663882,0.6097804372930792,-1.0239240972803065,1.2817098459364809,0.028158760057606442,1.278230368539415,0.43462908253888555,-1.3598412985587844,0.6014391610266646,-0.9826160736037834
NDUFA10,-0.5107214555418278,0.7296913159724625,0.8545047564752721,0.9781317488670237,-2.4214323976295455,-0.3007818402067228,0.04563755351403366,-1.052627433809474,-0.6397359863615198,0.5272353459732853,-0.11860882198781117,1.579895785262856,-0.5727372813278065,-0.14523154144637979,-0.30168853053391015,1.3484687827800645,0.47349181386964256,1.0773977547602056,1.0233914254653147,-0.8387038745864507,-0.4446151837057406,-1.2909619358029736
NDUFA11,-0.3376895901227758,1.8183650519232109,0.1110137763761513,0.6333367627242565,-1.1133323896197225,-0.046567132236287695,0.9588834743211758,-1.76081327474074,0.05411175145909919,0.47097018148112313,0.09650070475143917,1.48569825373867,-0.17289466087741778,-0.5629017703405629,-1.76081327474074,0.12613213590312267,0.11021403932486906,1.3159438472026077,0.49333608926122413,-1.2640085390994737,0.4469236594611827,-1.1024090961504158
NDUFA12,-0.5967270776986144,0.6741530587469172,0.8695008008565205,1.2477838772375978,-1.838408929024991,-0.09126796355909067,0.40181756486368553,-0.7802537486294732,-1.1453439204923523,0.23596412158770336,-0.4074736769696316,1.7170546379946625,-1.0842490606182598,0.3292080144424298,-0.7257499717663919,1.193992273029291,-0.08787768846963617,1.2044040728932885,1.039492333713211,-1.1522475902587535,0.05922551302378577,-1.0629966409018987
NDUFA13,0.0,0.0,0.0,0.0,0.0,0.0,0.0,0.0,0.0,0.0,0.0,0.0,0.0,0.0,0.0,0.0,0.1457300942882444,1.2306050868016103,0.44620689036357514,-1.4043895394983805,0.5673055738107671,-0.985458105765827
NDUFA2,-0.02380300578902126,0.8718154090735921,0.8276706014483549,0.43265707222689087,-1.709639688193215,-0.3570247488774894,-0.1875318329931435,-1.472980645473564,-0.1929396202814033,0.0879320650409902,-0.9821130604789764,2.20306803709639,-0.10494755012448347,-0.1592941562639296,-0.5958014674706251,1.3629325910596497,0.07716519168619339,1.2821655576585969,0.5391538575367645,-1.199230082129411,0.4800651200079007,-1.1793196447600478
NDUFA3,0.24798185577503487,1.2771219670734182,2.101371451669574,-0.133437781700362,-0.6707553649620075,-1.013682791450332,-0.30540138998844396,-2.262064602576785,0.9375352696927047,0.47666622334533826,-0.0620722726853603,-0.5132451820339269,-0.17845940486225711,0.17396233372009168,-0.6492362624265487,0.5737159514098592,-0.14539640000548792,1.2188680328428312,0.4304065792864542,-1.3441728694691815,0.7828225806166085,-0.9425279232712228
NDUFA5,-0.03826862343478232,0.48877090858254796,-0.5766999327729911,-0.5118325009001744,-1.2680124335986518,-0.013344314555166893,0.7493454170479702,-0.4859960309979637,-1.1586174924077206,0.3967216005084138,-0.11506452281533752,2.4953600452036695,-1.2744546505292333,0.695857732035411,-0.6195596637313161,1.23579446236532,-0.09594901460577374,0.436521162403668,1.7320088064438064,-0.6368744080403995,-1.1445574450697034,-0.2911491011315978
NDUFA6,-0.36405165076647966,1.3911570917343565,0.665626133592891,-0.8248182980324835,-0.23500928743817034,0.23182652814620794,-0.026568806105178137,-1.5874576600412436,-0.08333982086246736,-0.42171643854959684,-0.45340854347249177,2.391052219958224,-0.7580303339295779,0.4685568696139249,-1.245685001730845,0.8518669978829334,-0.1382020267482539,1.0395818497535017,1.1317444582005505,-1.3002074993500425,0.20808543371438346,-0.9410022155701391
NDUFA7,0.0,0.0,0.0,0.0,0.0,0.0,0.0,0.0,0.0,0.0,0.0,0.0,0.0,0.0,0.0,0.0,0.028713530231288278,1.106741823522513,1.0192568576554155,-1.101359828605499,0.1688971095970583,-1.222249492400775
NDUFA8,-0.8879574445924417,0.8497889487261651,0.41291099553404126,1.531110067912091,-1.711190978077284,0.004848134593229782,0.8507758158864933,-1.1677309081551304,-0.8401286130603026,0.287515158547487,-0.0991598957345772,1.7538235852925734,-0.7015977385669507,-0.6444174982705348,-0.5649324031171417,0.9263427730822831,0.26982997037656115,1.249027930444838,0.9734071464437848,-0.933242540902131,-0.371232968500168,-1.1877895378628844
NDUFA9,0.6300368547709584,0.16081594603047294,0.23928174802617821,0.6732108003933744,-1.315771657081124,-1.315771657081124,1.725480146760817,-1.315771657081124,-0.4345862638604312,1.5276879826766347,-0.06875149489140228,-1.315771657081124,0.45005924936593683,0.8801975475719809,-0.772187480922864,0.25184159240283965,0.33820596328163005,1.1224536383170425,0.8780966030603193,-1.0799640953918774,0.03995425626923312,-1.2987463655363518
NDUFAB1,-0.6681777237854222,0.9894277367460411,0.18507835888302768,0.30048155265264836,-1.3617539055843653,0.288899507491207,0.6767487946528326,-0.7311723012261675,-2.078931696111161,0.39331602574671765,0.026016568700184758,2.0009634652778647,-1.046636743831379,0.674790474337067,-0.2860604929671035,0.637010379018003,0.21812077988502013,1.195495600627982,1.0707699389737368,-0.9838785087585927,-0.37416444324996656,-1.1263433674781778
NDUFB1,-1.3034529623220907,0.7824717354792364,0.3911813621465342,-1.0847892140322861,-1.2613628341046135,0.7156225212526929,0.43951391910783266,-1.0518270173331732,0.008180292599595525,0.4516790095491376,-0.3059402202847575,2.1120900413974124,-0.334487519589197,0.20493521640124995,-1.1098967262384685,1.3460823959708865,0.13600255778514383,0.6870802435796135,1.2249351929742436,-1.1293945408798245,0.3504694976081521,-1.2690929510673241
NDUFB10,-0.1487532030722495,1.266655570009378,0.24495363293477257,1.0082316606484871,-1.6412710333744294,-0.004760093202994552,-0.39550092472676546,-2.051991693825122,-0.8730980443229892,0.6863936730484792,-0.309942846866341,1.6464919068759984,-0.4889152174427224,0.20587412617971854,-0.0956941536144528,0.9513266407512346,0.016348073328042403,1.3756365946822826,0.30800578580977245,-1.0923164001986034,0.6002371238848372,-1.2079111775063271
NDUFB11,0.23823999531895418,1.3357546847617447,-0.0536894289161768,0.7064186338435661,-1.6541356366316076,0.31500892629875554,0.049508336808833625,-1.4915267989358123,-0.45654777193887275,0.8617104060061221,-0.9875231768736707,2.0119794934753026,-0.47593279229008617,0.007792518165123037,-1.013135971667481,0.6060785825753051,-0.36578180063995747,1.3870770495914124,0.4959229142077957,-1.184293174481856,0.620402026660249,-0.9533270153376352
NDUFB2,-0.13571537641835907,0.9912030625272001,0.4303152178406476,-0.03250887177672985,-1.6960528157521901,-0.22809054137776114,0.39969177896052355,-2.3015933122942065,-0.44208487749730335,1.1073682139280887,-0.4642523048633022,1.3482887641568353,-0.261893545479313,0.8076798241275159,-0.5151804854281582,0.9928252693465182,0.22773037062311677,1.2934871440326035,0.9699281472031362,-0.9646345576095738,-0.4178345261660884,-1.1086765780831986
NDUFB3,-0.7670335218649369,0.7163720665944149,0.27114323428516907,-0.32591541962021275,-1.9043204842447072,-0.25234750514017273,0.6300756896672549,-0.9500721433967859,-0.5085783872929822,0.6073640023089745,-0.8510324849275929,2.322704668650289,0.05843036192443202,0.13931488712078333,-0.4953249787418593,1.3092200146779296,-0.29308755273173925,1.0766902270445746,0.37126208851804515,-1.4143977031951291,1.0193739023337811,-0.7598409619695321
NDUFB4,-0.45687834481554346,0.9436596245715747,1.113328279786261,0.9817071354642503,-1.6026188414428817,0.0018104418488715576,0.4453035435372337,-0.8919159919215484,-1.0812906219505407,-0.34328408233610097,-0.4186339296998296,1.9963197111868851,-0.9254364273256778,0.34613696610473443,-0.9775868626155145,0.8693793996078293,-0.08710302311241944,1.1351362334967843,0.8711358323691817,-1.2358259854679847,0.4278271467952455,-1.1111702040808098
NDUFB5,-0.7839830161641969,0.7443197427605875,0.8491152076920857,-0.7494095707828343,-1.2773753533276322,-0.025042231483854576,0.9179509750819986,-1.3499833998580046,-0.4264541386255841,-0.06514919649004573,-0.7112632109119106,1.8154074072524313,-0.3773306174031952,1.4062039683352885,-1.018709565042388,1.0517029989672548,0.43676964991842365,0.8154285555056557,1.3535665663545329,-0.8557991048116247,-0.7191238128184975,-1.0308418541484943
NDUFB6,-0.7746369264699132,0.7148575295186094,1.2848866436601107,-0.15030414575641865,-1.5997472505487662,-0.5004484860912641,0.8283764464082394,-0.9208029755616048,-1.239051119454707,0.6431848158793578,-0.1748166237773419,1.7432483103514032,-0.9998723007816122,-0.07173431551909931,-0.13587846003650436,1.3527388581795101,0.15578156155140171,1.0890048700309527,0.6954593032758953,-1.5482655184727792,0.44906279464000504,-0.8410430110254795
NDUFB7,0.9249073008074832,1.6183221522208882,0.03873513240288948,0.13934496815218653,-2.0179611723691626,-0.25421146514990556,-1.1645784649382371,-1.1131539638060193,0.24741266157116745,0.7246362614560126,-1.0419080183155913,1.2792476876588488,-0.11161485017948586,0.4627430362944882,-0.6410855124407876,0.9091642466352363,0.014399319335048198,1.2062972238875633,0.4870016666898895,-1.4840435694130052,0.6230444470881077,-0.8466990875876133
NDUFB8,-0.7532187682744473,1.387220687092773,-0.7532187682744473,2.129980656561788,0.02652205262666028,-0.7532187682744473,1.2893451718151518,-0.7532187682744473,-0.7532187682744473,-0.7532187682744473,0.5582057517792087,-0.7532187682744473,-0.7532187682744473,-0.7532187682744473,1.1914406832235749,0.19625391137086914,0.20326483012253882,1.3658211246341523,0.6730628126909853,-0.9709394391736323,0.031288333960339046,-1.3024976622343831
NDUFB9,0.20102646532218552,0.7852090897229712,0.9273646788862914,1.0036955198427935,-2.005965846224696,-0.4097581064411564,0.1837107014990449,-1.2151377415176,-0.7101018801109912,0.6254467478726967,-0.17494643052127834,1.3374154362181194,-1.2140938230764255,0.2287138239131151,-0.885100420191005,1.3225217848059205,0.6315006215376578,0.7445544681075952,1.2530569807742513,-0.558955560085449,-0.9314237686220059,-1.1387327417120432
NDUFC1,-0.5883248069979534,0.8980679227831391,1.1601949928599793,0.4176756831343723,-1.655708768089739,-1.1126711603517125,0.6570550928170447,-0.41697474335812323,-0.5431283912349075,0.37754908916224156,-0.3452894991314785,1.9181205867816373,-1.5432171591265906,0.4387807699211093,-0.4924177398174771,0.8302881306484488,0.05805071016428447,1.1887418099339488,1.0843415611412777,-1.1421692041825502,-0.1493099030293015,-1.0396549740276622
NDUFC2,-1.7114417007313227,0.7086412228119039,0.8163934318192372,0.3364028449422023,-0.7133660626448404,-0.24515531185209274,1.0530734561476605,0.3739386663536394,-0.8041784443597855,0.19752202603142455,-0.7799787130099857,2.2726234986662375,-0.9315505953462205,0.015062330016477015,-1.1517706558325262,0.5637840069879901,0.13169434751978182,1.2526890629866372,0.7924706114507019,-1.0247306292810772,0.15593899414303497,-1.308062386819075
NDUFC2-KCTD14,0.0,0.0,0.0,0.0,0.0,0.0,0.0,0.0,0.0,0.0,0.0,0.0,0.0,0.0,0.0,0.0,0.08205453785853617,1.299934147273869,0.8104013220847625,-1.0226883844162482,0.0921630318553426,-1.2618646546562615
NDUFS1,-0.3157157709185178,0.6103420421637243,1.5808044971422377,0.4131092049261417,-1.6801324244109985,-0.2830091279804619,1.4479715057919478,0.2546315689336278,-0.5665807039403791,-0.16203553817664373,-0.7611844679149459,1.1835123182750258,-0.8003694835369994,-1.649585971824192,-0.2837754832131743,1.0120178346836048,0.6078347268261383,0.5805767187840265,1.3947641843675889,-0.6933826631872684,-0.7428293631090472,-1.1469636036814426
NDUFS2,0.010361787806785096,0.3696906627925434,1.2908403545573315,1.0646296485365174,-1.6933282376050505,-1.2630185810851258,0.7577360033379266,-0.6791744893437384,-0.7705039603554663,-0.7207382219764134,0.22146701903517993,1.6247615747213608,-0.6408056883001128,-0.6669801606672819,-0.2612905659955128,1.3563528545410528,0.5068843349612676,1.1262362886357513,0.43632768303983455,-0.9084256317026598,0.3642252109827568,-1.5252478859169487
NDUFS3,-0.5145379868148411,0.5971410353153361,0.5721161060475839,-0.6655088523150499,-1.2949930624325559,0.5161905763852435,0.30141516170861077,-0.8523498800595449,-1.0563486645463351,0.8319130414205376,-0.4086334210011058,1.8441604709069606,-1.3094518189340905,0.7475276228841136,-0.870735302423665,1.5620949738588035,0.19657068850654605,1.3344930629144602,0.7772524546066759,-1.0140906501540015,-0.05109385634411674,-1.243131699529565
NDUFS4,-0.07551588502354471,0.5718836405309131,-1.2854570941579004,-1.2854570941579004,-0.49565068324717876,0.5288625191713167,0.327681499413188,-1.2854570941579004,-0.13264562854172732,0.08477458456868282,-0.41627996581126897,2.5362550469748597,-0.10308487470930688,0.7300265620273017,-0.8138301580495906,1.1138946251700559,-0.4602736369350584,1.0009733090013158,1.4524177147961246,-0.9471118378546608,-0.18197582698062723,-0.864029722027094
NDUFS5,-0.27434890581367694,0.860460373800363,0.5702391280622235,-0.12445161495598508,-1.6161978441909794,0.3309405346131567,0.6425411465366804,-2.296230938504231,0.16725255705816855,0.6924736977918506,-0.5484919695808076,1.083341165498651,-0.9961430254417731,0.8686230241872357,-0.546883137744148,1.1868758086832751,-0.2912188468335918,1.198844468920532,0.7711356349980374,-1.33618472722569,0.5495599820500293,-0.8921365119093132
NDUFS6,-0.6098915899136582,1.699174666943124,0.05825047588674263,0.2045408632661212,-1.8011929245631408,0.4536180036673248,0.1992801489663322,-1.7372640796458765,-0.3273991102268648,0.32222210403146095,-0.5919238319419878,1.5005942247472681,-0.5948936074026286,0.765489987653216,-0.5855247655948015,1.0449194341273782,0.5257826996707333,1.1580894994634596,0.7434757244413923,-1.1995809117328533,-0.04955876357555456,-1.1782082482671794
NDUFS7,0.11763286759627577,0.7140015611923581,0.4249161860129272,0.8650881938286145,-2.148161701235369,0.20723983190616643,-0.09785483861152736,-0.04845425491496761,-1.0319041752818192,-0.6047054770483812,-0.5412649000199506,2.0598407059160446,-1.0437656227839234,0.27317151799379225,-0.4043467379419847,1.25856684339172,0.17508760270189264,1.4473857428016068,0.4246223254542682,-0.9190995503250314,0.2148418192967752,-1.3428379399295103
NDUFS8,0.15147686876989436,1.0370713267133351,1.1606184213482125,1.016998195898269,-2.151806434361154,-0.478796418584883,-0.23127434320104043,-1.1434832022095829,-0.5855818609618185,0.7973875588854852,-0.3238764009294194,1.4854188714026604,-0.8815204212453973,-0.09987228113759647,-0.6483721773956505,0.8956122970086764,-0.03484340316459972,1.3402327189200478,0.4883084267918129,-1.001213993407472,0.511412346429461,-1.303896095569262
NDUFV1,0.2635077255515453,0.2769254591922565,1.4358151438234288,1.027284246453998,-1.4253485290762746,0.44168634695027603,0.342008072330198,-2.0072612649362163,-1.4822513521673828,0.5012761102621207,-0.11833701223587792,0.35423733981542244,-0.484739295904011,-0.39110350471236094,-0.25755119897166445,1.5238517136245564,0.23796848363025555,1.4182638523320688,0.4931180217912894,-0.9102016022234742,0.11952016513706973,-1.3586689206672056
NDUFV2,0.0,0.0,0.0,0.0,0.0,0.0,0.0,0.0,0.0,0.0,0.0,0.0,0.0,0.0,0.0,0.0,0.10055587330006703,1.001912771761528,1.172700996735944,-1.175049931205261,0.0089382022757175,-1.1090579128679923
NDUFV3,-0.6669146710346291,1.1161403841051472,0.6882108077748085,0.3211424696584038,-2.1514080680489864,0.004901694260515885,0.23423531902256453,-1.8125031663921354,-0.32955483715973355,-0.4997096679492582,-0.032710127849227444,0.9642543661721807,0.08832987275496296,0.5161361094987034,-0.21645836432735416,1.7759078795140293,0.4361171851277617,0.9565927588776632,1.0771870054384007,-0.8869739207997396,-0.20203176603605888,-1.3808912626080294
NFATC1,-0.9835458872863524,1.1525094146548949,0.6154946512778665,0.24708967457626496,-1.7630279606940433,0.6383877356562274,0.08811808935837763,-1.327446235739545,-1.530458976391433,0.4613568303240467,0.15564257576972026,1.1685977630891216,0.07296733352652436,-0.19886685202947288,-0.46262054389249374,1.6658023878002939,0.8439650741620695,0.8566560535555412,0.9232448162171297,-0.7405502253993292,-0.5059809809225287,-1.377334737612878
NFATC2,0.6716446086166517,-0.23861944895357107,1.612296939892317,-0.79080109777902,-1.3626763914731863,-1.9063911029058767,1.0646132114602964,-0.4464934430232525,-0.5645996735292506,-0.3115378440575442,0.5076418876104197,1.7981856721724947,-0.5301930360856738,0.3301326463215054,-0.17361444174721147,0.3404115134808992,0.475862949836946,0.3377882956895905,1.6034527260617173,-0.5006138581204087,-0.983852312547948,-0.9326378009198983
NFATC3,0.14834323265396376,-0.8351473846934716,1.8685802395125446,-0.49477171400504516,-1.7065001374676385,0.32274777467927485,1.0685507866353545,-1.6118775589417063,0.20561491094873113,0.03864765323300057,0.12155528233284102,1.3488831444881093,-1.034230734211718,0.15540162626415174,-0.40385551438513273,0.8080583929567366,0.27184559026520677,0.47399378350244725,1.651014844021153,-0.8466410681516303,-0.6059936685381058,-0.9442194810990718
NFATC4,0.0,0.0,0.0,0.0,0.0,0.0,0.0,0.0,0.0,0.0,0.0,0.0,0.0,0.0,0.0,0.0,-1.484119083056611,0.09830667558716295,0.4551455458795961,-0.6641773968971563,1.4560848494366996,0.13875940905030784
NFS1,-1.2463749431243978,-1.2463749431243978,0.5683026117015233,1.0746783471787864,-0.6186625544681676,0.41553286849397614,2.3026294633351987,0.1994937985549329,-0.21807112444769758,0.9172690446153234,0.2088416374180047,-1.2463749431243978,-0.3624363550823429,-0.08503735138179205,-1.2463749431243978,0.5829593865798506,0.08191959191756476,1.058079454468473,1.283286596287081,-0.8478338253976914,-0.4222904488674791,-1.1531613684079505
NFU1,-0.8672196524789909,0.5243639047666694,-1.5902185733904202,-0.37390272375861056,-1.5902185733904202,0.17926056876711194,0.16510007429383144,-0.3516083486273849,0.07855215907743117,0.5638478020230251,-0.48721538621391375,2.599250655417196,-0.08976454170005364,0.5722539882679037,-0.26484648332993743,0.9323651302765605,-0.017938435606171955,1.0513430931539887,1.34054252935936,-1.0268817775345955,-0.4132224605663713,-0.9338429488062114
NGF,0.0,0.0,0.0,0.0,0.0,0.0,0.0,0.0,0.0,0.0,0.0,0.0,0.0,0.0,0.0,0.0,1.6415542504130636,-0.9133776759162484,0.6921536154136952,-0.37431712792594884,-0.9133776759162484,-0.1326353860683128
NIPA1,-0.7285486593720919,-0.7285486593720919,0.17579225131930998,0.4281435809291953,-0.7285486593720919,-0.7285486593720919,0.2778979422250057,-0.7285486593720919,-0.7285486593720919,0.34969897149818474,-0.43850690489153804,3.2555534547372456,-0.2880396413488282,-0.14979840561837987,0.05161676317896294,0.7089339442033943,0.44475801065807885,0.487290632573664,1.5607800288807623,-0.6762412218839314,-0.8048367764125697,-1.0117506738160074
NIPA2,-0.7619073125275226,-0.46430462108989556,0.7034077041430663,0.9497832592977833,-2.1457519430458873,-0.5554605185848608,0.4915515203775471,-0.8923144855358415,-0.4108910297726777,0.4054349003752514,0.5556560326316927,2.0487705908376728,-0.38698235437171635,-0.13080739014718584,-0.6179184210658266,1.211734068478404,0.5768070639277331,0.9389875157914092,1.1260164787464264,-1.0133603446542807,-0.527120938611225,-1.101329775200064
NIPAL1,-0.24999999999999994,-0.24999999999999994,-0.24999999999999994,-0.24999999999999994,-0.24999999999999994,3.749999999999999,-0.24999999999999994,-0.24999999999999994,-0.24999999999999994,-0.24999999999999994,-0.24999999999999994,-0.24999999999999994,-0.24999999999999994,-0.24999999999999994,-0.24999999999999994,-0.24999999999999994,1.1179294450811488,0.30177494680355127,1.1595490148495557,-0.6120811671014359,-0.9331626423855705,-1.0340095972472485
NOS1,0.0,0.0,0.0,0.0,0.0,0.0,0.0,0.0,0.0,0.0,0.0,0.0,0.0,0.0,0.0,0.0,0.564734106800439,-0.08807220724569499,1.4200325314219078,-1.5439365949235044,0.1483263560592017,-0.501084192112347
NOS2,0.0,0.0,0.0,0.0,0.0,0.0,0.0,0.0,0.0,0.0,0.0,0.0,0.0,0.0,0.0,0.0,-0.9216172591264816,-0.35061635218416215,1.9246937044681356,-0.5444773772354763,-0.15635882704132215,0.04837611111930821
NOS3,-0.5940805953831604,1.5427429041038283,-0.5940805953831604,-0.5940805953831604,-0.5940805953831604,-0.5940805953831604,1.4450327350330858,2.337006212040492,-0.5940805953831604,-0.5940805953831604,0.12766324703828902,-0.5940805953831604,-0.5940805953831604,-0.5940805953831604,-0.5940805953831604,1.0824414509990692,-0.955442405895047,1.3347861587436856,0.3129590523769295,-0.5928474310350478,0.912332235354104,-1.011787609544623
NR0B2,0.0,0.0,0.0,0.0,0.0,0.0,0.0,0.0,0.0,0.0,0.0,0.0,0.0,0.0,0.0,0.0,1.4783160410313385,-0.6404456047548237,-0.6404456047548237,-0.6404456047548237,1.0834663779879563,-0.6404456047548237
NR1H4,0.0,0.0,0.0,0.0,0.0,0.0,0.0,0.0,0.0,0.0,0.0,0.0,0.0,0.0,0.0,0.0,0.22848844564081408,0.4478847894534436,1.6815982579507027,-0.5761074237182495,-0.8909320346633552,-0.8909320346633552
NTRK1,-0.46266721437524905,-0.46266721437524905,-0.46266721437524905,-0.46266721437524905,1.8304372286980513,-0.46266721437524905,-0.46266721437524905,-0.46266721437524905,-0.46266721437524905,-0.46266721437524905,-0.46266721437524905,-0.46266721437524905,-0.46266721437524905,-0.46266721437524905,1.8546425981882153,2.3295939599919717,0.48332020634471146,0.8993774333485035,0.4712157158825801,-1.3662858297573905,0.6915605709977898,-1.1791880968161954
NTRK2,0.0,0.0,0.0,0.0,0.0,0.0,0.0,0.0,0.0,0.0,0.0,0.0,0.0,0.0,0.0,0.0,-0.648533310490279,-0.45419534419783286,0.7576023356618227,-0.8637932378804923,1.6820190181588865,-0.47309946125210484
NTRK3,0.0,0.0,0.0,0.0,0.0,0.0,0.0,0.0,0.0,0.0,0.0,0.0,0.0,0.0,0.0,0.0,2.0029125552379154,-0.14044073956955888,-0.3357543589673246,-0.6385752534882088,-0.607946151938252,-0.2801960512745716
NTSR1,-0.6529673407845694,-0.6529673407845694,-0.6529673407845694,-0.6529673407845694,-0.6529673407845694,-0.6529673407845694,0.3997025050881105,-0.6529673407845694,0.9567295103327097,2.733980028997067,-0.6529673407845694,-0.6529673407845694,0.73074157472195,1.1649792918729704,-0.6529673407845694,0.5435404968328862,-1.3681716464302738,0.10654318443526538,0.5329713520617059,-0.3020098976894358,1.56660635493823,-0.5359393473154911
ORAI1,0.27862251860945697,0.8758991365280381,1.3991355176166156,1.138801315347018,-2.311139993657488,-0.5802850321652855,0.48766227795798145,-0.2639379441798814,-0.7425519347382509,0.30556838897538385,-0.49879983868126077,1.07211044378716,-0.9970910315626682,-0.7616075415035762,-0.4493107417353443,1.0469244594021079,0.059276176991826635,1.3392133305143257,0.21297445547708216,-1.1718495888624119,0.6988260405240238,-1.1384404146448397
ORAI2,-1.299370518218178,0.46810516199336494,1.6316487644039492,0.9893142084383677,-1.599845425990099,-0.8776525899634767,0.11370633667773897,-0.40680393804191883,-0.19452791835011837,-0.4895934507471816,0.33247070809335805,1.1592621582207823,0.11709132767181993,-1.4408125628357005,0.04098715458029166,1.4560205840670006,0.6212848994659886,1.4693040308419578,-0.3137837088075843,-0.9137093776047008,0.32652808945746264,-1.189623933353124
ORAI3,-1.5713785141752452,0.16945647658646937,1.380094375215485,-0.0983052545492626,-1.5713785141752452,0.5716276865309428,1.1978444575696872,-0.6537474588285246,1.181101305894647,-1.5713785141752452,0.4868638325747784,0.42613594600211346,0.79648816086264,-0.32945469446724474,-0.8465336624556683,0.43256437158967115,0.3804377760750416,1.2700713612992933,0.16090075818955443,-1.071364281596201,0.5772473768866127,-1.3172929908542912
OXTR,-0.25,-0.25,-0.25,-0.25,-0.25,-0.25,-0.25,-0.25,-0.25,-0.25,-0.25,-0.25,-0.25,-0.25,3.75,-0.25,-0.400460789318576,-0.2368887028349613,2.0152730549123157,-0.6862017150182893,-0.4235689087144579,-0.2681529390260284
P2RX1,0.023517455881618174,0.04047544133413399,-0.5912192044073251,1.5792694307807256,-1.5860051181075503,-0.8049029956585563,-0.08515677684795395,0.6052761563612742,0.6921389316209717,-0.11797683661170313,1.1352473746818061,-0.2963648971222275,-1.4313986057782087,-0.9071429069899999,-0.212933969018292,1.9571765198812823,-0.2953307914128989,-0.12176356406471305,-1.1662592405798964,-0.17059085297140944,1.869577618821407,-0.11563316979248822
P2RX2,0.0,0.0,0.0,0.0,0.0,0.0,0.0,0.0,0.0,0.0,0.0,0.0,0.0,0.0,0.0,0.0,-0.7184138318659669,-0.4033045978699458,-0.7184138318659669,1.8056876493862644,-0.5043174483226875,0.5387620605383029
P2RX3,0.0,0.0,0.0,0.0,0.0,0.0,0.0,0.0,0.0,0.0,0.0,0.0,0.0,0.0,0.0,0.0,-0.42213642330124934,1.264134628671165,-1.0073893769000468,0.5177044173802121,0.7930830142777728,-1.1453962601278551
P2RX4,0.44316566842064486,0.7066447892851265,0.5010965417849438,-0.09771893460718313,-1.583037541792726,-0.5952121640952829,0.25395936945921554,-1.4670505979998036,-1.498234601685835,0.5561385603979807,0.18626667211174144,0.3849920098259426,-0.2902936076866021,0.5034421204097033,-0.3985505584147565,2.3943922745868793,-0.07376842700518685,1.1284501482224865,1.2505145400955393,-0.7782742036501085,-0.32419138157140975,-1.2027306760913186
P2RX5,-1.2537813764705334,-0.0003383285687062409,1.3702902672248873,0.43462250045926704,-0.4308894336350177,-0.044859718377169754,2.2021003834630095,-0.2020130266520274,-1.2537813764705334,-1.2537813764705334,0.27732985426651585,1.0357253651311065,-0.133948491337483,-1.2537813764705334,-0.11498725458840435,0.6220933884961541,-0.7391110599288613,1.4702208170131927,0.9127300599447279,-0.2363747940345753,-0.2494542436624962,-1.1580107793319856
P2RX6,-0.25000000000000006,-0.25000000000000006,-0.25000000000000006,-0.25000000000000006,-0.25000000000000006,-0.25000000000000006,3.750000000000001,-0.25000000000000006,-0.25000000000000006,-0.25000000000000006,-0.25000000000000006,-0.25000000000000006,-0.25000000000000006,-0.25000000000000006,-0.25000000000000006,-0.25000000000000006,-0.8928515563961885,1.6803086866403414,0.600708888646352,-0.01803437855824321,-0.8845301681251241,-0.48560147220713634
P2RX7,-0.07620860899569665,0.259342963788079,-0.40018762286373516,0.43367411940140266,-0.8857691398656952,-1.689498139867053,0.536706886824937,-0.6622226495762495,-0.4393816173733052,-0.15225041173751064,0.17362434593775986,2.1484664565506213,-1.0614684852780805,0.4788567584577645,-0.5772234739687873,1.9135386185655523,0.9457791105358253,0.12499697132833705,1.300407690067173,-0.19903465964191328,-1.09266212391793,-1.0794869883714913
PCBP1,-0.9066889486717784,0.6896493359213721,1.4511232151613815,0.8354987215094413,-2.104878309213695,-0.2735139518727432,1.1545589373961394,-0.8540154579339981,-1.18186123025437,0.18938182413679497,0.5328206625889591,0.8712957992703192,-0.9806778496614132,-0.35415939408805547,0.0570021915830906,0.8744644541285664,0.6230388333769389,1.2218604194153064,-0.029675198605785966,-0.8653042313826549,0.5043443984098382,-1.4542642212136532
PCBP2,-0.09699660165060699,0.5221781263455934,2.1636540633017525,-0.5445149971209715,-1.0323071581483985,-0.729636262407699,1.931655023112492,-1.9173498876652832,0.08340788946086151,0.34949250919612146,-0.03922189892844105,0.04510338118517875,0.005536516639954876,-0.6832886732231811,-0.28694838817613594,0.22923635807876733,0.4529076404423019,1.302049586161898,0.3610940347511211,-0.8998089520110804,0.23445638325331342,-1.45069869259756
PDE1A,0.0,0.0,0.0,0.0,0.0,0.0,0.0,0.0,0.0,0.0,0.0,0.0,0.0,0.0,0.0,0.0,1.6673640834923125,-0.10555302522169044,0.16747128886697044,-1.372738258584557,0.16285606159340793,-0.5194001501464436
PDE1B,-0.6440523682450832,-0.6440523682450832,2.0355275329731373,-0.6440523682450832,-0.6440523682450832,-0.6440523682450832,0.34891912492488886,1.490938947264559,-0.6440523682450832,-0.6440523682450832,0.21534705362334872,-0.6440523682450832,-0.6440523682450832,-0.6440523682450832,0.29262107864109005,2.057169945023808,0.4829441424278281,1.2447012617863327,0.7214495250767243,-1.181763199794221,-0.1349850097486891,-1.1323467197479749
PDE1C,0.0,0.0,0.0,0.0,0.0,0.0,0.0,0.0,0.0,0.0,0.0,0.0,0.0,0.0,0.0,0.0,1.278312364224093,0.23503926365932573,0.8820697879253309,-1.4370907864383409,-0.5431895568866738,-0.4151410724837327
PDGFA,-0.8336448986759433,-0.8336448986759433,2.2263165262502227,1.6452846934148897,0.37453237221342667,0.9413046342619961,-0.8336448986759433,-0.8336448986759433,0.2646033735318467,-0.8336448986759433,0.720554420865137,-0.8336448986759433,0.11041852832198341,-0.8336448986759433,0.3861446405480418,-0.8336448986759433,0.4502548178256748,0.42875394264957606,-0.990405536754761,-0.9498474862460133,1.5715850482183047,-0.5103407856927809
PDGFB,-0.5039848537277692,-0.5039848537277692,-0.5039848537277692,2.996671601562817,-0.5039848537277692,-0.5039848537277692,0.6947640194146434,-0.5039848537277692,-0.5039848537277692,1.6496497045065772,0.07532914418575189,-0.5039848537277692,-0.5039848537277692,-0.5039848537277692,0.12741892133567245,-0.5039848537277692,0.5234775479777811,0.9333859837556002,1.210912736990338,-0.799365587001987,-0.9788574741657734,-0.8895532075559612
PDGFC,-0.8674020018347917,-0.8674020018347917,0.9445077013846088,0.6004585224577553,-0.8674020018347917,-0.8674020018347917,0.17248408796326886,-0.8674020018347917,-0.8674020018347917,0.5009110875261136,0.2713227351495028,2.548792472020047,-0.8674020018347917,0.37012704651060124,-0.46623921087386355,1.1294495707055088,0.7088732273573706,-0.07232563300620742,1.6418922610420659,-0.7194863606290657,-0.9578428469167327,-0.601110647847432
PDGFD,-0.8318059275180965,1.6382305723997976,0.802316028732351,0.44283501090923033,0.1868712557178602,0.6647464693567497,-0.8318059275180965,-0.8318059275180965,-0.8318059275180965,-0.8318059275180965,-0.8318059275180965,2.0024280187980827,-0.8318059275180965,-0.8318059275180965,-0.2605825634759916,1.1776026277066929,0.3471154091630911,0.47006085884364024,1.586626304405232,-0.6909905848483902,-1.1701257820915587,-0.5426862054720137
PDGFRA,0.0,0.0,0.0,0.0,0.0,0.0,0.0,0.0,0.0,0.0,0.0,0.0,0.0,0.0,0.0,0.0,-0.7730065249880971,-1.3052516303617243,0.873907591128479,0.8096325868458252,0.9724907676187783,-0.5777727902432602
PDGFRB,-0.3651102536655679,-0.3651102536655679,-0.3651102536655679,-0.3651102536655679,-0.3651102536655679,-0.3651102536655679,2.368977371506116,-0.3651102536655679,-0.3651102536655679,-0.3651102536655679,-0.3651102536655679,-0.3651102536655679,-0.3651102536655679,-0.3651102536655679,-0.3651102536655679,2.7425661798118344,-0.03357439264400903,-1.5042898584447513,-0.2946140070934036,1.6192852655159353,0.1533777510470451,0.05981524161918468
PHEX,-0.448895093754126,-0.448895093754126,-0.448895093754126,-0.448895093754126,1.464774611363831,-0.448895093754126,1.6012085537783862,-0.448895093754126,-0.448895093754126,-0.448895093754126,2.7696530536614214,-0.448895093754126,-0.448895093754126,-0.448895093754126,-0.448895093754126,-0.448895093754126,0.4975302346575747,0.5158074723511222,1.5258948184495857,-0.7981242361433174,-0.9221292656802911,-0.8189790236346746
PHKA1,0.0,0.0,0.0,0.0,0.0,0.0,0.0,0.0,0.0,0.0,0.0,0.0,0.0,0.0,0.0,0.0,0.5087940654154278,0.1575214017470737,1.6910009384442652,-0.7441808288195226,-0.8375769212372199,-0.7755586555500243
PHKA2,-0.6401303117093791,-1.5844269547490106,0.8845470089735331,0.004182572130102635,-1.5844269547490106,0.236503358494631,1.3038336699545185,-0.5948241450054789,-0.8806200884005887,-0.10355382440866458,0.9768156476832411,1.5062001853051594,-0.5307826139946017,-0.7895671512827315,0.6244304821854182,1.1718191195728618,1.0154365366219993,0.910485616872794,0.5227572311611515,-0.8632738300428379,-0.1351952233979583,-1.4502103312151515
PHKB,-0.9393862227950888,0.32432070158325593,1.4633755761115037,0.07769164722938418,-1.5959466843761634,-0.329871181744053,0.9210432446920025,-0.47115593107283926,-0.08052411500236697,-1.5959466843761634,0.38345928319140454,1.9180586811723308,-0.6153247489669653,-0.6647229134146119,0.27629937175714453,0.928629976011223,0.8812381253894238,0.48646782695114243,1.2625806096168064,-0.6449551490906649,-0.9382549072984305,-1.0470765055682763
PHKG1,-0.25000000000000006,-0.25000000000000006,-0.25000000000000006,-0.25000000000000006,-0.25000000000000006,-0.25000000000000006,-0.25000000000000006,-0.25000000000000006,-0.25000000000000006,-0.25000000000000006,-0.25000000000000006,3.7500000000000004,-0.25000000000000006,-0.25000000000000006,-0.25000000000000006,-0.25000000000000006,-0.048207432682059514,1.177752705233824,0.8093373104489264,-0.8217452930942728,0.3514545793909803,-1.4685918692973992
PHKG2,-1.3834900626699422,-0.275880071976711,2.339029919852299,-0.07652881868305744,-0.9504954205746013,-1.154186144050946,0.04129126484666636,0.39614460174305727,0.0828244419353633,-0.7465455417817003,-0.3739010702253733,1.1643171604270042,-0.8302277459993955,0.3086572868112045,-0.05478956269897916,1.5137797630451173,0.14191188410634453,1.2824296424101285,0.29631022491800213,-1.2452604578905946,0.6521817130512261,-1.1275730065951095
PHPT1,0.0,0.0,0.0,0.0,0.0,0.0,0.0,0.0,0.0,0.0,0.0,0.0,0.0,0.0,0.0,0.0,-0.08734569310750058,1.3643107197626498,0.630275669211436,-1.277544251706716,0.35723862114558597,-0.9869350653054608
PLCB1,-0.7619063819396585,-0.7619063819396585,2.031773934716676,0.18371782447953183,-0.7619063819396585,-0.7619063819396585,0.9995421020077473,-0.7619063819396585,-0.7619063819396585,1.454844770687312,0.8258339519858985,-0.7619063819396585,-0.7619063819396585,0.013937249912552437,-0.7619063819396585,1.3475076036672093,0.21476298439384514,0.5267342000348366,1.6572897367300414,-0.7174697939456379,-0.8693127537255494,-0.8120043734875365
PLCB2,0.14037793181849456,0.33754222926806227,1.7872528902314475,0.6813227881299014,-0.7764308276637566,-1.0765660734767193,-0.13897507222629846,-0.12631101295093708,-0.6006600929101543,-0.2781706047921842,0.27351344226548086,-0.05514362982665048,0.31438831777453297,-2.541434734243528,0.7004978891489497,1.3587965594533578,1.0341393215161574,0.8288488436774578,0.09385087640736005,-1.2465041731129491,0.4900239656008055,-1.2003588340888223
PLCB3,0.13862445296538167,-1.2355671307637726,1.6181292275324473,1.0762634340914807,-0.10883035231028192,0.4197370757024224,-0.5657744056514953,1.7897701492108047,-1.2355671307637726,0.9194795987616043,-0.6558732677551183,-1.2355671307637726,0.29775314097608346,-1.2355671307637726,-0.09800084067392223,0.11099031020568276,0.8786612085555073,0.9145372274967405,0.43090964692933964,-0.806181258893803,0.17157805627549597,-1.5895048803632872
PLCB4,0.0,0.0,0.0,0.0,0.0,0.0,0.0,0.0,0.0,0.0,0.0,0.0,0.0,0.0,0.0,0.0,0.8295539600893593,-0.7393442921179635,1.319913213213448,-0.05390986194885849,-1.419886869498619,0.06367385026263361
PLCD1,-0.14377806229423143,-0.5898439174384615,-0.5152502358381595,2.0334035161729718,-0.43546500684544,-0.6397030765288412,0.735175065707395,0.9147936304778832,-1.1558642949673774,-1.993565063721884,-0.057449718132642505,0.570435776303831,-0.7394729022980844,0.09403773252466015,0.6355106976291751,1.2870358592492066,0.1520435371008436,1.3257193782169963,0.4112398779038552,-0.8875983435764289,0.4376464311851262,-1.439050880830393
PLCD3,0.8758053583832514,1.277345779793196,1.3844029626178174,-0.7372810380342697,-0.7372810380342697,-0.7372810380342697,-0.7372810380342697,-0.7372810380342697,1.3199054889868111,-0.7372810380342697,-0.7372810380342697,-0.7372810380342697,1.6719836018558194,-0.7372810380342697,-0.7372810380342697,0.8433671887058014,0.04677665765775054,1.56163017741775,0.05771905954657378,-0.8045656806410805,0.4459532355426551,-1.3075134495236473
PLCD4,-0.3621859330168726,-0.3621859330168726,-0.3621859330168726,-0.3621859330168726,-0.3621859330168726,-0.3621859330168726,-0.3621859330168726,-0.3621859330168726,-0.3621859330168726,-0.3621859330168726,2.142878805243244,-0.3621859330168726,-0.3621859330168726,-0.3621859330168726,-0.3621859330168726,2.9277242569929727,-0.3388930885678246,1.3892879526442836,0.6085035918467613,-0.38169568394682035,0.26235332495799113,-1.5395560969343929
PLCE1,0.0,0.0,0.0,0.0,0.0,0.0,0.0,0.0,0.0,0.0,0.0,0.0,0.0,0.0,0.0,0.0,-0.4412862075619421,0.5109702313137859,1.7984797825261951,-0.49291845969637316,-0.9336184944083443,-0.44162685217332237
PLCG1,0.041420639477907,-0.48799481717996734,1.2278799939933052,0.9357343462668887,-1.3753875466635284,0.4002575210733751,1.007676100728792,0.12815527415776468,-1.7652527401898543,0.980595467401978,-1.189956584820804,-0.18672528283065973,0.05591504409734873,-0.25784688502845865,-1.0946014836032831,1.580130953119197,0.1697023788202999,0.9319923789880287,1.2281821816438752,-0.5237535125939071,-0.3162051814105357,-1.48991824544776
PLCG2,-0.5848103562524305,-0.5848103562524305,2.38888563306034,-0.5848103562524305,0.4438163590694729,-0.5848103562524305,0.5171516883945778,-0.5848103562524305,-0.5848103562524305,-0.5848103562524305,1.1452084657664843,-0.5848103562524305,1.9378517724858606,-0.5848103562524305,-0.5848103562524305,-0.5848103562524305,0.8818782318461728,0.9134766628137362,0.14268762601546342,-1.19611111395394,0.5405107113118321,-1.2824421180332706
PLCZ1,0.0,0.0,0.0,0.0,0.0,0.0,0.0,0.0,0.0,0.0,0.0,0.0,0.0,0.0,0.0,0.0,-0.0716596152515735,0.41266961404555935,-0.014503362779186025,-0.9541710919882267,1.6770883547327784,-1.0494238987593518
PLN,0.0,0.0,0.0,0.0,0.0,0.0,0.0,0.0,0.0,0.0,0.0,0.0,0.0,0.0,0.0,0.0,-0.1428903757587199,0.43010671187530697,1.771894190383102,-1.0290823096940496,-0.334055451289085,-0.6959727655165548
PPA1,-0.2617191658275504,1.632039851046974,0.6492230188039829,0.509093758654167,-1.866161539032839,-0.20690110158812317,0.6498322569157172,-0.8851621339249671,-0.6881288432357012,0.6054954940337269,-0.3735549733437796,1.258957060340687,-1.5126094876389422,0.7437700235754449,-0.9691011311344955,0.7149269123556914,-0.07780874262835875,0.9781038999943488,1.3351577622856878,-1.0843614473504473,-0.11932935498239874,-1.031762117318833
PPA2,-0.6958300611235038,0.6945390176618352,-0.24903595481433838,0.5638504719254251,-1.3547281075095183,-0.3995716315590362,0.7261840741354838,-0.8821315363182453,-1.338273956104366,1.144446961593604,-0.14236198811327266,1.9990679811136112,-1.2963262515541834,0.22667495023042863,-0.20550849526484913,1.2090045257009283,-0.0013617866174030957,0.9144354253943122,1.462660778994727,-0.9479507456418629,-0.48309352525161814,-0.9446901468781557
PPIF,-0.33837653730335754,0.3104832512553073,1.1708523376945992,1.2708714432039274,-1.9889939745951462,-1.8517293717967753,0.5075114213981636,-0.10397969428389453,0.013925028002823671,-0.5988410793499707,0.45052442903525175,0.9667292398959071,-0.719969119565711,-0.46791567047385096,-0.005303668453994227,1.3842119653366989,-0.4574655211411802,1.4098107513501517,0.3126826752169972,-1.1034120774531861,0.7779151019996886,-0.939530929972478
PPP3CA,-0.918986760778467,0.6492912839041556,1.106395217050572,0.2746421644626439,-1.865429094704709,-0.6954953747736405,0.6063057078062523,-0.8137624286795231,-0.4509582227240303,0.8681709537007438,0.34126080727164265,2.0094496205807166,-0.5747702236456903,-0.9496204758617707,-0.5045571365540878,0.9180639629451879,0.7468668862769982,0.8179419393561552,1.1335432375607994,-1.0736193286443874,-0.9009775246086434,-0.7237552099409243
PPP3CB,-1.1799419895534087,0.7174101447750486,1.0211039716131518,0.4543606655958728,-1.4524215759000358,-0.8943015140024015,0.8288453541816138,-0.8496576442369176,-0.9596717790531322,-0.43234229110269357,0.5370933130997563,2.1582362807764257,-0.876676049847236,0.011109141893900118,0.08264877899890703,0.8342051927611489,0.49808904715759733,0.5866012173537953,1.4672274412302175,-0.6426041830175291,-1.0530710604795221,-0.8562424622445556
PPP3CC,-1.043150680467462,0.8898108564479388,0.38400329625597923,0.6483843091312795,-1.7292229901313492,0.43301409518334616,1.1493265565886925,-0.31443536382146986,-0.8715795457104134,-0.24709865734707176,0.17195568195575187,1.960450311145817,-0.8703067552225329,-1.290919670767982,-0.1693659991239584,0.8991345558834316,-0.07937289171538507,0.6249157762772604,1.7065534509079088,-0.7614789269857885,-0.7411104704681674,-0.7495069380158249
PPP3R1,-0.18648475719710722,0.29515569643597533,1.8714725515055766,0.9225999787764466,-0.7594002932587802,-0.43696415023590185,-0.0022503038731707652,-1.3115565200441697,0.600392722016974,0.8402093386076221,0.6137837909347372,0.010349687573155348,-0.3568468738503313,-2.4757835625767632,-0.17713720019916754,0.552459895384914,0.5954425689357851,1.1165850264142554,0.715517675945449,-1.3173962625148101,-0.03788394088405612,-1.0722650678966257
PPP3R2,0.0,0.0,0.0,0.0,0.0,0.0,0.0,0.0,0.0,0.0,0.0,0.0,0.0,0.0,0.0,0.0,1.1347532780075056,0.402221075519869,-0.8668679009273743,-0.6274681664542116,-1.1177834459949028,1.0751451598491142
PRKACA,-0.6312911980980989,0.3343961937988396,1.8784159925994763,1.1602290159203301,-1.0810288434581905,-1.1533018226471046,0.5948708076714739,-1.2446466093907913,-0.19384223836675485,-0.23577684628540338,0.7448705729004751,-0.4077196815826112,-0.6126446136033538,-1.1766656376690154,0.46862558461364656,1.5555093235970805,0.5176039736410034,1.1450097623755857,-0.4031979939771038,-1.06509400288911,0.9287934286381715,-1.1231151677885436
PRKACB,-1.0418841009093966,1.1420349885462497,1.0100138419380036,0.32038648309183937,-1.4262999000956218,-0.2302656658699411,1.1348023736589883,-0.9637636717389267,-0.9473470709998059,0.48501247211276,-0.402460300005935,1.953062865261597,-0.7863315773438382,-0.08666381093391447,-0.927402759256952,0.7671058325448891,0.28314579860688066,0.31301866868313044,1.6650808897017662,-0.547357304249705,-1.231808837573407,-0.4820792151686647
PRKACG,0.0,0.0,0.0,0.0,0.0,0.0,0.0,0.0,0.0,0.0,0.0,0.0,0.0,0.0,0.0,0.0,-0.6305392155281534,-0.6305392155281534,0.9226677543824672,-0.6305392155281534,-0.6305392155281534,1.5994891077301459
PRKCA,-1.2973901064327302,-1.2973901064327302,0.8982068628673511,0.5491337100010767,-0.29319174493920386,-1.2973901064327302,0.9935319937689908,-0.056409378842285376,-0.37357710952672,-1.2973901064327302,0.5855900162384079,2.1577011547752707,-0.21547071891880698,-0.2699716737655982,0.39705407264250203,0.8169632414299356,0.027978789503897348,0.48195576967080056,1.7315330075934094,-0.6019927801138254,-0.6431090098680793,-0.9963657767862014
PRKCB,-1.0694999951816417,-0.20326380629007937,1.5867820676477677,0.7406837578063284,-1.7392462716325734,-0.04798466450908591,0.8286878735265126,-1.3068431040447912,-0.5496480793198041,-0.07484842952665091,0.6929998874660378,1.4341581077717116,-0.7843832712420219,-0.6471423975540751,-0.06205334643728821,1.2016016715196696,0.8167586676587679,0.8271736423718115,0.8889106030986856,-1.1310385671648913,-0.1546645729986021,-1.2471397729657674
PRKCG,0.0,0.0,0.0,0.0,0.0,0.0,0.0,0.0,0.0,0.0,0.0,0.0,0.0,0.0,0.0,0.0,-0.7099625338507158,-0.8369101170980408,-0.11270698910321347,-0.36705418978355897,1.9062000743176732,0.12043375551785672
PRNP,-0.8755782254844686,0.705344363178489,0.8499377631378595,0.12220724850590632,-1.9600065580877624,0.2664906971648879,1.141413549282891,0.06615845180879765,-1.5999687866108951,-0.07527700249707575,0.21518291444833787,1.358658442233644,-1.5229297042238263,0.2602051124726085,0.08561070483588665,0.9625510298347267,0.7997074813680874,0.5783640286401154,1.2282924256124943,-0.5582967913531689,-1.2567091948929432,-0.7913579493745851
PTAFR,-0.9024272139594162,-0.08119555019078822,1.4567640667406139,1.4399755047224578,-1.450769486299247,-1.7439754117094632,0.26228037998263853,-0.7307364288185424,-0.27597195712284833,-0.2753501138377088,0.6495168780623135,1.2103924834256625,-0.08765190463134664,-0.8952269024823867,0.2809367832357149,1.1434388728823555,0.4120003436524538,1.231800014967038,-0.5621665251937006,-1.1209658638801687,0.9522847115910029,-0.9129526811366148
PTGER1,0.0,0.0,0.0,0.0,0.0,0.0,0.0,0.0,0.0,0.0,0.0,0.0,0.0,0.0,0.0,0.0,1.4392482576964445,-0.826103047610144,-0.20776494953910504,0.5156226101229077,0.409257759278246,-1.3302606299483508
PTGER3,-0.3580185315204852,-0.3580185315204852,-0.3580185315204852,-0.3580185315204852,-0.3580185315204852,-0.3580185315204852,-0.3580185315204852,-0.3580185315204852,-0.3580185315204852,-0.3580185315204852,-0.3580185315204852,-0.3580185315204852,-0.3580185315204852,-0.3580185315204852,3.0736444261121245,1.9386150151746686,1.294452938970466,-0.09868060600370548,1.010080584535232,-1.1097557204207853,-1.0287349036311135,-0.06736229345009381
PTGFR,-0.25,-0.25,-0.25,-0.25,-0.25,-0.25,-0.25,-0.25,-0.25,-0.25,-0.25,-0.25,-0.25,-0.25,3.75,-0.25,-0.7832053347832898,-0.6849319082665589,0.9748256423885157,-0.6044306400000198,1.5487004156381814,-0.45095817497682966
PTH,0.0,0.0,0.0,0.0,0.0,0.0,0.0,0.0,0.0,0.0,0.0,0.0,0.0,0.0,0.0,0.0,1.5937997943859084,-0.8127505158816334,-0.8127505158816334,-0.8127505158816334,0.1756872078300976,0.668764545428895
PTH1R,0.0,0.0,0.0,0.0,0.0,0.0,0.0,0.0,0.0,0.0,0.0,0.0,0.0,0.0,0.0,0.0,1.4023533931492687,1.158482444534966,-0.8101174708835954,-0.4891958256434738,-0.6314515768045451,-0.6300709643526217
PTH2R,0.0,0.0,0.0,0.0,0.0,0.0,0.0,0.0,0.0,0.0,0.0,0.0,0.0,0.0,0.0,0.0,1.181397184172756,0.40857558644353836,0.9779163664990719,-0.4670863746187715,-0.8827850653463442,-1.2180176971502503
PTHLH,0.0,0.0,0.0,0.0,0.0,0.0,0.0,0.0,0.0,0.0,0.0,0.0,0.0,0.0,0.0,0.0,0.23637739778577377,-0.23109955414908506,-0.5631292381438235,-0.9313870169438279,1.884182035198622,-0.39494362374765957
PTK2B,-0.9526155722149157,-0.8453699165085454,1.154307457341466,0.7872548598920828,-1.5398106175015362,-0.3110396546193798,0.11028700212086462,-1.0172268651779421,-0.46907955030529735,1.0785730410249026,0.20427360403662437,1.0820664528253723,-0.8963501721259511,-0.8884102226291696,0.708671089935092,1.7944690639063297,1.0064781865055972,0.8498790476919558,0.38541969006196847,-1.1003815955810206,0.22111279998828687,-1.3625081286667842
PVALB,-0.44633205567695317,-0.44633205567695317,3.299996068203486,-0.44633205567695317,0.37445337918356447,-0.44633205567695317,1.128415503001954,-0.44633205567695317,-0.44633205567695317,-0.44633205567695317,-0.44633205567695317,-0.44633205567695317,-0.44633205567695317,-0.44633205567695317,-0.44633205567695317,0.5531197177344329,-1.0861671269396784,-0.6362300653321912,-0.9251792518958744,0.698893021798224,1.2679065523674555,0.6807768700020657
RET,-0.35713818225412286,-0.35713818225412286,-0.35713818225412286,-0.35713818225412286,-0.35713818225412286,-0.35713818225412286,1.9021965409077297,-0.35713818225412286,3.0977380106499894,-0.35713818225412286,-0.35713818225412286,-0.35713818225412286,-0.35713818225412286,-0.35713818225412286,-0.35713818225412286,-0.35713818225412286,0.9539443847978996,-0.26698871778311867,1.463243312480428,-0.4358205916158747,-1.187446614204604,-0.5269317736747315
RUNX2,-1.5102131652664221,-0.40217248692508456,1.1663320269361728,0.22564768257348156,-1.4190335134444456,0.629919784268817,1.1058938269139296,-0.11550625207491513,0.17513015919817815,-0.06257160159906726,0.09302668355030734,2.133177605859435,-0.919852831694364,-0.883138917670418,-0.9008635264671511,0.6842245258415478,0.007297978171891888,0.6340767401602629,1.6645728478840742,-0.909614108243306,-0.5867681824365619,-0.8095652755363637
RXRA,-1.0011839606340138,-0.7978788059252688,1.3641336067869425,1.6697230386505555,-1.2146964306299324,-1.5602633184148154,0.9149177877587569,-0.7654691029992902,0.31259866253665136,0.18530524411353833,-0.0019882794669417486,0.9453605083782212,-1.00654917487082,-0.10608679396631507,-0.08746459097923123,1.1495416096619753,1.1545799128889536,1.1134277029603135,-0.2994878703788909,-0.7803744593855907,0.12101549252050976,-1.3091607786053012
RYR1,-0.7209678625344,-0.7209678625344,-0.7209678625344,0.46224829862340544,-0.7209678625344,0.6682429564641978,-0.7209678625344,-0.7209678625344,0.13860496102200054,-0.7209678625344,0.784183941872343,3.053674335999137,0.017928146771048266,-0.7209678625344,0.23373242237253086,0.4091278371505364,0.7721450436731067,1.228862117462525,0.6305068901953687,-0.8931689264714491,-0.5630040047388346,-1.1753411201207142
RYR2,-0.25000000000000006,-0.25000000000000006,-0.25000000000000006,-0.25000000000000006,-0.25000000000000006,-0.25000000000000006,3.750000000000001,-0.25000000000000006,-0.25000000000000006,-0.25000000000000006,-0.25000000000000006,-0.25000000000000006,-0.25000000000000006,-0.25000000000000006,-0.25000000000000006,-0.25000000000000006,-1.1535868165284888,1.2979176380389108,0.39545072170280554,-1.2162494103243586,0.09308196785612573,0.5833858992550063
RYR3,0.0,0.0,0.0,0.0,0.0,0.0,0.0,0.0,0.0,0.0,0.0,0.0,0.0,0.0,0.0,0.0,-0.22543327016954107,1.2318255029461462,1.2628381738909298,-0.9025767581661219,-0.8936950914551338,-0.47295855704627726
S100A1,0.0,0.0,0.0,0.0,0.0,0.0,0.0,0.0,0.0,0.0,0.0,0.0,0.0,0.0,0.0,0.0,0.32925881194317846,1.039612179937125,1.1716883048454245,-1.18724747233465,-0.9139939188329406,-0.4393179055581385
S100A10,-0.7452040129793116,0.7251688007815237,0.9292561183809902,0.7852917171545363,-1.6476790805828996,-0.36402487141185524,0.3987375340178047,-0.24236608394650533,-1.1629614554594983,0.5140337296212698,0.06448035449563272,2.124583270828176,-1.366892159108567,-0.33262337801813413,-0.6172320923047923,0.9374316085316377,0.6317734934898694,1.185597766227183,0.5309568823781626,-1.1041022290256715,0.05619898688789875,-1.3004248999574322
S100A11,-0.686513852500757,-0.1444761715100139,1.3925966199037563,1.5828127570365933,-1.3681049270408465,-1.625571489244311,0.1957615083286573,-0.02462374158337585,-0.028455755770332138,-0.1253815986780606,0.28807972212280347,1.3703309661892027,-0.7685036443216033,-1.151983772522551,-0.16594719495469654,1.2599805745455075,0.08807015190714128,0.9646403236920221,-0.6241317948121823,-1.173699092151322,1.37680131824484,-0.6316809068804927
S100A12,-0.5742836191315878,0.7469079110935969,-0.4641706496418644,0.12946944984437952,-1.3009237158400453,-0.7339179340829597,-0.200093481863998,-0.6036691714100887,0.8912243960557155,0.9142150108253236,-0.8858723427070383,2.0177907671494073,-0.06294255502749434,0.06749585622846094,-1.511402816632743,1.5701728951409255,-0.14124352946393876,0.6488722173703773,-0.5399354537046909,-1.3058533821163332,1.5820136614717597,-0.24385351355717513
S100A2,-0.25,-0.25,-0.25,-0.25,-0.25,-0.25,-0.25,-0.25,-0.25,-0.25,-0.25,-0.25,-0.25,-0.25,-0.25,3.75,0.8491438721479073,0.6974491869454306,-1.07313454452532,0.09125300308202379,0.8296525382920585,-1.394364055942101
S100A4,0.059690100699783075,1.0008244825397081,0.8420601735632908,0.639385916601866,-1.9922735084966776,-0.4054101185982198,-0.34850587481653794,-1.107548503925307,-0.0950427179322656,0.7781767837871613,-0.787277228877326,1.640170608936809,-0.5869616376814981,0.13749806917355764,-1.1287492066664693,1.3539626616921314,-0.14644681210852645,1.1043032459079223,0.1259492758013095,-1.4624372196333981,1.064758763059052,-0.6861272530263578
S100A6,-0.23397004998095763,0.6261404124223547,0.8875265773936183,0.7840029498958798,-2.044369578870772,-0.7960503906602544,-0.26048531036733663,-1.1630931168272058,-0.022361341009579597,0.5717608687020596,-0.3934101953420474,1.8146383089948885,-0.722837942205239,0.20951739829975985,-0.7007813374947433,1.4437727470495851,0.27252298404352937,1.130918156775464,-0.2398547551316934,-1.3734022838195294,1.0216903260589028,-0.8118744279266755
S100A8,-0.7880513195122901,0.5380298134364814,-0.27487987496984617,-0.808177005146224,-1.2220026001272204,-0.124239628445429,-0.03736543818449707,-1.0874373476997587,0.7321750520929232,0.7718501994941613,-0.8412137665759443,2.0249042315249532,-0.04379150038088353,0.6507201014025128,-1.1897843281086502,1.6992634111997098,-0.20247111434310605,0.5237868054835104,0.08795703590890447,-1.8261218412447928,1.1198031569438107,0.29704595725167343
S100A9,-0.5538146840810779,0.6575388423938593,-0.279384794142814,0.17551096920796871,-1.4039240965760382,-0.6253596842480847,-1.0561268328106252,-0.9628331040260698,0.8532657019230422,0.8718215762764242,-0.8074399562639607,1.8979402441443047,0.07389764379775088,0.43095454561273905,-0.9681512441767834,1.6961048729694077,0.0313340830974082,1.027201274891805,-0.33248269405677766,-1.567744915880444,1.135438292697864,-0.2937460407498668
S100B,0.3655167035940209,-0.05118713314578975,0.8178741683689286,-1.3625091736547523,-0.8848075868295588,1.2071775300431253,1.848934524727854,-0.2621743631219241,-1.3625091736547523,0.2840668457873261,-0.5590760873798546,-1.3625091736547523,-0.19096687947568403,0.1266862964552628,-0.1711300885612533,1.5566135905018084,-0.5091708324734652,0.75345491379216,1.4863868434602583,-0.9133834015655494,0.2220131267935476,-1.0393006500069535
S100G,0.0,0.0,0.0,0.0,0.0,0.0,0.0,0.0,0.0,0.0,0.0,0.0,0.0,0.0,0.0,0.0,-0.18127489722106693,-0.03796627052328342,1.788727538795519,-0.920036567079192,0.270586763107216,-0.920036567079192
SAT1,-1.1801447692522138,-0.4429221030122489,1.1383710288870255,-0.18356064656604243,-1.5253486944375523,-0.9997474611908301,1.1150622698694062,-0.3775263682247719,-0.40699492917733776,0.12430671195292632,0.21440581701438766,1.9506387635007292,-0.716508921713721,-0.024879101513258676,-0.33225906444923287,1.6471074683127447,0.2866085700498155,0.530775071926788,-0.5630074355375306,-1.6712194436384018,0.19731538212294827,1.2195278550763788
SAT2,-0.463463701176931,0.4770119222605434,0.5846417735306215,0.9694678675746727,-1.638818084948875,-0.8819090821891318,-0.20720183304936324,-1.117861805274865,-0.7795543671778429,0.8081442841473312,0.1417461738663019,1.5547381233658546,-1.1805047242228346,-0.27125381081452926,0.1823384693508697,1.8224787947581942,0.07239695751992566,1.0689150853150065,0.40224180694971073,-1.410267729056185,0.853314299262559,-0.986600419991022
SCARB1,-0.19421609101487441,0.07923353506936881,1.5794635727328479,-0.1657089339701057,-0.39202884961456824,-1.292730333723258,0.5757403625512676,-1.292730333723258,0.9300411057680593,-1.292730333723258,0.5995830413344012,-1.292730333723258,-0.5889268851086135,0.26533268622536976,0.721021105883632,1.7613866850362456,0.2950724111569041,1.3504030232899067,0.7527524446399237,-0.7589522414264436,-0.2705081023365603,-1.3687675353237303
SCNN1A,3.252337884432347,-0.34986598739951486,-0.34986598739951486,-0.34986598739951486,-0.34986598739951486,-0.34986598739951486,-0.34986598739951486,-0.34986598739951486,-0.34986598739951486,-0.34986598739951486,-0.34986598739951486,-0.34986598739951486,-0.34986598739951486,-0.34986598739951486,-0.34986598739951486,1.6457859391608607,-0.7948600841605375,1.586166726840304,0.8375492589735191,-0.962151827807907,-0.29593212731014407,-0.3707719465352333
SCNN1B,0.0,0.0,0.0,0.0,0.0,0.0,0.0,0.0,0.0,0.0,0.0,0.0,0.0,0.0,0.0,0.0,0.049816592505832646,-1.425673043923304,-0.07215253464900862,1.710359331664552,-0.13476650650438593,-0.12758383909368468
SCNN1D,-0.33836358581350995,3.411888137544729,-0.33836358581350995,-0.33836358581350995,-0.33836358581350995,-0.33836358581350995,-0.33836358581350995,-0.33836358581350995,-0.33836358581350995,-0.33836358581350995,-0.33836358581350995,-0.33836358581350995,-0.33836358581350995,-0.33836358581350995,-0.33836358581350995,1.32520206384441,-0.36064261253300395,1.279839892968981,0.8173311146868356,-1.4961696148486332,0.2648575660966851,-0.505216346370864
SCNN1G,0.0,0.0,0.0,0.0,0.0,0.0,0.0,0.0,0.0,0.0,0.0,0.0,0.0,0.0,0.0,0.0,0.22074661349356667,-0.794257598768977,0.48036472279195125,-0.794257598768977,-0.794257598768977,1.681661460021413
SCO1,-0.4152738983243631,0.48094027784812204,0.5836355941040775,1.1224659445807634,-1.6430978197348742,-2.112202867195025,0.39104651804481744,-1.031669271006778,-0.7972752606557807,0.3675627444410078,0.16895576283353786,0.2399205385215967,0.027585619279931993,0.9716862703759442,-0.031910006141355446,1.67762985302838,0.4430983051243134,0.7876002354123424,1.3380087298207386,-0.6387951533321234,-0.7172235793574095,-1.2126885376678596
SCO2,-0.26622280807107546,0.1956466133587177,0.31207812347054514,0.13172336387246125,-1.7768678348288194,-0.8961996844310857,0.857048087078328,-1.86090524811557,-0.48003941307161374,1.1228445466839732,0.1897636474063305,0.5772071111573752,-0.04599973933236347,0.26823030039535783,-0.44603359110085095,2.117726525528282,0.2203049264560424,0.8032193339132399,-1.5236018095985449,-0.37160765219368475,1.292268947350933,-0.42058374592798875
SCT,-0.5949484497502054,-0.5949484497502054,-0.5949484497502054,1.611783830539439,-0.5949484497502054,-0.5949484497502054,-0.5949484497502054,-0.5949484497502054,0.38270735854128524,1.462127555676702,-0.5949484497502054,2.397421149530905,-0.5949484497502054,-0.5949484497502054,-0.5949484497502054,0.6903930529639276,-1.4732701337932597,0.8621202881683186,0.2630458950680123,-0.8771987585741049,1.1110836730117422,0.1142190361192912
SCTR,0.0,0.0,0.0,0.0,0.0,0.0,0.0,0.0,0.0,0.0,0.0,0.0,0.0,0.0,0.0,0.0,-0.06388020768064413,0.7218961308486728,-1.1101766987686632,-1.2014360649938771,1.291369792081753,0.36222704851275955
SDHA,-0.4596263118795084,-0.4596263118795084,-0.4596263118795084,-0.4596263118795084,-0.4596263118795084,-0.4596263118795084,2.3783733656717825,-0.4596263118795084,-0.4596263118795084,-0.4596263118795084,2.051993421307259,-0.4596263118795084,-0.4596263118795084,1.5447752674545685,-0.4596263118795084,-0.4596263118795084,0.48610164335978906,1.0722467544979877,0.7852427013223531,-0.6292006923116418,-0.10489033005356958,-1.6095000768149166
SDHB,-0.3327411558492181,0.44953181665832626,1.375824672617716,0.5016012104753476,-1.687343464230623,-0.6785883358368465,0.37705600530440175,-0.6012492820136633,-1.3937600407316972,0.09134091750231081,0.37023146850504834,1.6152184005963326,-1.4292620848070205,-0.11960801297703941,0.0566842512132126,1.4050636335734183,0.2937427764638723,1.3517503589601503,0.6258272180284761,-1.2642125221112976,0.039336519161205445,-1.0464443505024095
SDHC,-0.8377166060519559,0.7790479897473568,0.9776934610112873,0.6634936158175138,-2.115587609464956,-0.84436070190802,0.6763639083795567,-0.5906240326926588,-1.0808265742789105,0.10743151765061212,-0.1783441315138891,1.5356444408476804,-0.7096847724593456,0.26283218684205706,-0.1101626401417271,1.4647999482153962,0.08818962080166498,1.321734841331694,0.729168897988282,-1.1512288909191353,0.17699483079260064,-1.164859299995107
SDHD,-0.9899259643323612,0.20196350712494035,1.362553246825355,-0.09593796787980985,-1.922587581253329,-0.758362249585324,1.4969507216087183,-0.9342500601302876,-1.0616578221771311,0.40078464429376787,0.18672224995409994,1.319535960718339,-0.23942769767193892,0.6411809080884567,-0.5518099380630398,0.9442680424795405,0.5932669347433368,0.9601463545831156,1.132783170295926,-0.9644041286465502,-0.7372113399004528,-0.9845809910753799
SELENOF,-1.2551094219567132,0.7162653552745929,0.7825792974359058,0.22315007487186983,-1.678701568963881,-0.5872704012458932,0.9380428825154344,-0.38247983791167844,-1.2685936346063864,0.17143216289045454,0.393945205170829,1.8789071545572977,-1.1273266432426703,-0.03930347843442551,0.02489111056329205,1.2095717430819866,0.2466513867272165,1.0349571364868704,1.23292111969859,-1.231466627592054,-0.5771229439950655,-0.7059400713255592
SELENOH,-0.24999999999999994,-0.24999999999999994,-0.24999999999999994,-0.24999999999999994,-0.24999999999999994,3.749999999999999,-0.24999999999999994,-0.24999999999999994,-0.24999999999999994,-0.24999999999999994,-0.24999999999999994,-0.24999999999999994,-0.24999999999999994,-0.24999999999999994,-0.24999999999999994,-0.24999999999999994,-0.23750656932569844,1.1441142456108482,1.1689545311746201,-0.9603651719572656,0.04406793845953793,-1.1592649739620355
SELENOI,-1.0514917061973168,0.7805717849636992,1.3578955353669826,-0.10607121232625591,-0.6322322689092081,-1.0514917061973168,0.046776058157113255,-0.08577217288262978,-0.36467065857941633,-1.0514917061973168,0.35435400446265103,2.5564960380460042,-1.0514917061973168,0.2555151617509758,-0.6278066834883385,0.6709112382276923,0.10514682946623288,0.3840975033269926,1.7229267791156144,-0.38919980025547046,-1.0844710308197252,-0.7385002808336427
SELENOK,-0.8421790679379548,0.6204312441254101,0.19653874624937467,-1.6546961910209708,-1.1433073229248452,-0.4888769036030117,1.099008592398769,-0.7179573498284993,-0.5800301773657429,0.44885761063301655,-0.26058911210845503,1.2157761204911142,-1.039018680662325,1.6601136469987179,0.09633400442955667,1.3895948401258285,0.5058372642864366,1.333959897354852,0.6917296536663557,-1.2383353356934614,-0.4052005912990277,-0.8879908883151618
SELENOM,-0.08465811581014016,0.8305262720308167,0.9287245206085957,-0.043489631759617516,-1.1258486157895802,0.9069862973120524,0.4082645229500477,-1.21310874316555,-0.9582684620449926,0.7208331743521599,-0.48518855360355406,1.968211416649717,-1.3934577617279955,-0.8033488710893988,-0.6989568544044169,1.0427794054918527,-0.017995378155274674,1.279509889821704,0.5769738070042981,-1.0150504239571851,0.49940110177058683,-1.3228389964841252
SELENON,-0.8445340816620739,-0.43626340947240405,1.9564000110364719,0.6779147693297279,-0.7960485803730004,0.26227118432026264,0.8646420274730353,-0.763329645870279,-1.300287675380191,-1.4240967811527474,-0.3481920001128947,0.3545205521751166,-0.6506977588422823,0.060331669657996904,0.6769292393815163,1.7104404794917416,0.5611671372621022,1.0708395494624774,0.8559641469112116,-0.4700081879308511,-0.4851850045595958,-1.5327776411453422
SELENOO,-0.40165314987205714,-0.014770761213161324,1.3605902454756726,1.0410383981729725,-0.9041442915220752,-1.3104056217395064,-0.10097050437588923,-0.8075647874778027,-1.2404604127165788,0.8770955640757552,0.180311326336529,1.8403479368906759,-1.0246642954105707,-0.6649579458685937,-0.04824528000385674,1.2184535792484925,0.3755746224297547,1.3259288223211783,0.4534494259034887,-1.0828548508756812,0.2215684295880957,-1.2936664493668328
SELENOP,-0.3648666832504293,-0.3648666832504293,-0.3648666832504293,-0.3648666832504293,-0.3648666832504293,-0.3648666832504293,-0.3648666832504293,-0.3648666832504293,-0.3648666832504293,-0.3648666832504293,-0.3648666832504293,-0.3648666832504293,2.7658425920762806,-0.3648666832504293,-0.3648666832504293,2.3422909734297295,-0.43457242077772235,0.25400831876658503,1.9296672918509559,-0.5517479852395258,-0.6283014579724107,-0.5690537466278814
SELENOS,-0.40749456752873386,0.689514298407118,0.33213873703605673,0.3344456010070987,-2.541828937320466,-0.45509774323975294,0.3182755925074934,0.3712484044502913,-0.1779261764231182,-0.0015574005704511783,-0.2292264899507726,2.0215486407722376,-1.0009668166859496,-0.18356645014462217,-0.42632814054058993,1.3568214482241554,0.4085155664752551,0.9644430095016803,1.1699150970338301,-1.2595313871325509,-0.3923116107677245,-0.8910306751104886
SELENOT,-0.9150374286999106,0.5707686215371107,0.49516470054107975,0.6213677823341919,-2.3726631235692115,0.21191135228579444,0.545277413729852,-0.402259025422285,-1.1011630210461996,0.4774861274133931,0.25929381676809876,1.8176692311755647,-1.175204632773251,0.21728050004138252,-0.14968988018454327,0.89979756586893,0.49321800593588844,0.8328926017971853,1.258975157313445,-0.9980272286987464,-1.1271246200887948,-0.45993391625897756
SELENOV,0.0,0.0,0.0,0.0,0.0,0.0,0.0,0.0,0.0,0.0,0.0,0.0,0.0,0.0,0.0,0.0,-1.2230459475547322,0.9139315744499159,1.0199161960557368,0.2845845726534618,0.22765955195035026,-1.2230459475547322
SELENOW,-0.0856245805668003,1.4090535993838595,0.7647299106351725,0.33848167409271707,-1.5965019897400472,0.626909692238604,0.5244496660695125,-1.2778363294451196,-0.8788343933517064,0.8431338177433986,-0.8296915280187533,1.5868970657848125,-1.0803890647448122,-0.06451990371191016,-1.0226187126316986,0.7423610762627556,-0.4168946263365016,1.2430023829662586,0.9191308902693737,-1.176861722527839,0.38282453431236024,-0.9512014586836551
SLC10A1,0.0,0.0,0.0,0.0,0.0,0.0,0.0,0.0,0.0,0.0,0.0,0.0,0.0,0.0,0.0,0.0,-0.06873080091975406,0.645757652455877,1.661664416299525,-1.0569501297356487,-0.6204075240083156,-0.5613336140916821
SLC10A2,0.0,0.0,0.0,0.0,0.0,0.0,0.0,0.0,0.0,0.0,0.0,0.0,0.0,0.0,0.0,0.0,-1.0349698375661274,1.003971694245848,-0.6047708146252128,-1.0349698375661274,0.62526953081921,1.0454692646924104
SLC11A1,-1.032248953368201,0.4850247911263118,0.6712832625358541,1.3172385385851952,-0.9029744182182958,-1.9653588281165844,0.46144255061856126,0.38437641317533094,-0.44545767553255416,-0.9335421468082025,0.14436886963380396,1.3406182344901785,-0.17170998644900767,-1.0713259287349925,0.17600474475951258,1.5422605323030933,0.6630725105677905,1.3220204888830656,-0.21597022844733002,-1.2968561101285692,0.4612187554066537,-0.9334854162816094
SLC11A2,-0.13051961816514612,0.5816030648854233,-0.4012962847783614,0.8694855783896783,-1.1061360371808675,-0.49201351140471383,0.9367495865248358,-0.07533882060516872,-0.8682581512936685,-1.4788821439837956,-0.22900326515966138,2.4288097028897075,-0.9539846378968205,0.04283110034140935,-0.33363736387718707,1.2095908013143348,0.19002255226269674,0.5810036050712838,1.6031697298832106,-0.5239729915625619,-0.7380780550566377,-1.1121448405979897
SLC12A1,0.0,0.0,0.0,0.0,0.0,0.0,0.0,0.0,0.0,0.0,0.0,0.0,0.0,0.0,0.0,0.0,-1.327534517083513,0.20782219984101677,-0.39845197046187925,-0.6723308783085938,1.3990030112294494,0.7914921547835194
SLC12A2,-0.7619665698553304,-0.7619665698553304,-0.7619665698553304,-0.7619665698553304,-0.7619665698553304,0.19142272793627016,0.7506107138281325,-0.7619665698553304,-0.17205788253174914,0.4792545181744752,0.07284984063314918,3.0131575580038543,-0.25487611402333593,0.3606179934284984,-0.7619665698553304,0.8927866335380216,0.17830434146758994,0.33850784070828627,1.679695043149486,-0.2204000261294812,-1.1128906188212007,-0.8632165803746805
SLC12A3,-0.4446087130263584,-0.4446087130263584,2.67016757279754,-0.4446087130263584,-0.4446087130263584,-0.4446087130263584,-0.4446087130263584,2.0371311735006654,-0.4446087130263584,-0.4446087130263584,-0.4446087130263584,-0.4446087130263584,1.0726145230444537,-0.4446087130263584,-0.4446087130263584,-0.4446087130263584,0.7381490474689173,0.5222480467355177,1.2116445139172578,-1.4335537849981153,-0.7641986006631436,-0.2742892224604332
SLC12A4,-1.121163499054529,-1.121163499054529,2.2184891334908805,0.009265187269283603,-0.619859689802542,-1.121163499054529,0.7529560829576435,-1.121163499054529,-0.2999392717065063,0.6067663499022866,-0.2780344876868715,1.3924066053401865,-0.4152322647213751,-0.19369580988815732,0.12907910028410113,1.1824530607791859,0.7831731321026673,1.1757747009789676,0.3898235703679213,-0.909118873486745,-0.016464888435904167,-1.4231876415269031
SLC12A5,0.0,0.0,0.0,0.0,0.0,0.0,0.0,0.0,0.0,0.0,0.0,0.0,0.0,0.0,0.0,0.0,0.0005037025724658284,0.9095113886981451,0.4334162994073861,-1.2888273805679609,1.0502814663425297,-1.104885476452565
SLC12A6,-0.30845497933265514,0.3351424723587492,1.317729967743745,0.3070297927916641,-1.5213837829264762,-0.6471009699577936,1.2478814270038765,-0.9234023657641008,-0.12774761992784783,-1.4360939166506974,0.2940337506000203,1.991223402652202,-1.0402145031296826,-0.30137723562973395,0.10192322837781409,0.7108113317909073,0.8994961766718776,0.9179614261584442,0.7348511817880718,-1.2473685991693784,-0.20476241863969163,-1.1001777668093238
SLC12A7,-1.158045604149246,-0.3426804175537526,1.582281068288062,-1.136631893496244,-0.8392973442803094,0.03631945387972213,0.13941170473651726,-0.5695699575557402,-0.9308672304947991,-0.6891599923465099,0.9070838826484553,1.952603707638397,-0.7507625028240278,0.299107068137508,0.06416263604218714,1.43604542132978,1.09102771149329,0.5844142864555376,0.791893732860502,-0.41965984863052047,-0.4907243778518529,-1.5569515043269522
SLC12A8,0.0,0.0,0.0,0.0,0.0,0.0,0.0,0.0,0.0,0.0,0.0,0.0,0.0,0.0,0.0,0.0,0.773020781272014,-0.1396061196309406,-0.30833211954493606,1.5453994670073454,-1.2093480286533098,-0.6611339804501734
SLC12A9,-1.3168949960470575,0.6055149281950709,0.5678728971885922,0.45277805142272504,-1.2288085707419232,-1.3696477897707737,-0.27165490676239756,-0.6781596930725038,-0.42009265554638925,-0.11916073624117664,0.24665589955902295,1.9696490307591326,-0.3311511297841758,-0.6664450024081036,0.7840047075676858,1.7755399656822646,0.3027344919857824,1.2613748860957277,-0.42317602519424263,-1.1777531896536848,0.9539383385449682,-0.917118501778554
SLC17A1,0.0,0.0,0.0,0.0,0.0,0.0,0.0,0.0,0.0,0.0,0.0,0.0,0.0,0.0,0.0,0.0,-0.46702139502934037,1.307892823987781,1.2421285788459253,-0.6723078538080317,-0.5036037361337008,-0.9070884178626327
SLC17A2,0.0,0.0,0.0,0.0,0.0,0.0,0.0,0.0,0.0,0.0,0.0,0.0,0.0,0.0,0.0,0.0,-0.04910019447603931,-0.7700184849815508,1.9367618083611886,-0.1623125911297562,-0.18531205279229146,-0.7700184849815508
SLC17A3,-0.25,-0.25,-0.25,-0.25,-0.25,-0.25,-0.25,-0.25,-0.25,-0.25,-0.25,-0.25,-0.25,-0.25,3.75,-0.25,-0.3006043625633181,1.2422565849910128,1.2358620266966005,-1.1404148486080037,-0.5378763013884333,-0.4992230991278579
SLC17A4,0.0,0.0,0.0,0.0,0.0,0.0,0.0,0.0,0.0,0.0,0.0,0.0,0.0,0.0,0.0,0.0,-0.2886365803187611,0.6064245273403398,-0.12395261431227558,-0.9326603477493511,1.6714853627893986,-0.9326603477493511
SLC17A7,0.0,0.0,0.0,0.0,0.0,0.0,0.0,0.0,0.0,0.0,0.0,0.0,0.0,0.0,0.0,0.0,-0.48845832387861976,0.9471709681511766,-0.12044223282441742,-1.4972437402520553,-0.104772382054186,1.2637457108581018
SLC17A8,0.0,0.0,0.0,0.0,0.0,0.0,0.0,0.0,0.0,0.0,0.0,0.0,0.0,0.0,0.0,0.0,0.26317223863757083,-0.5334541503182677,-1.0624139669065917,0.05496576057959873,1.8003566093761318,-0.5226264913684422
SLC17A9,-0.7780724554770543,1.4421674114103524,1.56015086285681,-0.7780724554770543,-0.7780724554770543,-0.7780724554770543,1.8241507600059477,-0.7780724554770543,0.5469034118705024,-0.7780724554770543,-0.028153497262058496,-0.7780724554770543,-0.7780724554770543,-0.7780724554770543,0.6935362359400269,0.9638969144719068,0.14490777360675608,0.729515068956872,1.3457264529587152,-0.7108085441556113,-0.05056588173109887,-1.4587748696356384
SLC20A1,-0.5460337914683941,0.16714132771613335,1.6090879458447094,0.550056155374775,-1.3864076766204325,-1.444346898715246,0.9049285390630893,-0.47458100245411566,-1.950610687566534,-0.01592902111129049,0.5004867762549844,0.4650892013592175,-0.5907432574303147,0.312727784398846,0.6272825444723316,1.271852060882242,0.35718289274318277,0.5953489326267566,1.5240037610673227,-0.5246082969763926,-0.8888756751911436,-1.0630516142697237
SLC20A2,-1.3552469857752196,0.9423695388072499,1.6663993529267918,1.1478999656519473,0.24684353502003006,0.8732930858860946,0.6104481665190535,-0.14412457186271746,-1.3552469857752196,-1.3552469857752196,-0.13629441630132175,-1.3552469857752196,-0.06574753729402302,-0.38246021272069886,-0.39857072529821963,1.0609317617666931,0.03959767291390294,0.604040729113272,1.6751693718489997,-0.763835068916136,-0.6452737804612185,-0.9096989244988187
SLC22A1,0.7804102171568099,-0.9704703131875548,1.3324535826031827,-0.9704703131875548,-0.9704703131875548,-0.9704703131875548,-0.9704703131875548,0.8644152655397528,0.33450280992500103,1.7753108467209053,0.3693107874070083,-0.9704703131875548,0.15129552967528292,-0.9704703131875548,-0.1654606688003263,1.3510538220852673,-0.5420371409006395,0.7955448269160673,0.8360732063003796,-1.5989989825506843,0.8411110481966184,-0.3316929579617438
SLC22A7,0.0,0.0,0.0,0.0,0.0,0.0,0.0,0.0,0.0,0.0,0.0,0.0,0.0,0.0,0.0,0.0,-0.6311551036406301,1.6153433244462267,0.8036845419566538,-0.7242406459624573,-0.17389205590271858,-0.8897400608970751
SLC22A8,0.0,0.0,0.0,0.0,0.0,0.0,0.0,0.0,0.0,0.0,0.0,0.0,0.0,0.0,0.0,0.0,-0.44847072273831456,0.8241036050630105,0.9329656355136494,-1.3641124210114592,0.8605110533593534,-0.804997150186239
SLC24A1,-0.48093249203074506,-0.48093249203074506,-0.48093249203074506,1.7483250092510905,-0.48093249203074506,-0.48093249203074506,0.5781429755301278,-0.48093249203074506,-0.48093249203074506,2.926624856856596,-0.48093249203074506,-0.48093249203074506,-0.48093249203074506,-0.48093249203074506,0.5180970627311269,-0.48093249203074506,0.19484519147983714,0.8893894308608701,1.3835631126772787,-0.43706118168621627,-0.9717394226064701,-1.058997130725299
SLC24A2,0.0,0.0,0.0,0.0,0.0,0.0,0.0,0.0,0.0,0.0,0.0,0.0,0.0,0.0,0.0,0.0,0.11292038666443086,-0.23973619525587744,1.9195359194668014,-0.4829108098321929,-0.9325324085305371,-0.37727689251262575
SLC24A3,1.1767920565094396,-0.9870790861157192,1.859049176435341,-0.9870790861157192,-0.0025791316434698864,-0.9870790861157192,0.06761020653561776,1.2806118756691904,0.6257058150044629,-0.9870790861157192,0.6687241573191427,-0.9870790861157192,0.39928434307614485,0.8343551039041646,-0.9870790861157192,-0.9870790861157192,1.2387598400710023,1.0903670984464027,-0.2516023987759035,-1.4100436954834248,-0.2999667616466629,-0.3675140826114157
SLC24A4,-1.3335985906366308,0.7548787530522406,0.6127545340620322,0.9414315594181706,-2.154593897210165,-1.1656510157727356,0.2661151264596661,-0.3471401643610695,0.12161214902310657,0.2914379475302366,0.4661033515845943,1.0598598871841605,-0.2585122388356554,-0.9901461577162837,0.09177960894691234,1.6436691472714178,1.3345404964674288,0.391295413521837,0.8574983565774895,-0.5963586712313763,-1.0147769748488613,-0.9721986204865186
SLC24A5,0.0,0.0,0.0,0.0,0.0,0.0,0.0,0.0,0.0,0.0,0.0,0.0,0.0,0.0,0.0,0.0,-0.3446328502492698,0.07417484377967061,1.9249015784459034,-0.7928996151045146,-0.7228861769368911,-0.13865777993489875
SLC25A28,-2.0970620989458824,-0.2380310191936629,0.19272958259936546,0.1953428165246414,-1.1282234349266758,-1.2004084658673622,0.8928694086198082,-0.25519039164886487,-0.3850760239195129,0.23750328438319546,-0.34040999850781206,1.847252872091993,0.3625197093166279,0.01977372086208427,0.1635868935830229,1.7328231450290255,0.40539932075907636,1.237942206314338,0.6206058547790722,-1.293487871329936,0.136860332068584,-1.1073198425911248
SLC25A31,0.0,0.0,0.0,0.0,0.0,0.0,0.0,0.0,0.0,0.0,0.0,0.0,0.0,0.0,0.0,0.0,-0.002757795980977433,0.22240799729664235,-1.150955403927079,0.7830355756294639,-1.150955403927079,1.299225030909029
SLC25A37,-1.2414812693242139,-0.3314426481832273,-1.6770809094811179,-1.2856848903141602,0.3465986280400113,1.4091155270378224,1.6887250190830476,1.6125130499024636,-0.811826008687146,0.3591407588962087,-0.12082747300053734,-0.29252632551349045,-0.3967164127510381,0.49427001624120437,0.07313634153637612,0.17408659651785452,0.684548136995887,1.3917801698454437,0.46242893985481215,-1.0104328659163198,-0.45461494070230163,-1.073709440077518
SLC25A4,-0.872687422729448,-0.872687422729448,1.4708840773968959,-0.872687422729448,0.052634640513579176,1.3035316452214314,0.11241942759918198,-0.872687422729448,-0.872687422729448,-0.872687422729448,0.8490100801021835,-0.872687422729448,-0.1496455818090731,0.7279650839200819,-0.3538129544616813,2.095825540623536,0.15300381672961108,1.0025525390802015,1.3495087651280089,-0.8227484646784942,-0.6704324818173852,-1.011884174441942
SLC25A5,-0.6985906897331657,0.9404280019339638,0.8227170810144641,0.8614420193996642,-1.9549549954381522,-0.17214671575152085,0.402548191361986,-1.2936277619771577,-1.4214844238703928,0.3557650065825011,-0.1753871070004017,1.345077838332904,-0.7008320349790612,0.533037888040537,-0.16056420394272694,1.3165719060265544,0.41525636446805364,1.236586622651724,0.7471243386447977,-1.0631750605299168,-0.06885139230616004,-1.266940872928513
SLC25A6,-0.20542823138134778,1.280106804759398,0.5311938772320812,0.677263644038745,-2.1902631019942556,0.18051298711007807,0.21686722469623984,-1.299033060131128,-1.0190807960492128,0.5939026269086246,-0.626908511572681,1.3082958482959222,-0.4883419717645431,0.4873961596601583,-0.6950430899355694,1.2485595901274837,0.40775113957665915,1.4367903023342385,0.5405472095062845,-0.8133521426007313,-0.24713742405750994,-1.3245990847589355
SLC26A3,0.0,0.0,0.0,0.0,0.0,0.0,0.0,0.0,0.0,0.0,0.0,0.0,0.0,0.0,0.0,0.0,0.73558577231154,0.663877142425237,0.9070926727053372,-1.3824950964481515,-1.116677863399636,0.1926173724056741
SLC26A6,0.12301700429485422,-0.9604548913075398,-0.9604548913075398,0.8622920051753876,-0.9604548913075398,-0.9604548913075398,-0.4323614273898303,0.8957019151850031,-0.9604548913075398,-0.9604548913075398,0.1823415782847995,2.5856846303323335,0.24848092307086853,-0.048444598411040096,0.5541074725942712,0.791909844708592,0.2506597129611516,1.050521090676958,0.29563384164196255,-1.0507162440761069,0.8434317487547364,-1.389530149958708
SLC26A9,0.0,0.0,0.0,0.0,0.0,0.0,0.0,0.0,0.0,0.0,0.0,0.0,0.0,0.0,0.0,0.0,1.4234482931233956,-0.7772103223828146,1.0661491024437175,-0.1579664284186692,-0.7772103223828146,-0.7772103223828146
SLC27A5,-0.11937984514218117,0.23646486050399723,0.331338825062209,-0.08228299095127455,-0.898506362223283,1.2077046292631213,0.5436289096328013,-0.05079348749797618,-0.48344326153574724,-1.5488953392473819,-0.9458634412060842,-1.5488953392473819,1.0345182291125663,0.4786388894555281,-0.3655314935438111,2.211297217564899,0.30421104758107625,1.4288629939099253,0.5651544570089505,-1.1979281567918365,-0.04713708301681397,-1.0531632586913042
SLC2A1,-0.46050009534640035,-1.1738679909139857,0.09768222364596801,0.31284181365636987,1.3626839586560253,1.1702077013207983,1.7172699524788122,0.595421560887689,-0.8888304390801354,0.18816034491180086,-0.33727476229103637,-0.09383325337853098,-1.8198182928004545,0.7152249635731851,-1.4144300709131028,0.029062385593021024,0.6917243449433018,0.8951980227665044,1.028187932794908,-0.45762700978762383,-0.8275664569404264,-1.3299168337766625
SLC30A1,-1.3455680585295189,0.9444356104645044,0.8030917227715672,-0.22203767517458498,-1.5410744167352382,-0.4365960124006433,0.192317472767247,-0.9269125918643668,0.01539088046058132,-0.3409618491349447,0.15701890175335173,2.4679091625793252,-0.8455887916570968,0.5746895220753163,-0.35534189579539854,0.8592280184198979,0.8556012712065638,0.0485475045952977,1.3268991182864724,-0.2457301531963229,-1.4793835154238901,-0.5059342254681213
SLC30A10,0.0,0.0,0.0,0.0,0.0,0.0,0.0,0.0,0.0,0.0,0.0,0.0,0.0,0.0,0.0,0.0,1.2373130243636634,-0.5435805393445456,1.0393644835599496,0.12511527162301475,-1.348133536440578,-0.5100787037615055
SLC30A2,0.0,0.0,0.0,0.0,0.0,0.0,0.0,0.0,0.0,0.0,0.0,0.0,0.0,0.0,0.0,0.0,0.9657558206371306,1.442073418652334,-0.7135459476372656,-0.9684877723342041,0.009415279086892136,-0.7352107984048888
SLC30A3,0.0,0.0,0.0,0.0,0.0,0.0,0.0,0.0,0.0,0.0,0.0,0.0,0.0,0.0,0.0,0.0,1.9214221817681534,-0.6039448574726525,-0.5201324814083815,-0.5086201594844918,-0.575914292391265,0.2871896089886363
SLC30A4,0.509944562543282,0.8407827788603452,-0.8191137282315133,-0.8191137282315133,-0.8191137282315133,-0.8191137282315133,1.7208169550979135,0.5737111097664264,1.422865829059193,1.2651536743603842,-0.8191137282315133,-0.8191137282315133,-0.8191137282315133,-0.8191137282315133,1.0387486443960752,-0.8191137282315133,0.35044536840733925,0.28875534385643153,1.6892543598071765,-0.8020006324780463,-0.5063308297312967,-1.020123609861606
SLC30A5,-0.3951491127622073,0.778802981693654,1.015001953115423,0.4853847840350086,-1.5709166809759654,-1.0427638836582087,0.9504604296221557,-1.1530927795175832,-0.26521380398830224,-0.7865324606114793,0.2966586461420439,1.8795564945156245,-1.1053083255288632,0.48487032498621735,-0.5998664726528465,1.0281079055853302,0.5397893984122998,0.4446989035384347,1.5329873156041915,-0.7679759612774971,-1.0173306473125066,-0.7321690089649231
SLC30A6,-1.6248964210243335,0.39673079461451966,0.9331790331756064,0.3205652720117396,-0.9274618294430018,-0.10719457647435937,0.7952363322692937,-0.02023736650744436,-1.6248964210243335,0.8976483110257959,0.30094576435593196,2.08442635592659,-0.9329630821137203,0.09029302784789617,-0.9212471269673362,0.3398719323271592,0.43467790278246826,0.6675155706413106,1.4399130773197473,-0.6870849315371838,-1.150546800578502,-0.7044748186278426
SLC30A7,-1.084874363633547,-0.8066800655241642,-0.7347415765241416,0.4893774014202047,-1.2957840515733823,-0.10428727503692388,1.0925607232481838,-0.05993837580970319,-0.7779782653366559,1.0913714905501717,-0.30987601308539087,2.4387564223705978,0.03957147962808761,-0.6246887086461819,-0.40599183179471804,1.053203009747559,0.5977155055380896,0.24886313065402513,1.5850532705641882,-0.6186190800080047,-1.0517856703025246,-0.761227156445771
SLC30A8,0.0,0.0,0.0,0.0,0.0,0.0,0.0,0.0,0.0,0.0,0.0,0.0,0.0,0.0,0.0,0.0,1.3710392279151664,-0.3030794845773696,1.0412948864182472,-1.223592102117404,-0.2774188515438343,-0.608243676094806
SLC30A9,-0.26519093647475367,0.9354054389421194,0.5018383114539943,0.791341210430662,-1.3674283092044963,1.0761971158031904,0.9222855368801941,-2.0606069796582753,-0.982439949511231,-0.7348027143634704,-0.31642850463864974,0.7063867355818462,-1.1172944618905476,0.46800948274039994,0.25258297957867437,1.1901450443303436,0.12064249640696098,0.5265801289305838,1.6849557265675563,-0.6943237996605344,-0.970112013206054,-0.6677425390385126
SLC31A1,-0.7015963195355363,0.38659269438554755,1.7252135535145936,0.3369581982918534,-0.9224115293080276,-1.0770254845882625,0.9001512059996616,-0.6442883507363049,-0.6666344315433372,-0.05558340745658346,0.3820247468401732,-2.101937035446342,0.039964737855177394,0.9080592710334725,0.009170407887786813,1.4813417428061324,1.5254219793284705,0.6244126677874525,0.36271710847027083,-0.8861878644691906,-0.6652390170116314,-0.9611248741053718
SLC31A2,-1.2425952443820154,-0.12906737210526725,0.5293047882468471,0.3721539005429736,-1.657209736564504,-0.5107355953304754,0.5671075208583902,-1.1569375419079788,-0.9312984483203828,-0.2038235878746578,0.54559985172505,2.1605382967447215,-0.35621330393855294,0.4399837202587648,0.10802467093582158,1.4651680811112666,1.174078770719975,1.197942313938807,-0.24199916500544738,-1.3020735388805413,-0.20211941053562985,-0.6258289702371644
SLC34A1,0.0,0.0,0.0,0.0,0.0,0.0,0.0,0.0,0.0,0.0,0.0,0.0,0.0,0.0,0.0,0.0,-0.6098681706514184,-0.7907382283178345,1.853488984518496,-0.313268212591323,0.4095097198488258,-0.5491240928067459
SLC34A2,0.0,0.0,0.0,0.0,0.0,0.0,0.0,0.0,0.0,0.0,0.0,0.0,0.0,0.0,0.0,0.0,1.8886787918541839,0.34519696228939817,-0.7063147989683007,-0.5780297952458711,-0.597092451816995,-0.3524387081124152
SLC34A3,0.0,0.0,0.0,0.0,0.0,0.0,0.0,0.0,0.0,0.0,0.0,0.0,0.0,0.0,0.0,0.0,-0.3979991077018545,0.4587838097024667,1.7264811139480978,-1.0733649393077545,-0.008068247864693682,-0.7058326287762616
SLC39A1,0.0,0.0,0.0,0.0,0.0,0.0,0.0,0.0,0.0,0.0,0.0,0.0,0.0,0.0,0.0,0.0,0.5359450296296099,1.3422928979658522,0.0507926019152299,-1.0767964061763065,0.4062863297346172,-1.258520453068998
SLC39A10,-1.6434123451394447,0.5514323344726901,1.1014713339895306,-0.017984890842506856,-1.0281051430441446,-0.7394562310102227,1.23347969335781,0.008714267511641617,-0.6863662515588538,-0.4665485035695283,0.39203130397193786,1.9359718003295325,-0.8060712514944747,-1.0117297636600688,-0.00343086723975564,1.1800045139258575,0.1025744887792905,0.29580048999886877,1.7885760909413875,-0.4836831120877168,-0.9477221950924498,-0.755545762539379
SLC39A11,0.8042274470635312,-0.3669518769087234,-0.2780969692269753,-0.665477516125961,-0.9413067659506055,-0.4263433814305666,1.2113914478630652,-0.635985790600249,-1.0411871112119517,1.1808980849842967,0.5056184438637776,-2.039044072763368,-0.039411899469339186,0.4476779894427015,0.4152319786321862,1.868759991838181,0.5382450834731837,0.7682011071431127,1.3249111331368788,-0.9274924001218954,-0.689221387950641,-1.0146435356806407
SLC39A12,0.0,0.0,0.0,0.0,0.0,0.0,0.0,0.0,0.0,0.0,0.0,0.0,0.0,0.0,0.0,0.0,-0.8012384218655833,1.7874430508653052,-0.8012384218655833,-0.3444184509314793,-0.36171738762320826,0.5211696314205487
SLC39A13,-0.28317055769926325,0.6939556585087906,1.4437338735319114,1.1967996486283419,-0.6813248715931692,0.32927419397187846,0.3143103575658189,-1.5405896343811323,-0.9711505982272277,-1.5405896343811323,-0.2244876354366671,1.450770445020532,-1.0510950623959197,-0.12151188191078434,-0.14002758690146097,1.125103285699485,-0.1221408411547034,1.3496552072948291,0.7637906948060436,-0.9220792752049946,0.22640094756274995,-1.295626733303923
SLC39A14,1.2118430591800928,-0.8509010753162032,-0.8509010753162032,1.2576115932127319,0.17674290845274265,0.6588245692280524,0.9837316262160755,-0.8509010753162032,-0.8509010753162032,-0.8509010753162032,0.7848235008017237,2.0082809221379367,-0.8509010753162032,-0.8509010753162032,-0.2746495766997302,-0.8509010753162032,0.5867481007146242,0.4477725225632915,1.4890550065697432,-0.5642202343751972,-0.974183792351788,-0.9851716031206723
SLC39A2,0.0,0.0,0.0,0.0,0.0,0.0,0.0,0.0,0.0,0.0,0.0,0.0,0.0,0.0,0.0,0.0,0.387495285424593,-1.6020026927480495,-0.32939207707516976,0.6202614517303124,1.2875483180921627,-0.36391028542384796
SLC39A3,-0.455197411869846,0.49999268774121575,2.5657666071379954,0.6719109126499455,-0.9820637843985888,-0.2574483533498881,0.9250531707158898,-0.40881746629651394,-1.4218743588623217,0.0940962072434777,-0.1602674959395643,-1.4218743588623217,-0.3432581188873752,0.7164681753832391,-0.6216517979574877,0.5991653855521452,0.1256624709286702,1.2857725714502612,0.512007566230848,-0.8052233203718127,0.3883222283827635,-1.506541516620729
SLC39A4,-0.4434052087578689,0.29470774399110994,1.0213530926634808,-0.4123955974611848,-1.144717890180089,-1.8409787856093731,0.8446075257415177,-1.8409787856093731,-0.4085124070992677,0.6890079863318695,0.5526231110245238,1.4838044019117276,0.12018191003849481,-0.26372772657191734,0.145372514712865,1.2030581148734822,-1.060560187352962,0.8158771773656968,0.042583838796853166,-0.5494489444602432,1.5210767928022983,-0.7695286771516413
SLC39A5,0.0,0.0,0.0,0.0,0.0,0.0,0.0,0.0,0.0,0.0,0.0,0.0,0.0,0.0,0.0,0.0,0.28575845977704584,1.7872971449307038,-0.0011640179431129502,-0.8216781576003193,-0.2595674830749399,-0.9906459460893775
SLC39A6,0.31138315725117216,-0.9806666672297634,0.8550008288929476,-0.036047755428511456,-1.4225705716713477,-1.0263619999231859,1.0919378675897289,-1.187659136791237,-0.18286230252883967,0.21023630008250027,0.28660726482515575,2.2562757721508846,-1.117799871408869,0.581916422047072,-0.37886087372237087,0.7394715658646629,0.6012931920442033,0.5892646310733876,1.348102971352176,-0.40371332757956524,-1.1936626322097432,-0.941284834680456
SLC39A7,-0.8499094591335319,0.6251101679732091,2.2380307419502143,0.36176872177086733,-0.3125744684140044,-0.8499094591335319,-0.8499094591335319,0.3877845563615167,-0.8499094591335319,-0.8499094591335319,0.39578650279352695,1.844323346982858,-0.8499094591335319,-0.8499094591335319,-0.3069025104577726,0.7160391549743081,0.3787178189796112,1.1544277936110872,0.2960068344068501,-0.9059439243444916,0.5846647898031746,-1.5078733124562256
SLC39A8,-1.0727999023530659,0.6336435547984931,0.9338941870275466,0.09685030228837353,-1.4843243499685412,0.02007360284225516,1.2176483712417208,-1.036573484274998,-0.5541601309783819,0.4217106229488362,-0.5271909975333028,2.0106230364437265,-1.344099926892858,0.7187100106514196,-0.5984181812349653,0.5644132849937425,0.21623221258771422,0.29690465918659115,1.741965133532147,-0.46324389030080587,-0.9689909254444,-0.8228671895612465
SLC39A9,0.4884145954293837,-0.7711573826848336,1.2262836319508812,0.29377364406754974,-1.4062520222506447,-0.8550201256095489,0.8646516252352795,-1.7659279933872956,-0.2101211480218069,-0.19511421448732003,0.5411176748224922,2.0259650355469057,-0.5364373455178446,-0.18069019956091045,-0.49681162519305794,0.9773258496607596,0.7472123464786675,0.7160124028607173,1.219197757327775,-0.810777919273372,-0.8060740536223122,-1.0655705337714743
SLC3A2,-0.9404442558336331,1.286969596132176,1.2923259941592216,1.3350816387080182,-1.4917889620799338,0.0025207972071854116,-0.023921055465439732,-1.5017148276856969,-1.293978661077763,0.16166896985866014,0.20590557317361824,-0.7315868306075551,0.029619810339692736,0.039547018877619085,0.13781836018205007,1.4919768341117738,0.7044335627558851,0.862866912136599,-0.07882244179942266,-0.7304882246828166,0.8318175810799731,-1.5898073894902134
SLC40A1,-1.7955968230703963,-0.2739707089019037,0.9718968055616177,0.23401094221237187,-1.9916710488774447,0.12046279518120429,1.4211832106712399,-0.16144899154304937,-0.44938526912003474,0.3522468117369492,0.5055203460653135,1.2913579607177461,-0.9627349881037907,-0.2263307470488474,-0.21847642219089483,1.1829361267099348,1.108445011541067,0.8881592375094092,0.6974799012209562,-1.1034206134197497,-0.7134711589886242,-0.877192377863059
SLC41A1,-0.9617548480260083,0.7617544306996777,0.8533416399632989,-0.9617548480260083,-0.9617548480260083,-0.9617548480260083,0.2428434675228657,0.4844476842841603,0.06678636300204079,2.357201008353418,0.4937976811723288,-0.9617548480260083,-0.9617548480260083,-0.9617548480260083,0.6041098627062217,0.868001798478046,0.26886167240736075,1.0358922512474413,1.18618300827115,-0.8672246397211526,-0.3775111587152597,-1.2462011334895378
SLC41A2,-0.45444202704835995,-0.45444202704835995,-0.45444202704835995,-0.45444202704835995,-0.45444202704835995,-0.45444202704835995,1.5072213291706187,-0.45444202704835995,-0.45444202704835995,-0.45444202704835995,2.6252598058861287,-0.45444202704835995,-0.45444202704835995,-0.45444202704835995,-0.45444202704835995,1.775265216571932,0.4944316867223121,1.0765006903285568,1.0542200028052475,-1.1975187719698532,-0.8406704364670311,-0.5869631714192298
SLC41A3,0.11285340865438491,1.1864448457146073,1.5602016643024694,0.48752710287955103,-1.3094468740042118,0.055251461025646154,0.4514223063037807,0.5293827071873497,-0.38217700890969936,0.011545910631461462,0.43835272316279633,-2.4697855593273697,-0.9288416551029016,-0.5534835241662794,-0.2151202535707957,1.0258727452192082,0.1590462637500173,1.2181168724113816,1.0994320752717588,-0.593406702176944,-0.6615820333665384,-1.2216064758896739
SLC46A1,-0.7860165452190984,1.5127844931053418,1.634942681837646,-0.7860165452190984,0.723158407552477,-0.7860165452190984,0.820665758571596,-0.7860165452190984,-0.7860165452190984,-0.7860165452190984,-0.009562385686956922,-0.7860165452190984,-0.7860165452190984,-0.7860165452190984,0.7376636833408247,1.6544962682509545,0.07892189782689268,1.0031857359944556,1.3142402916867832,-0.6215658279116614,-0.5008083645987661,-1.2739737329977032
SLC4A10,-1.6002288872278463,0.8340720741606878,1.3334878433444581,0.8670626464268871,-1.1598587247833592,-0.4343213375348141,1.1403107662828242,0.057946986466526615,-0.8788247412266081,-1.6002288872278463,-0.3370168331661776,0.6078159246389413,-0.1545878826804733,-0.22741106712728343,-0.024207995921744288,1.575990115575824,-0.6430880897032426,0.43151939542033363,1.7624953694117318,-0.5111707852270568,-1.0158603368247043,-0.02389555307705941
SLC4A2,-0.8846601144840416,-0.09450630768382706,1.6143463354336034,0.8243751126903245,-0.5757676634854766,-0.7210778375693975,0.3726793557691197,0.07615825745472987,-1.6843160886436677,-1.6843160886436677,0.7990755725313927,0.9329106850201584,-0.2391816342198803,-0.5501347065731806,0.2997570148788244,1.514658107524987,0.6380726207736271,1.1477169543776964,0.4571905901458641,-0.9372010316062551,0.16433455813494363,-1.470113691825874
SLC4A4,-0.6329142743416121,-0.6329142743416121,1.9341895559440656,-0.6329142743416121,-0.6329142743416121,-0.6329142743416121,0.31837697930685777,-0.6329142743416121,-0.6329142743416121,2.4278491949205794,0.1904116308201471,-0.6329142743416121,-0.6329142743416121,1.0099528962413054,-0.6329142743416121,0.4483624861831664,0.3987751171848728,0.33631839177188344,1.6632441628131847,-0.695867399438151,-0.9696691862749661,-0.7328010860568257
SLC4A5,-0.5789540718833863,-0.5789540718833863,-0.5789540718833863,-0.5789540718833863,-0.5789540718833863,-0.5789540718833863,-0.5789540718833863,0.9893015987891276,-0.5789540718833863,-0.5789540718833863,0.5661414767582025,2.834850813174532,1.0907902901888484,-0.5789540718833863,-0.5789540718833863,0.8874106118065388,0.01437909614265589,0.9200857725568437,1.4775432368131618,-0.675901876754387,-0.8122605059370709,-0.9238457228212043
SLC4A7,-1.656349923043172,-0.34876106445616895,0.5605822313939576,0.22888955114083354,-0.7445895430901224,-0.0466792496037758,1.2232649000713915,-0.2083926464206216,-1.1661488170001226,1.019054532845945,0.2637255027279375,2.0179274223379418,-1.656349923043172,-0.20147671598984604,0.1432274631647082,0.5720762789642894,0.14617589810864767,0.14528414655210015,1.8217800659916772,-0.583258381571259,-1.0180028498237879,-0.5119788792573776
SLC4A8,-0.5924223937944799,-0.5924223937944799,1.5562311517488157,-0.5924223937944799,-0.5924223937944799,-0.5924223937944799,-0.5924223937944799,-0.5924223937944799,-0.5924223937944799,1.9694218926392881,-0.5924223937944799,-0.5924223937944799,-0.5924223937944799,0.78264951770543,0.15866053594135332,2.049683233704393,0.445240811473611,-0.12696939463745488,1.7791492542378047,-0.392447615612961,-0.9324416177638155,-0.7725314376971866
SLC4A9,0.0,0.0,0.0,0.0,0.0,0.0,0.0,0.0,0.0,0.0,0.0,0.0,0.0,0.0,0.0,0.0,1.4406907200493944,0.6849633833443369,-0.6907891124934271,-1.2811195040562857,0.3262152083116683,-0.47996069515568796
SLC51A,-0.25,-0.25,-0.25,-0.25,-0.25,-0.25,-0.25,-0.25,-0.25,-0.25,-0.25,-0.25,3.75,-0.25,-0.25,-0.25,0.6182058091149429,1.125164583776403,0.667175985679708,-1.2304161425437108,3.0158318467926165e-05,-1.1801603943458077
SLC51B,0.0,0.0,0.0,0.0,0.0,0.0,0.0,0.0,0.0,0.0,0.0,0.0,0.0,0.0,0.0,0.0,-0.0481430379604412,0.11090624233260747,-0.860972995003837,1.8607046986627624,-0.20152191302725458,-0.860972995003837
SLC5A1,0.0,0.0,0.0,0.0,0.0,0.0,0.0,0.0,0.0,0.0,0.0,0.0,0.0,0.0,0.0,0.0,1.7928295510566081,-0.2762726811641269,0.44058061914377483,-0.9292105135575409,-0.2653923585115692,-0.762534616967146
SLC6A19,-0.7369345872020291,-0.7369345872020291,-0.7369345872020291,-0.7369345872020291,0.1825312488146514,-0.7369345872020291,1.0271398213576033,1.380957197894854,-0.7369345872020291,2.432346064225532,0.11558174973570891,-0.7369345872020291,0.5578484177684201,-0.7369345872020291,0.9360067850214915,-0.7369345872020291,-0.1376700601269155,-0.9593444565636249,1.938523139353135,-0.06949679907053728,-0.38707208104682256,-0.38493974254523466
SLC7A11,-0.4204211859712009,-0.4204211859712009,-0.4204211859712009,-0.4204211859712009,-0.4204211859712009,-0.4204211859712009,0.6359820709588355,1.8509549761193442,-0.4204211859712009,2.978538370547431,-0.4204211859712009,-0.4204211859712009,-0.4204211859712009,-0.4204211859712009,-0.4204211859712009,-0.4204211859712009,-0.8062224697114939,-0.5762483320198051,-0.02889677905340308,1.2642372622048061,-1.0237015915202698,1.1708319101001623
SLC8A1,-1.7851026171756332,0.27988547876474096,0.7973817721725951,0.014669256754428029,-1.7851026171756332,0.2288128275231036,-0.3025510599425466,0.2673420299421227,0.30990255625177415,-1.7851026171756332,0.5270142993722987,1.5825095513981025,0.12418866086861464,-0.013224678131155798,0.30496603329713134,1.2344111232556907,0.8943947806655126,1.0847239547931813,-0.21325414484669825,-1.5392941617676994,0.4265578145484784,-0.6531282433927775
SLC8A2,0.0,0.0,0.0,0.0,0.0,0.0,0.0,0.0,0.0,0.0,0.0,0.0,0.0,0.0,0.0,0.0,0.7008751174122435,0.7659853421672761,0.43736128095280596,-1.2533583598066933,0.6614920369379457,-1.312355417663576
SLC8A3,1.2897804468123206,-0.6372666593360751,1.8973682013249726,1.3397885690121731,-0.6372666593360751,1.683988410651786,-0.6372666593360751,-0.6372666593360751,0.7990076248955752,-0.6372666593360751,-0.6372666593360751,-0.6372666593360751,-0.6372666593360751,-0.6372666593360751,-0.6372666593360751,-0.6372666593360751,-0.18276709901460375,-0.7709015443550992,-0.6325665436151343,-0.16207705863451488,1.9736104732264192,-0.2252982276070663
SLC9A1,0.7287785881878994,1.268986589346933,1.0642418782106178,0.09248360584056776,-1.9526596969239491,-1.497736179936004,1.150233527209343,-0.318586215032649,-0.5292365656449528,-0.07788389037606662,0.009804641255637871,0.9485912261293264,-0.19090847552252418,-1.2449031883382535,-0.5361171779445267,1.0849113335386,0.7874004290528183,0.8726949803753704,0.11335765756243618,-1.3294582783379107,0.7106142818310989,-1.1546090704838141
SLC9A2,0.0,0.0,0.0,0.0,0.0,0.0,0.0,0.0,0.0,0.0,0.0,0.0,0.0,0.0,0.0,0.0,1.407969282564237,0.7378553179841951,0.4522465117056338,-0.9168568481112677,-0.9266244001660784,-0.7545898639767199
SLC9A3,0.0,0.0,0.0,0.0,0.0,0.0,0.0,0.0,0.0,0.0,0.0,0.0,0.0,0.0,0.0,0.0,-0.029978316863331415,1.196989551275064,1.2361547461476976,-0.9059960714453953,-0.5287543284148336,-0.9684155806992018
SLC9A4,0.0,0.0,0.0,0.0,0.0,0.0,0.0,0.0,0.0,0.0,0.0,0.0,0.0,0.0,0.0,0.0,1.0493228172375695,-0.053682029247413686,1.3159853388080596,-1.179713132240289,-0.8227500573598061,-0.30916293719812
SLC9A5,-0.25,-0.25,3.75,-0.25,-0.25,-0.25,-0.25,-0.25,-0.25,-0.25,-0.25,-0.25,-0.25,-0.25,-0.25,-0.25,0.3495928705563158,1.3941509599613817,0.5932008749199464,-0.9071830741871852,-0.10777688856682785,-1.3219847426836295
SLC9A6,0.21687104662323942,0.8182292858561679,0.636225579654143,0.2533065466590333,-1.410726135430639,-1.7722548818995887,0.7407933662205638,0.2839322544901048,-0.758869645770933,-0.5261117232992776,0.8928042738461253,2.0178395260724127,-1.2631535554553357,-0.014515662305671095,-0.6614749107731471,0.5471046355128052,0.3643238390329996,0.6451911757486749,1.4710313616254824,-0.43380363669646904,-1.0697378646133795,-0.9770048750973072
SLC9A7,-0.26406896143951436,-0.02365371599557691,-1.22987599166392,0.39492089885824744,-0.4379847337581662,0.6325337828942089,1.3839892072424331,-1.22987599166392,0.3993374394403378,-1.22987599166392,0.030595545783058474,1.9311533751866297,-0.15223040311123623,-1.22987599166392,-0.4303735545047539,1.455285086060011,0.04802237377759946,0.8045450074963025,1.5327889031568644,-0.5326991325007544,-0.9037262107907236,-0.948930941139291
SLC9A8,0.12352324166516636,-0.5613120758167607,0.8338005009889744,-0.7358719375947469,-1.1828705235262262,0.37694127827002755,0.10481034482038913,-0.7186269480358556,-0.955564340427685,-1.539051151608621,0.4959455068687158,1.8987734882162903,0.43169046246391424,-0.8800774555054008,0.6029874068673089,1.704902202354514,0.6832255715678928,1.3589747526692435,0.2868387999890217,-1.2247708968604385,-0.0549691340216232,-1.0492990933440962
SLC9A9,-2.069051869075874,0.7997064770311415,-0.56875795095598,0.8385849809764884,-1.1338002639611704,0.722598815111348,1.160600556218935,-0.11493610753886663,-1.2188964455752458,0.6742784821113801,0.7588474048400861,0.5330696775581983,-0.7963142849988595,0.7935206958072912,-1.12481119186004,0.745361024311169,-0.0077779622918447335,0.7409753525866679,1.6017231610630254,-0.6978821191647416,-0.6476521932580137,-0.9893862389350949
SLC9B1,-0.3648666832504293,-0.3648666832504293,-0.3648666832504293,-0.3648666832504293,-0.3648666832504293,-0.3648666832504293,-0.3648666832504293,-0.3648666832504293,-0.3648666832504293,-0.3648666832504293,-0.3648666832504293,-0.3648666832504293,2.7658425920762806,-0.3648666832504293,-0.3648666832504293,2.3422909734297295,-0.057939030252628906,0.6340792263788053,1.6859032134691498,-0.9130702642835035,-0.6083224684994543,-0.740650676812368
SLC9B2,-0.8278315047716696,0.5751870707151056,2.109375148275357,0.32470027452096956,-0.8278315047716696,-0.8278315047716696,1.0829324404427716,-0.8278315047716696,-0.8278315047716696,-0.8278315047716696,0.03178307454771617,1.7348860375580957,-0.8278315047716696,-0.8278315047716696,0.1021105076652487,0.661677484448092,0.24884671569161693,0.6437431567485153,1.556232197144347,-0.6186623619463515,-0.7662074034124232,-1.0639523042257033
SLCO1A2,0.0,0.0,0.0,0.0,0.0,0.0,0.0,0.0,0.0,0.0,0.0,0.0,0.0,0.0,0.0,0.0,1.0066961075921006,1.5348000623971785,-0.5585128669818602,-0.6773333407911035,-0.7155694086506241,-0.5900805535656917
SLCO1B1,0.0,0.0,0.0,0.0,0.0,0.0,0.0,0.0,0.0,0.0,0.0,0.0,0.0,0.0,0.0,0.0,1.140040494123553,0.231726250432556,-1.1215649167785888,-0.6447307901752204,1.170711555051652,-0.7761825926539517
SLCO1B3,0.0,0.0,0.0,0.0,0.0,0.0,0.0,0.0,0.0,0.0,0.0,0.0,0.0,0.0,0.0,0.0,0.6938676164355485,-1.05161052918763,1.5777129843756812,-0.4627566525985038,0.08109697994194073,-0.8383103989670357
SLCO1B3-SLCO1B7,0.0,0.0,0.0,0.0,0.0,0.0,0.0,0.0,0.0,0.0,0.0,0.0,0.0,0.0,0.0,0.0,1.5115886334900641,-0.6463531315686462,0.6888808160291054,-0.918700063496056,0.3055430014688907,-0.9409592559233594
SLN,0.0,0.0,0.0,0.0,0.0,0.0,0.0,0.0,0.0,0.0,0.0,0.0,0.0,0.0,0.0,0.0,0.0,0.0,0.0,0.0,0.0,0.0
SOD1,-0.29818189397723127,1.2134692968141907,0.7913443220728145,0.18613977778574833,-1.6627672402168097,0.009176261582792763,0.6847427525571053,-2.1735181889434947,-0.5645040626341877,0.2871590661942482,-0.016523953418355608,1.6369330130113562,-0.7335715347837778,0.3218715006174284,-0.5642313333354757,0.8824622166736252,0.19607875475735123,1.1245563085654902,0.8797037857219199,-0.9191437751211823,0.15233745158325265,-1.4335325255068292
SOD3,0.0,0.0,0.0,0.0,0.0,0.0,0.0,0.0,0.0,0.0,0.0,0.0,0.0,0.0,0.0,0.0,-0.10894880064774463,-0.7478853009800898,1.984152942916329,-0.47733241806091004,-0.4875469289041719,-0.16243949432341204
SP7,-0.25000000000000006,3.750000000000001,-0.25000000000000006,-0.25000000000000006,-0.25000000000000006,-0.25000000000000006,-0.25000000000000006,-0.25000000000000006,-0.25000000000000006,-0.25000000000000006,-0.25000000000000006,-0.25000000000000006,-0.25000000000000006,-0.25000000000000006,-0.25000000000000006,-0.25000000000000006,-0.359671820699626,1.0581323308732384,1.46387629299442,-0.5414190230100465,-0.8353241979495862,-0.7855935822083997
SPHK1,-0.7589771374916648,-0.7589771374916648,1.0443550086831042,-0.7589771374916648,-0.13518922210935405,-0.7589771374916648,0.4378137108359861,0.6778519972962628,0.26289770044991717,-0.7589771374916648,-0.7589771374916648,-0.7589771374916648,1.2887850987417504,-0.7589771374916648,-0.12860469124730065,2.6239074972829526,-0.20286116854053587,1.35341435360863,0.38534270400536674,-0.7555898724862387,0.6353403215358566,-1.4156463381230773
SPHK2,-0.0897709393896085,0.9373677003277316,-0.4803288918773308,0.9776449055119559,-1.4969629097688888,-0.6111759649641805,-1.4586325574764942,0.5669367024900012,-0.0412150311128829,0.8074272814697757,-0.492379799314753,1.8329994084897911,-0.7160718404768709,-1.0399136637387458,-0.11048082467825952,1.4145564245087572,0.3034085162506489,1.3946116947091607,0.36916311639336213,-0.6021651910978205,0.10145079289482441,-1.5664689291501763
SPP1,-1.0443548677617374,-1.0443548677617374,-1.0443548677617374,0.03135773903598855,-0.5673156401022107,0.9775218343334164,0.9594139946937629,0.05445426886261082,0.7243582930525898,2.079502674272059,-0.24203578504757908,-1.0443548677617374,-1.0443548677617374,-0.16177934778061087,-0.1763958540994843,1.542692161588146,0.19426111768534624,1.6611793312698748,-0.03606783068739737,-1.3076788599275155,0.16871507581602752,-0.6804088341563338
STEAP1,0.0,0.0,0.0,0.0,0.0,0.0,0.0,0.0,0.0,0.0,0.0,0.0,0.0,0.0,0.0,0.0,-1.0935020356309295,0.6952429373437269,-0.4610999655508466,-1.0935020356309295,0.9230571524512634,1.0298039470177156
STEAP2,0.0,0.0,0.0,0.0,0.0,0.0,0.0,0.0,0.0,0.0,0.0,0.0,0.0,0.0,0.0,0.0,0.4427561370074602,-0.10621327524899503,-0.5256083678963227,1.7743588557645296,-0.5565378697200197,-1.028755479906653
STEAP3,-1.0415627127249372,0.9300938214334805,1.0348675652240957,1.6142839504477304,-0.32330783257652407,-1.0415627127249372,-0.27210027847506973,0.6128610305890817,0.13506570721258648,-1.0415627127249372,1.018768117719256,-1.0415627127249372,-0.030123053278600983,-1.0415627127249372,1.5289672480535859,-1.0415627127249372,0.5186403440549531,0.9765615604927905,1.1573057166355398,-0.84860179564981,-0.688856609358792,-1.115049216174682
STIM1,0.15354154186930827,0.11611458805992511,1.8526836759182703,0.3578244818161963,-1.332236605204059,-0.4393564924464344,0.7013529093784816,-1.3413058739083505,-1.375001031082476,-0.9390997246632435,0.7271172962989174,1.497287720781472,0.057875402571703566,-0.9271612793498004,0.03219011454264036,0.858173275417435,0.2704091695911902,0.6160672354171515,1.5531408945287835,-0.9214944329781037,-0.5006113460339514,-1.0175115205250702
STIM2,0.22837761099527606,0.32012442998368434,1.6734355575750934,0.2699452359139816,-1.4904193911415,-0.5369654037060194,1.2185927272577446,-0.30196580638986686,-1.5545924462202811,-0.1269041927193037,0.13741110094774933,1.1722102633619431,-1.6446006577262036,-0.29292062457541657,-0.1835889414272298,1.111860537870351,0.19838342452968166,0.7944893778158749,1.492713752059652,-0.8356998345079404,-0.680411370101517,-0.9694753497957506
SULT2A1,0.0,0.0,0.0,0.0,0.0,0.0,0.0,0.0,0.0,0.0,0.0,0.0,0.0,0.0,0.0,0.0,0.15267653246217028,-0.8185885131301834,-0.8185885131301834,-0.8185885131301834,0.7551110739756451,1.5479779329527348
TACR1,0.0,0.0,0.0,0.0,0.0,0.0,0.0,0.0,0.0,0.0,0.0,0.0,0.0,0.0,0.0,0.0,-0.2699767700437343,0.2791500483271677,1.8762464079943524,-0.3289179993277939,-0.8466299690291418,-0.7098717179208507
TACR2,-0.24999999999999994,-0.24999999999999994,-0.24999999999999994,-0.24999999999999994,-0.24999999999999994,-0.24999999999999994,-0.24999999999999994,-0.24999999999999994,3.7499999999999996,-0.24999999999999994,-0.24999999999999994,-0.24999999999999994,-0.24999999999999994,-0.24999999999999994,-0.24999999999999994,-0.24999999999999994,0.870722727709429,1.028448308454874,0.6826220077086828,-1.0408712561145765,-1.2434990810684128,-0.297422706689997
TACR3,0.0,0.0,0.0,0.0,0.0,0.0,0.0,0.0,0.0,0.0,0.0,0.0,0.0,0.0,0.0,0.0,-0.11790362984871107,0.06590730078010885,1.8841164176085814,-1.0544468785796774,-0.2949903046301175,-0.4826829053301854
TBXA2R,-1.0639503616002215,-1.0639503616002215,-1.0639503616002215,1.6807804196580194,0.14703163061327007,0.23305986037529458,0.21933298762876782,1.3065464701739842,-0.2614265664798687,-1.0639503616002215,0.341305953166795,1.3923822115315367,0.13747959806531249,-1.0639503616002215,-1.0639503616002215,1.187209604868217,-0.8416231212159505,1.2476208206272361,-0.28473124280592677,-0.2927726973923967,1.2157128279692937,-1.0442065871822581
TCIRG1,-0.8345248750520949,-0.8345248750520949,-0.8345248750520949,0.15418357039026473,-0.8345248750520949,1.524049480175087,-0.8345248750520949,1.2870984833516679,-0.11625636417295572,2.036673542303996,0.8255555952502704,-0.8345248750520949,0.24076948170293777,-0.8345248750520949,-0.8345248750520949,0.7241252114154924,0.4867754883607637,1.2285150065701087,-0.42926273130590764,-1.2620130695129386,0.8472273908610665,-0.871242084973091
TF,0.0,0.0,0.0,0.0,0.0,0.0,0.0,0.0,0.0,0.0,0.0,0.0,0.0,0.0,0.0,0.0,-0.518516529008804,-0.22398698065053047,1.6002243377203413,0.7522396316394633,-1.164425431725754,-0.44553502797471695
TFEB,-0.3473275038133358,0.555562527633647,0.921443827133004,1.0300998649927577,-1.8949404396233713,-2.022005139068831,0.04865968911790947,-1.2287350453407138,0.19005510047543156,0.6443748874162051,0.08170096900343442,0.6737783726797066,0.19250736198914814,-0.29495245082052207,-0.10640860775458794,1.5561865859801352,0.3460940155431379,1.2024176917648601,-0.22395603281069895,-1.1778785545144563,0.9231802166393752,-1.0698573366222228
TFR2,0.05427388729921992,0.3978099122118,0.4894021830391547,0.09008756001457935,-0.1942391925665213,-1.32579461619045,-0.12112972856020583,-1.32579461619045,-1.32579461619045,0.8384684677789072,1.297261605103755,1.8224969589534914,-0.44160310158090643,-1.32579461619045,-0.18336336703063985,1.253713280099168,0.43037170758159754,0.7893666553188169,0.7712641603079098,0.43928171996926,-0.7404196284463023,-1.6898646147312828
TFRC,-0.14887211290463012,0.9289444658871588,0.6675912761217869,-0.11809726748001724,-0.8448753345702148,-1.53586501602843,1.5060103388239872,-0.6526857804842666,-1.53586501602843,0.4909831124696196,-0.43600083966282543,1.2223908094703788,-0.5955313849587299,0.32833406161999973,-0.8382339601702177,1.5617726478948324,-0.15891281453614095,0.24509547552828986,1.8146668416903244,-0.41294514002359545,-1.158805043223061,-0.32909931943582044
TGFA,-1.4558754192316248,0.167366950870961,1.6578283521789816,0.5438563294207999,-1.6488121258106079,-1.2366962299318047,1.3400190664300236,0.24518091397481936,-0.35933097775819894,0.6648708392757909,-0.316828505369901,-0.08308998626263657,-0.05283905383010737,-1.0076544438972832,0.1310910364439502,1.410913253496839,1.3393171910861879,0.8616472090536503,0.06720005908764126,-1.454659632756254,-0.4853272257811334,-0.3281776006900905
TNFRSF11A,0.8659999722992519,1.264753328076416,1.3710674340423115,0.9075700585270025,-0.735890097625473,-0.735890097625473,1.1732702423547678,-0.735890097625473,-0.735890097625473,1.7762399409549812,-0.735890097625473,-0.735890097625473,-0.735890097625473,-0.735890097625473,-0.735890097625473,-0.735890097625473,-1.8931154640584136,0.6027688903869015,0.605823550636595,-0.36225360059024464,0.5811074983715718,0.46566912525359294
TNFRSF11B,0.0,0.0,0.0,0.0,0.0,0.0,0.0,0.0,0.0,0.0,0.0,0.0,0.0,0.0,0.0,0.0,-0.17877004113169287,-0.6521734407971349,-0.8548384300517351,0.8460866206860109,1.591076844652383,-0.7513815533578305
TNFSF11,0.0,0.0,0.0,0.0,0.0,0.0,0.0,0.0,0.0,0.0,0.0,0.0,0.0,0.0,0.0,0.0,1.120220622195576,0.22222161280957825,1.1019620317581955,-0.2468750494231043,-1.0445042529223674,-1.1530249644178756
TNNC1,-0.4465543200968386,-0.4465543200968386,-0.4465543200968386,-0.4465543200968386,-0.4465543200968386,-0.4465543200968386,-0.4465543200968386,-0.4465543200968386,-0.4465543200968386,-0.4465543200968386,-0.4465543200968386,-0.4465543200968386,-0.4465543200968386,2.794663424753219,1.3238427764872345,1.6866999600184476,-0.94868751792771,0.7045374597208378,0.9462656872763399,-0.8304442491196808,1.06674309545889,-0.9384144754086765
TNNC2,-0.5859264377569424,-0.5859264377569424,2.737444503152418,-0.5859264377569424,0.5636558151127888,-0.5859264377569424,-0.5859264377569424,-0.5859264377569424,1.2972924406206556,-0.5859264377569424,-0.5859264377569424,-0.5859264377569424,1.0329043067106165,-0.5859264377569424,-0.5859264377569424,0.8138937497298879,-0.2890300328522363,-1.4408192937647937,0.5807514735027194,-0.6481397882268423,1.3824123582666703,0.4148252830744807
TP53,0.8323108379554516,0.7061221542525649,1.1324020391730931,1.5352821605358502,-1.1473340983517246,-0.7373110024810069,-0.04579565560237704,-1.263306801678081,-0.3804765205008622,-0.5323745667360404,0.3664226940736781,1.5627601263843536,-1.714783764672848,-0.5714845674312571,-0.3219170334339846,0.5794839985131912,0.22876644228703288,1.101430337519807,0.8398634013616301,-0.5203515891225764,0.011091754236935692,-1.66080034628283
TPCN1,-0.7115602683139218,1.146565776958432,0.8829140430263506,-0.11281129903024674,-1.010292484802115,0.21116766016676275,0.3549783727311129,-1.3997092940446079,-1.1380298314649095,0.16240520401098063,0.09973718158620705,0.019904361956777753,0.2916685335602757,-1.637099257977176,0.6764163420034611,2.1637449596326146,0.5321780885405831,0.7345518530340838,1.1423519204148789,-0.6082141434044815,-0.2368204804913651,-1.5640472380936952
TPCN2,0.8621752991928291,-1.048866310158412,1.464716605267446,0.9117680683703567,-1.048866310158412,-1.048866310158412,1.2287461909271646,-1.048866310158412,0.3754786946162084,-1.048866310158412,0.9668127427776383,-1.048866310158412,0.1755126034835234,-1.048866310158412,0.5331085319939466,0.8237454344797692,1.144476096296688,0.7912439492773902,0.7372098508727448,-0.9232884364967142,-0.612575656277874,-1.1370658036722339
TRDN,0.0,0.0,0.0,0.0,0.0,0.0,0.0,0.0,0.0,0.0,0.0,0.0,0.0,0.0,0.0,0.0,1.0343912264836819,0.4743868101705349,1.1300645954147852,-1.0484318477754901,-0.6162733040918953,-0.9741374802016172
TRHR,0.0,0.0,0.0,0.0,0.0,0.0,0.0,0.0,0.0,0.0,0.0,0.0,0.0,0.0,0.0,0.0,1.8343814194667893,-0.8536661586859,0.2743098695670277,-0.09636608703859448,-0.8536661586859,-0.30499288462342244
TRPM6,-1.114857910858811,-1.114857910858811,1.809023818087003,0.3296695260571794,0.03959044881823438,-1.114857910858811,0.563208017450469,-1.114857910858811,0.6807659484216693,-1.114857910858811,0.37022453381803055,-1.114857910858811,0.4561736791450703,0.07031417479553494,0.85334030977552,1.5168370087841536,0.8395431539317644,0.8258838271405089,0.8938734801982895,-1.5014852422870697,-0.5369371359361008,-0.5208780830473928
TRPM7,-0.9798838823730996,0.24529037188698108,1.1693584933913488,-0.036985173819712044,-1.7885714105180768,-0.2291423425493825,1.0647345616826178,0.5622607659972843,-1.185837259937304,-0.5203643909353671,0.4048547383596092,1.7626559256007073,-1.2704560788890282,0.24090484250191435,-0.47180380045598325,1.0329846400574942,0.2679789707861094,0.3035653810904344,1.7116128056823776,-0.5179684055532551,-1.082819249318927,-0.6823695026867411
TRPV1,-0.7023290605391492,-0.7023290605391492,1.1603824920899024,0.7506153738593755,-0.7023290605391492,-0.7023290605391492,-0.012064339969282457,-0.7023290605391492,0.3531936672136625,-0.7023290605391492,1.4582076680046439,2.528372475820022,-0.7023290605391492,-0.7023290605391492,-0.7023290605391492,0.08225420783402097,0.10877293165323555,1.2723119437934889,1.0573583861306175,-0.6274537170953973,-0.5754612299373448,-1.2355283145445992
TRPV2,-0.18281042511504014,0.24692024127765372,0.8135616188605068,-0.1364091539684127,-1.6146182824798088,0.6174358628093813,1.1687990685893395,-0.633677881577783,0.019712144279573966,0.7568493919189491,-1.0818071891842238,1.0792703020568706,-0.530404877467164,-1.5906545660454354,-0.7268916230498809,1.7947253690954745,0.42267322437522936,1.052525024622213,0.8989030178900417,-0.8650985618801631,-0.040858697268697175,-1.468144007738618
TRPV3,0.0,0.0,0.0,0.0,0.0,0.0,0.0,0.0,0.0,0.0,0.0,0.0,0.0,0.0,0.0,0.0,0.6332786364771308,0.0047210598385095,1.632620693778348,-0.48471152342142143,-1.1207756894286542,-0.665133177243913
TRPV4,-0.4425413523214864,-0.4425413523214864,-0.4425413523214864,-0.4425413523214864,-0.4425413523214864,-0.4425413523214864,1.4866418115655124,-0.4425413523214864,-0.4425413523214864,-0.4425413523214864,-0.4425413523214864,-0.4425413523214864,-0.4425413523214864,2.8891319641688358,1.3772638044449752,-0.4425413523214864,1.650462415121753,0.17263162975416602,0.45460806467598547,-0.30978769065336287,-0.923992007558041,-1.0439224113404992
TRPV5,0.0,0.0,0.0,0.0,0.0,0.0,0.0,0.0,0.0,0.0,0.0,0.0,0.0,0.0,0.0,0.0,0.2193712438093852,1.4960631978332355,0.6224305728159836,-1.2170745031973955,-0.23108133540955283,-0.8897091758516572
TRPV6,0.0,0.0,0.0,0.0,0.0,0.0,0.0,0.0,0.0,0.0,0.0,0.0,0.0,0.0,0.0,0.0,0.22083047559586763,1.2767273438923314,1.004898704553436,-0.784050349333232,-0.5274012315237873,-1.1910049431846161
TXNRD1,-0.7381120914322192,-0.5990306045178736,2.0803024270107238,0.6647502478195466,-1.9215630631535237,-0.43335871525952846,0.9136582556003715,-0.3039706208758478,-0.8344825152825859,0.050565226204638686,0.3123494847012776,1.4392036646376198,-1.0460113128758224,-0.3758089824655008,0.16879000952393355,0.6227185903647926,0.6634450399543299,1.2939770353372526,0.6878901810541673,-0.7695350434948368,-0.7635083459354679,-1.1122688669154428
TXNRD2,0.06650401283426642,0.8990672818407757,4.622583248861607e-05,0.4057225847265774,0.13179948726185173,1.0605577171008647,1.2612669693650753,-1.5611503173472843,-0.30618443832873077,-1.7328415289568415,-0.25139976394044966,1.6116170230447988,-1.1321067010218904,-0.9701209768058942,-0.349231780804215,0.8664542051985953,0.058352666763967435,1.2531628190790232,1.0137059818877416,-0.610708039684826,-0.33007759824069477,-1.384435829805207
TXNRD3,-0.25,-0.25,3.75,-0.25,-0.25,-0.25,-0.25,-0.25,-0.25,-0.25,-0.25,-0.25,-0.25,-0.25,-0.25,-0.25,-1.242779125539071,1.0929614528948095,1.04472792659682,0.44510864203418704,-0.47826503088451716,-0.8617538651022304
TYR,0.0,0.0,0.0,0.0,0.0,0.0,0.0,0.0,0.0,0.0,0.0,0.0,0.0,0.0,0.0,0.0,1.3048205110883904,-0.8695291254773134,0.9512967875001246,0.35247007784342516,-0.8695291254773134,-0.8695291254773134
UGT1A1,0.0,0.0,0.0,0.0,0.0,0.0,0.0,0.0,0.0,0.0,0.0,0.0,0.0,0.0,0.0,0.0,-0.40824829046386296,2.041241452319315,-0.40824829046386296,-0.40824829046386296,-0.40824829046386296,-0.40824829046386296
UGT1A10,0.0,0.0,0.0,0.0,0.0,0.0,0.0,0.0,0.0,0.0,0.0,0.0,0.0,0.0,0.0,0.0,1.3618244809919047,-1.158043520407265,0.8206136782540705,-0.6265479835271811,0.3752104209790545,-0.7730570762905842
UGT1A3,0.0,0.0,0.0,0.0,0.0,0.0,0.0,0.0,0.0,0.0,0.0,0.0,0.0,0.0,0.0,0.0,0.4570687484263799,1.6932446804592745,-0.7905685827731823,-0.7905685827731823,0.22139231943389323,-0.7905685827731823
UGT1A4,0.0,0.0,0.0,0.0,0.0,0.0,0.0,0.0,0.0,0.0,0.0,0.0,0.0,0.0,0.0,0.0,0.60893969301045,1.3807342671842673,-0.9528190491598515,-0.9528190491598515,0.6301078161422926,-0.7141436780173076
UGT1A5,0.0,0.0,0.0,0.0,0.0,0.0,0.0,0.0,0.0,0.0,0.0,0.0,0.0,0.0,0.0,0.0,1.6871927201494188,-0.7010856920670903,-0.7010856920670903,-0.7010856920670903,0.7522116098417616,-0.33614725378990973
UGT1A6,0.0,0.0,0.0,0.0,0.0,0.0,0.0,0.0,0.0,0.0,0.0,0.0,0.0,0.0,0.0,0.0,1.871270106344517,-0.7503791190028776,-0.2008471037732027,-0.7503791190028776,0.31358819911876096,-0.48325296368432097
UGT1A7,0.0,0.0,0.0,0.0,0.0,0.0,0.0,0.0,0.0,0.0,0.0,0.0,0.0,0.0,0.0,0.0,1.7557834511399528,-0.7841736414850475,-0.2518405112855531,-0.7841736414850475,0.5898177514480556,-0.5254134083323606
UGT1A8,0.0,0.0,0.0,0.0,0.0,0.0,0.0,0.0,0.0,0.0,0.0,0.0,0.0,0.0,0.0,0.0,-0.01417287553497099,-1.0547714237077206,0.5784112266458095,-0.6161168144175556,1.684863699139605,-0.5782138121251671
UGT1A9,0.0,0.0,0.0,0.0,0.0,0.0,0.0,0.0,0.0,0.0,0.0,0.0,0.0,0.0,0.0,0.0,1.75582236570389,-0.784145119223796,-0.2518732610807772,-0.784145119223796,0.5897594179891851,-0.525418284164706
UGT2A1,0.0,0.0,0.0,0.0,0.0,0.0,0.0,0.0,0.0,0.0,0.0,0.0,0.0,0.0,0.0,0.0,-0.7239773091092309,1.786564015550263,-0.3765806571078208,-0.1793419056122167,-0.9539443350108199,0.44728019128982494
UGT2A2,0.0,0.0,0.0,0.0,0.0,0.0,0.0,0.0,0.0,0.0,0.0,0.0,0.0,0.0,0.0,0.0,-0.8097558221738926,0.0871989853518609,0.16397067405840476,0.7166985646025654,-1.4544922890651346,1.2963798872261973
UGT2A3,0.0,0.0,0.0,0.0,0.0,0.0,0.0,0.0,0.0,0.0,0.0,0.0,0.0,0.0,0.0,0.0,-0.6454955502428045,-0.6454955502428045,-0.6454955502428045,-0.6454955502428045,1.2873900311396815,1.2945921698315364
UGT2B10,0.0,0.0,0.0,0.0,0.0,0.0,0.0,0.0,0.0,0.0,0.0,0.0,0.0,0.0,0.0,0.0,0.0,0.0,0.0,0.0,0.0,0.0
UGT2B11,0.0,0.0,0.0,0.0,0.0,0.0,0.0,0.0,0.0,0.0,0.0,0.0,0.0,0.0,0.0,0.0,0.3556324433726908,-0.6199158157382113,1.8463903380208937,-0.3020168180102473,-0.9312006292146886,-0.3488895184304368
UGT2B15,0.0,0.0,0.0,0.0,0.0,0.0,0.0,0.0,0.0,0.0,0.0,0.0,0.0,0.0,0.0,0.0,-0.4082482904638631,-0.4082482904638631,2.041241452319315,-0.4082482904638631,-0.4082482904638631,-0.4082482904638631
UGT2B17,-0.35168048779724664,-0.35168048779724664,-0.35168048779724664,-0.35168048779724664,-0.35168048779724664,-0.35168048779724664,-0.35168048779724664,-0.35168048779724664,-0.35168048779724664,-0.35168048779724664,0.3770841631254566,3.5893535279505695,-0.35168048779724664,-0.35168048779724664,-0.35168048779724664,0.6054086502881797,0.36737821736303444,-1.1848417358305088,1.752905147331123,-0.5454316479629144,-0.10852587244861193,-0.2814841084521227
UGT2B28,0.0,0.0,0.0,0.0,0.0,0.0,0.0,0.0,0.0,0.0,0.0,0.0,0.0,0.0,0.0,0.0,-1.2727706129991738,0.5033765891762984,1.4438913755238472,0.14148184247101958,-0.9948952698448376,0.17891607567284573
UGT2B4,0.0,0.0,0.0,0.0,0.0,0.0,0.0,0.0,0.0,0.0,0.0,0.0,0.0,0.0,0.0,0.0,-0.7588321199965415,1.2163159265267025,1.3146619891377014,-0.7588321199965415,-0.7588321199965415,-0.25448155567477865
UGT2B7,0.0,0.0,0.0,0.0,0.0,0.0,0.0,0.0,0.0,0.0,0.0,0.0,0.0,0.0,0.0,0.0,2.0412414523193148,-0.40824829046386296,-0.40824829046386296,-0.40824829046386296,-0.40824829046386296,-0.40824829046386296
UQCR10,-0.19489324355398058,0.8776481954508973,0.8989876072979399,0.49182672636191993,-1.7992093934148776,-0.44071949037353125,0.3197731301836675,-1.4356360921734201,-0.639881024194497,0.6419253515536569,-0.4046781208253973,1.9793632902400704,-0.8783211179232624,0.15350291480588732,-0.7219222036359284,1.1522334702008479,-0.08210273789083987,1.1878519640484213,0.3937147902795254,-1.5462987699438684,0.7428334187118374,-0.6959986652050784
UQCR11,-0.32534861697792716,1.358090414748284,1.1192252307566866,-0.2872656605242023,-0.8688246484678523,1.5729349458214286,0.7807240680909383,-0.2551076770951256,-0.7117247243890732,0.466453205205306,-1.2437008280842887,-2.041711107268272,0.12258260373189107,-0.10468639505145592,-0.5839019905528973,1.002261180056555,-0.18209169463466698,1.2005586307530156,0.9876484290647879,-1.4324818346611032,0.12154597124400836,-0.695179501766046
UQCRB,-0.5167061066418381,0.9191018175003408,0.33010529277623707,-0.39414838913680794,-1.7414001384891662,0.6036712589907351,0.33801967607694894,-1.441807464931715,-0.2499256215184585,1.0192376218979973,-0.8277369779268929,2.055427960569033,-0.6986963033014829,0.5367714235518759,-0.754666732781147,0.8227526833643359,-0.3472913823906894,1.0584439661184493,1.437941411558474,-1.027382880677116,-0.5026487389641902,-0.6190623756449218
UQCRC1,0.37237386370084413,0.4759634708634609,0.8659106410151617,1.20862389136927,-1.9572243229789819,-1.3097429854240712,-0.2291104607349118,-0.8080757633900039,-0.665796870496337,0.3480914967784232,-0.4589940805655211,1.488779892219656,-0.41163788814165403,0.10300613910715056,-0.6342181369286645,1.6120511136061935,0.5267313697191328,1.2004401571454786,0.26662298474509954,-0.9950643701015564,0.42840796960868316,-1.4271381111168315
UQCRC2,0.05276245091998364,0.6576983484904191,0.5958090856685591,-0.2235429814029973,-2.1231059064314333,-0.6492857431827279,0.31363710320814137,-1.4620896082037576,-0.7273254165991779,1.1438322704462447,-0.032514429515860845,1.685926895498326,-0.6283413895797185,0.22583163256332991,-0.18361035232372824,1.3543180404444033,0.4696360103257464,0.960338929201969,1.056900663340017,-1.1041069632531764,-0.15984156280598302,-1.2229270768085694
UQCRFS1,-0.8157141563473853,0.3083508278413819,0.4714991170690555,0.7446225667372942,-2.650877287507075,0.23916705446050682,0.32112758580887296,-0.5428727417872081,-0.4322748975968909,1.003652316442893,-0.11638169702264622,1.6881437747677654,-0.8464865771061182,-0.07227490761338708,-0.3412270551677049,1.0415460770206475,0.3315677737118246,1.3915069012046244,0.5402850643175381,-1.0491641522725363,0.03476766146251944,-1.2489632484239719
UQCRH,-0.3119022454688118,0.93917343349825,0.6144518980611839,-0.3368634312353165,-1.8751688534899877,0.6681899568321752,0.2381060250977404,-1.389892235518799,0.11414288699340792,0.6291294602232702,-1.433529394110256,1.7765094878893377,-0.6864756452823176,0.702089710909199,-0.5067842133506805,0.858823158951597,-0.09960888424824021,1.036660900761906,1.2516499560638457,-1.2352468879043048,-0.04753559158855093,-0.9059194930846577
UQCRHL,-1.7981105002263784,0.9913415269972965,-1.7981105002263784,0.6041991459274755,-0.8887137609047575,1.365542675467216,0.5308248850780233,-0.6357771997558245,0.07285520006871686,-0.05875796785761515,-0.6282624758498623,0.7320758548532657,0.2062843384060749,0.2619606305756464,-0.5396030251990752,1.582251172646178,-0.507652176836432,0.8471837449494575,0.9763450403305911,-0.5290598977233469,0.7205653176580291,-1.5073820283782893
UQCRQ,-0.41899366899399704,0.9637630636497078,0.6701118695185483,-0.2934919546629176,-1.8554742910671282,0.33551237795089023,0.20657806181370034,-1.0124224991402895,-0.5608709887412457,0.5286334273180351,-1.002669063676601,1.894951126806043,-0.2871169889418875,0.5271881251549951,-1.100947989160423,1.405249392172578,-0.13079560296889067,1.161862513535051,1.0997665222774176,-1.4257887780741147,-0.08600405027012482,-0.6190406044993405
VDAC1,-0.31662708081907737,0.030227137695507625,0.7901906535620883,0.762089458693328,-1.3501315998939019,-0.05236710716646516,0.8829073927187959,-0.3592420442417829,-2.1750843578964494,0.7302392147389087,0.054286330279944624,1.4581635114704417,-1.319830069254889,-0.42188936005441685,0.004068960083899121,1.28299896008405,0.6824168765585489,0.9635026986146848,0.9987515016609678,-1.0161497687403436,-0.4608034315211101,-1.1677178765727496
VDAC2,-0.5116868546390948,0.6338005926917653,1.1356922971949093,0.6378175039056608,-1.7641688772709467,-0.7830084338540036,0.5816367505812338,-0.5300769835486387,-1.4626678132656403,0.029876957843194194,0.02273887317096898,1.953614250115278,-0.7123662552941881,-0.18060096752081847,-0.3459743935614377,1.2953733534517462,0.28629411088056345,1.2412092799483214,0.9032911133709005,-1.0007584221145729,-0.1966159999179638,-1.2334200821672419
VDAC3,-0.43662079892017314,0.7363301098981728,1.176575870137245,0.9434755401470065,-1.849099554642084,-0.032796179576751995,0.6266689194612951,-1.410293080513556,0.17914276464615295,-1.3384368131385667,0.27261067729027877,1.249987841250195,-1.014181773683462,-0.025022276854141615,-0.33811007052176884,1.2597688250201529,0.1331163794826605,0.8738571206514978,1.1592494380059182,-1.2609126623759952,0.20882064128184244,-1.1141309170459213
VDR,-1.9193739802898588,0.4238996195896944,2.05349452199325,1.459082374928661,-0.5937942890608376,-0.49962503222781,-0.19408180055280497,0.09981995408279551,-1.0409057195066433,-0.0709975215602489,-1.017474046548454,0.769406360610331,-0.604250249956166,-0.24766625656702201,0.8376482138943794,0.5448178511707383,1.1433257367626593,1.1384678232294805,-0.19283205889403332,-1.160388288263641,0.07510563808284104,-1.0036788509173065
VEGFA,-1.1231994490541717,1.3266444857022388,0.497563549106185,0.1410212910450966,-1.1231994490541717,-1.1231994490541717,0.34540938149301914,-1.1231994490541717,0.4482936678685313,1.8404120614866843,0.756704060884253,-1.1231994490541717,-1.1231994490541717,-0.08596118484384745,0.5993272039976287,0.8697821775852437,0.6282271022327051,0.8526913025391281,1.184016695702786,-0.7227166354161471,-0.7868172131995915,-1.1554012518588823
VEGFB,-0.24838173890135648,0.5537303388909448,1.7399147325306572,1.4244705937037498,-1.0802685208455318,-0.3252130396371535,0.7652265313218634,-0.13289177925403556,-2.049616244259455,0.3940870072123911,-1.2261589246279876,0.21180769221915868,-0.8471318673844126,0.2641897891067203,-0.37480146463969727,0.9310368945641453,-0.3041543618818296,1.353428820953822,0.6115514641601956,-0.8206387994062169,0.4951441440495067,-1.335331267875477
VEGFC,3.750000000000001,-0.25000000000000006,-0.25000000000000006,-0.25000000000000006,-0.25000000000000006,-0.25000000000000006,-0.25000000000000006,-0.25000000000000006,-0.25000000000000006,-0.25000000000000006,-0.25000000000000006,-0.25000000000000006,-0.25000000000000006,-0.25000000000000006,-0.25000000000000006,-0.25000000000000006,-0.6100599893391884,1.8092323062265732,-0.8653059061294549,-0.6042419422498573,0.4546335135204302,-0.18425798202850407
VEGFD,0.0,0.0,0.0,0.0,0.0,0.0,0.0,0.0,0.0,0.0,0.0,0.0,0.0,0.0,0.0,0.0,1.8075175017205756,-0.6319947163532953,-0.07750564286277359,-1.136961476962905,-0.11094313882971427,0.14988747328811172
XIAP,-1.0265833330645975,1.263706870924806,0.4271036986106222,-1.9269127112351279,-1.5172883974954534,0.2765678330181023,1.6467054690024883,-0.38450767963318405,-0.1051553319239462,1.1495848288703052,-0.3759948823784355,0.12697040324903744,-0.5822037484059316,0.563290877743862,-0.46092674965892116,0.9256428523763756,0.8320913403415543,0.5185649351631886,1.3013763366184379,-0.8635605271456195,-0.8878698654036914,-0.9006022195738689
XPR1,0.9574545705653246,-0.8525546427352131,1.5193184696342277,0.05043519683587733,-0.29081966634819045,-2.082353156833071,0.5826013896961171,-1.0504250162229982,-1.3484444575158638,1.282391657228763,0.4772621114456125,0.16396508917889466,-0.611653944459592,0.09582247332593427,0.06953211313128782,1.037467813072891,0.845752877900426,0.4036858855827751,1.3588294322947707,-0.7981437612155023,-0.9076748181489448,-0.9024496164135256
